Away,Avg..1,0.1,1.1,2.1,3.1,4+.1,CV_Goals_HT (%),Classificação CV
A. Tucuman,0.43,4,3,-,-,-,60.61%,alto
Aldosivi,0.50,3,3,-,-,-,47.14%,moderado
Argentinos Jrs,0.17,5,1,-,-,-,86.60%,alto
Barracas C.,0.50,3,3,-,-,-,86.60%,alto
Belgrano,0.67,3,2,1,-,-,94.28%,alto
Boca Juniors,0.50,4,1,1,-,-,50.00%,moderado
Central Cordoba,0.33,4,2,-,-,-,94.28%,alto
D. Riestra,0.00,7,-,-,-,-,20.20%,bom
Defensa y J.,0.88,5,1,1,-,1,78.06%,alto
Estudiantes,0.25,6,2,-,-,-,70.71%,alto
Gimnasia,0.57,3,4,-,-,-,60.61%,alto
Godoy Cruz,1.00,3,3,-,-,1,65.47%,alto
Huracan,0.57,3,4,-,-,-,60.61%,alto
I. Rivadavia,0.29,5,2,-,-,-,98.97%,alto
Independiente,0.33,4,2,-,-,-,50.00%,moderado
Instituto,0.38,5,3,-,-,-,106.07%,alto
Lanus,0.29,6,-,1,-,-,101.02%,alto
Newells,1.00,1,5,1,-,-,49.49%,moderado
Platense,0.14,6,1,-,-,-,65.47%,alto
Racing Club,0.50,4,4,-,-,-,57.28%,alto
River Plate,0.29,5,2,-,-,-,60.61%,alto
Rosario Central,0.25,6,2,-,-,-,78.06%,alto
San Lorenzo,0.14,6,1,-,-,-,101.02%,alto
Sarmiento,1.43,2,2,2,-,1,101.02%,alto
SM San Juan,0.17,5,1,-,-,-,94.28%,alto
T. de Cordoba,0.00,7,-,-,-,-,101.02%,alto
Tigre,0.57,3,4,-,-,-,65.47%,alto
Velez Sarsfield,0.86,3,2,2,-,-,60.61%,alto
A. Quilmes,0.83,2,3,1,-,-,0.00%,baixo
Acassuso,0.80,2,2,1,-,-,28.28%,bom
Argentino Merlo,0.17,5,1,-,-,-,94.28%,alto
Brown de A.,0.33,4,2,-,-,-,0.00%,baixo
Comunicaciones,0.40,3,2,-,-,-,34.64%,bom
D. Armenio,0.20,4,1,-,-,-,84.85%,alto
Deportivo Merlo,0.67,3,2,1,-,-,86.60%,alto
Dock Sud,0.50,3,3,-,-,-,0.00%,baixo
Excursionistas,0.67,3,2,1,-,-,94.28%,alto
Fenix,1.00,2,1,2,-,-,28.28%,bom
Flandria,1.00,3,1,1,1,-,94.28%,alto
Liniers,0.80,2,2,1,-,-,69.28%,alto
Midland,0.33,4,2,-,-,-,47.14%,moderado
Real Pilar,0.33,5,-,1,-,-,47.14%,moderado
Sacachispas,0.17,5,1,-,-,-,94.28%,alto
SM Burzaco,0.60,3,1,1,-,-,28.28%,bom
V. San Carlos,1.00,3,1,1,1,-,94.28%,alto
Villa Dalmine,0.17,5,1,-,-,-,50.00%,moderado
Alashkert,0.85,5,5,3,-,-,81.04%,alto
Ararat Yerevan,0.82,5,3,3,-,-,103.25%,alto
Ararat-Armenia,0.67,6,4,2,-,-,47.14%,moderado
BKMA,1.17,2,7,2,1,-,91.29%,alto
Gandzasar,1.00,6,4,1,1,1,54.39%,moderado
Noah,0.17,10,2,-,-,-,47.14%,moderado
Pyunik,0.33,8,4,-,-,-,43.30%,moderado
Shirak,0.69,8,2,2,1,-,76.15%,alto
Urartu,0.33,8,4,-,-,-,23.57%,bom
Van,0.45,7,3,1,-,-,62.98%,alto
West Armenia,1.33,3,5,2,1,1,70.71%,alto
Adelaide Utd,1.00,4,3,4,-,-,83.32%,alto
Auckland,0.50,7,4,1,-,-,81.65%,alto
Brisbane Roar,0.92,3,7,2,-,-,72.01%,alto
Central Coast,0.85,4,7,2,-,-,96.08%,alto
Macarthur FC,0.85,5,6,1,1,-,63.43%,alto
Melbourne City,0.62,9,1,2,1,-,26.65%,bom
Melbourne V.,0.67,6,4,2,-,-,90.27%,alto
Newcastle Jets,0.75,5,5,2,-,-,112.22%,alto
Perth Glory,1.18,4,4,2,-,1,38.57%,bom
Sydney FC,0.36,8,2,1,-,-,64.28%,alto
Wellington,1.08,4,4,3,1,-,66.14%,alto
Western United,0.92,4,6,3,-,-,84.27%,alto
WS Wanderers,0.64,5,5,1,-,-,127.27%,alto
A. Klagenfurt,1.45,3,3,3,1,1,64.28%,alto
Altach,0.55,5,6,-,-,-,103.25%,alto
Austria Wien,0.45,6,5,-,-,-,12.86%,baixo
BW Linz,0.55,7,2,2,-,-,62.98%,alto
Grazer AK,1.00,4,4,2,1,-,64.28%,alto
Hartberg,0.45,7,3,1,-,-,12.86%,baixo
LASK Linz,0.55,5,6,-,-,-,12.86%,baixo
Rapid Wien,0.55,6,4,1,-,-,38.57%,bom
Salzburg,0.55,8,-,3,-,-,85.92%,alto
Sturm Graz,0.36,8,2,1,-,-,68.63%,alto
Tirol,0.45,6,5,-,-,-,62.98%,alto
Wolfsberger AC,0.82,5,4,1,1,-,62.98%,alto
A. Lustenau,0.33,9,2,1,-,-,70.71%,alto
Admira Wacker,0.33,9,2,1,-,-,75.00%,alto
Amstetten,0.58,7,3,2,-,-,47.14%,moderado
Bregenz,1.00,3,7,1,1,-,0.00%,baixo
First Vienna,0.82,4,5,2,-,-,74.97%,alto
Floridsdorfer,0.92,4,6,3,-,-,93.26%,alto
Kapfenberger,0.62,6,6,1,-,-,35.25%,bom
Lafnitz,1.08,5,4,2,-,1,47.14%,moderado
Liefering,0.50,8,3,-,1,-,81.65%,alto
Rapid Wien B,1.00,4,5,2,1,-,90.27%,alto
Ried,0.38,10,1,2,-,-,32.64%,bom
St. Polten,0.46,8,4,1,-,-,10.88%,baixo
Stripfing,1.08,3,6,2,1,-,23.57%,bom
Sturm Graz B,0.75,5,6,-,1,-,66.14%,alto
SV Horn,1.18,4,3,3,-,1,115.71%,alto
Voitsberg,0.67,7,3,1,1,-,43.30%,moderado
Anderlecht,0.53,8,6,1,-,-,91.65%,alto
Antwerp,0.40,9,6,-,-,-,28.28%,bom
Beerschot,0.93,5,7,2,1,-,66.00%,alto
Cercle Brugge,0.93,4,8,3,-,-,80.00%,alto
Charleroi,0.60,9,4,1,1,-,100.66%,alto
Club Brugge,0.33,11,3,1,-,-,50.48%,moderado
Dender,1.00,6,4,4,1,-,73.43%,alto
Gent,0.33,12,2,-,1,-,105.83%,alto
Kortrijk,0.87,5,7,3,-,-,28.28%,bom
KRC Genk,0.80,8,2,5,-,-,59.13%,alto
KV Mechelen,0.67,8,4,3,-,-,66.00%,alto
OH Leuven,0.80,5,8,2,-,-,105.83%,alto
Royale Union SG,0.33,12,2,-,1,-,72.11%,alto
Sint-Truiden,1.13,4,7,2,2,-,47.14%,moderado
Standard Liege,0.67,8,4,3,-,-,66.00%,alto
Westerlo,0.80,7,5,2,1,-,52.92%,moderado
Anderlecht B,0.75,3,4,1,-,-,35.36%,bom
Beveren,0.86,2,4,1,-,-,60.61%,alto
Club Brugge B,0.75,2,6,-,-,-,70.71%,alto
Deinze,1.14,3,1,2,1,-,98.97%,alto
Eupen,0.75,3,4,1,-,-,43.30%,moderado
Francs Borains,1.00,4,1,2,1,-,70.71%,alto
KRC Genk B,0.71,4,2,-,1,-,20.20%,bom
La Louviere,0.63,3,5,-,-,-,57.28%,alto
Lierse K.,0.86,3,2,2,-,-,20.20%,bom
Lokeren-Temse,0.75,4,3,-,1,-,35.36%,bom
Lommel SK,0.75,3,4,1,-,-,70.71%,alto
Patro Eisden,0.43,4,3,-,-,-,49.49%,moderado
RFC Liege,0.57,4,2,1,-,-,20.20%,bom
RWDM,0.57,3,4,-,-,-,101.02%,alto
Seraing,0.71,4,1,2,-,-,60.61%,alto
Zulte-Waregem,1.00,1,5,1,-,-,98.97%,alto
Bahia,0.50,1,1,-,-,-,0.00%,baixo
Bragantino,0.50,1,1,-,-,-,0.00%,baixo
Ceara,1.00,-,2,-,-,-,0.00%,baixo
Flamengo,0.00,3,-,-,-,-,47.14%,moderado
Fortaleza,0.50,1,1,-,-,-,0.00%,baixo
Internacional,0.33,2,1,-,-,-,47.14%,moderado
Palmeiras,0.33,2,1,-,-,-,47.14%,moderado
Santos,0.67,2,-,1,-,-,47.14%,moderado
Sao Paulo,0.50,1,1,-,-,-,0.00%,baixo
Sport Recife,0.67,2,-,1,-,-,47.14%,moderado
Amazonas,1.00,-,2,-,-,-,0.00%,baixo
Athletic Club,1.33,1,1,-,1,-,47.14%,moderado
Chapecoense,0.50,1,1,-,-,-,0.00%,baixo
Novorizontino,0.50,1,1,-,-,-,0.00%,baixo
Operario PR,1.00,-,2,-,-,-,0.00%,baixo
Vila Nova,0.50,1,1,-,-,-,0.00%,baixo
Arda,0.60,7,7,1,-,-,69.28%,alto
Beroe,0.47,8,7,-,-,-,91.65%,alto
Botev Plovdiv,0.27,12,2,1,-,-,84.85%,alto
Botev Vratsa,1.00,2,11,2,-,-,84.85%,alto
Cherno More,0.47,11,2,1,1,-,69.28%,alto
CSKA 1948 Sofia,0.60,8,5,2,-,-,69.28%,alto
CSKA Sofia,0.40,10,4,1,-,-,87.18%,alto
Hebar,1.29,3,6,3,2,-,80.81%,alto
L. Krumovgrad,0.67,7,7,-,1,-,121.66%,alto
Levski Sofia,0.36,10,3,1,-,-,71.90%,alto
Lok. Plovdiv,0.60,9,4,1,1,-,138.56%,alto
Lokomotiv Sofia,0.93,7,4,2,2,-,95.84%,alto
Ludogorets,0.40,9,6,-,-,-,82.55%,alto
Septemvri Sofia,0.93,4,8,3,-,-,91.65%,alto
Slavia Sofia,0.53,8,6,1,-,-,80.00%,alto
Spartak Varna,0.80,6,6,3,-,-,91.65%,alto
HFX Wanderers,0.50,1,1,-,-,-,0.00%,baixo
Valour,1.00,1,-,1,-,-,0.00%,baixo
York Utd,0.00,2,-,-,-,-,0.00%,baixo
Beijing Guoan,0.75,2,1,1,-,-,43.30%,moderado
Changchun Yatai,0.60,2,3,-,-,-,34.64%,bom
Chengdu,0.50,2,2,-,-,-,43.30%,moderado
Dalian Yingbo,0.60,2,3,-,-,-,28.28%,bom
Henan SL,0.25,3,1,-,-,-,70.71%,alto
Meizhou Hakka,1.33,1,-,2,-,-,47.14%,moderado
Qingdao Hainiu,0.75,2,1,1,-,-,43.30%,moderado
Qingdao West C.,1.50,-,1,1,-,-,0.00%,baixo
Shanghai Port,1.50,1,-,-,1,-,0.00%,baixo
Tianjin T.,0.67,1,2,-,-,-,47.14%,moderado
Wuhan Three T.,0.60,2,3,-,-,-,28.28%,bom
Yunnan Yukun,1.00,2,2,-,1,-,69.28%,alto
Zhejiang,0.40,3,2,-,-,-,69.28%,alto
Foshan Nanshi,1.50,-,1,1,-,-,0.00%,baixo
Guangdong GZP,0.00,2,-,-,-,-,0.00%,baixo
Liaoning Tieren,0.33,2,1,-,-,-,47.14%,moderado
Qingdao RL,0.50,1,1,-,-,-,0.00%,baixo
S. Gongfu,0.00,3,-,-,-,-,47.14%,moderado
Suzhou Dongwu,0.00,2,-,-,-,-,0.00%,baixo
Yanbian Longdin,1.25,1,1,2,-,-,70.71%,alto
A. Bucaramanga,0.38,5,3,-,-,-,35.36%,bom
A. Nacional,0.88,3,3,2,-,-,100.00%,alto
A. Petrolera,0.63,4,3,1,-,-,70.71%,alto
America de Cali,0.43,4,3,-,-,-,60.61%,alto
D. Pereira,0.86,2,4,1,-,-,60.61%,alto
Deportes Tolima,1.00,3,3,-,-,1,65.47%,alto
Deportivo Cali,0.43,4,3,-,-,-,60.61%,alto
Deportivo Pasto,0.57,3,4,-,-,-,60.61%,alto
Envigado,0.63,4,3,1,-,-,35.36%,bom
Fortaleza CEIF,0.86,2,4,1,-,-,60.61%,alto
I. Medelin,0.14,6,1,-,-,-,20.20%,bom
Junior,0.57,5,1,-,1,-,20.20%,bom
La Equidad,0.86,2,4,1,-,-,101.02%,alto
Llaneros,0.75,2,6,-,-,-,78.06%,alto
Millonarios,0.75,4,2,2,-,-,43.30%,moderado
R. Aguilas,0.50,3,3,-,-,-,94.28%,alto
Santa Fe,0.29,5,2,-,-,-,98.97%,alto
Union Magdalena,0.43,5,1,1,-,-,20.20%,bom
Atletico Cali,1.67,3,-,-,2,1,50.00%,moderado
Atletico Huila,0.40,3,2,-,-,-,28.28%,bom
Barranquilla,1.50,1,1,4,-,-,86.60%,alto
Boca Juniors,0.50,3,3,-,-,-,47.14%,moderado
Bogota,1.00,1,4,1,-,-,94.28%,alto
Cucuta,0.60,3,1,1,-,-,34.64%,bom
D. Quindio,0.40,4,-,1,-,-,28.28%,bom
Inter Palmira,0.67,2,4,-,-,-,47.14%,moderado
Jaguares de C.,0.50,3,3,-,-,-,86.60%,alto
Leones,0.71,3,3,1,-,-,65.47%,alto
Orsomarso,0.60,2,3,-,-,-,28.28%,bom
Patriotas,0.17,5,1,-,-,-,0.00%,baixo
R. Cundinamarca,0.83,3,2,-,1,-,50.00%,moderado
Real Cartagena,0.67,3,2,1,-,-,50.00%,moderado
Real Santander,0.80,2,2,1,-,-,84.85%,alto
Tigres,0.60,2,3,-,-,-,84.85%,alto
Alajuelense,0.55,7,2,2,-,-,31.49%,bom
Cartagines,1.09,4,4,2,-,1,38.57%,bom
Guanacasteca,0.82,5,4,1,1,-,64.28%,alto
Herediano,0.45,7,3,1,-,-,103.25%,alto
M. Liberia,0.45,7,3,1,-,-,68.63%,alto
Puntarenas,1.18,1,8,1,1,-,38.57%,bom
San Carlos,0.55,6,4,1,-,-,45.76%,moderado
Santa Ana,0.91,4,5,1,1,-,125.97%,alto
Santos Guapiles,1.18,3,3,5,-,-,62.98%,alto
Saprissa,0.27,9,1,1,-,-,38.57%,bom
Sporting SJ,0.18,9,2,-,-,-,38.57%,bom
Zeledon,0.73,4,6,1,-,-,64.28%,alto
Alajuelense,0.33,6,3,-,-,-,78.57%,alto
Cartagines,0.11,8,1,-,-,-,47.14%,moderado
Guanacasteca,1.00,3,3,3,-,-,66.67%,alto
Herediano,0.67,3,6,-,-,-,47.14%,moderado
M. Liberia,0.44,5,4,-,-,-,88.19%,alto
Puntarenas,0.20,8,2,-,-,-,75.50%,alto
San Carlos,0.50,5,5,-,-,-,75.50%,alto
Santa Ana,1.40,3,3,2,1,1,75.50%,alto
Santos Guapiles,1.00,4,2,2,1,-,78.57%,alto
Saprissa,0.78,4,3,2,-,-,66.67%,alto
Sporting SJ,0.56,5,3,1,-,-,66.67%,alto
Zeledon,0.70,6,1,3,-,-,84.85%,alto
Bijelo Brdo,0.64,10,1,2,-,1,86.60%,alto
C. Zmijavci,0.71,6,6,2,-,-,121.22%,alto
Cibalia,0.31,9,4,-,-,-,81.04%,alto
Dubrava Zagreb,0.62,7,4,2,-,-,10.88%,baixo
Dugopolje,1.14,2,9,2,1,-,80.81%,alto
Jarun,0.14,12,2,-,-,-,53.93%,moderado
Opatija,0.31,10,2,1,-,-,96.08%,alto
Orijent,0.38,9,3,1,-,-,74.18%,alto
Rudes,0.64,6,7,1,-,-,101.27%,alto
Sesvete,0.23,11,1,1,-,-,96.08%,alto
Vukovar,0.08,12,1,-,-,-,32.64%,bom
Zrinski J.,0.77,5,7,-,1,-,133.23%,alto
Banik Ostrava,0.53,7,8,-,-,-,52.92%,moderado
Bohemians,0.60,9,3,3,-,-,80.00%,alto
C. Budejovice,1.40,3,7,3,-,2,84.85%,alto
Dukla Praha,0.87,6,6,2,1,-,103.71%,alto
Hradec Kralove,0.20,12,3,-,-,-,95.84%,alto
Jablonec,0.33,12,2,-,1,-,72.11%,alto
Karvina,1.07,4,7,3,1,-,72.11%,alto
Mlada Boleslav,0.87,5,7,3,-,-,72.11%,alto
Pardubice,0.87,5,7,3,-,-,80.00%,alto
Sigma Olomouc,0.40,9,6,-,-,-,72.11%,alto
Slavia Prague,0.13,13,2,-,-,-,66.67%,alto
Slovacko,1.07,5,5,4,1,-,105.83%,alto
Slovan Liberec,0.47,9,5,1,-,-,111.82%,alto
Sparta Prague,0.60,8,5,2,-,-,40.00%,bom
Teplice,0.53,8,6,1,-,-,66.00%,alto
Viktoria Plzen,0.47,11,2,1,1,-,34.64%,bom
Banik Ostrava B,0.69,8,3,1,-,1,74.18%,alto
Chrudim,0.50,7,4,1,-,-,50.00%,moderado
Jihlava,0.92,4,6,1,1,-,23.57%,bom
Lisen,0.55,6,4,1,-,-,103.25%,alto
Opava,0.75,7,2,2,1,-,94.28%,alto
Prostejov,1.00,3,6,3,-,-,90.14%,alto
Sigma Olomouc B,1.00,4,4,4,-,-,117.85%,alto
Slavia Prague B,0.75,4,7,1,-,-,43.30%,moderado
Sparta Prague B,1.08,4,3,5,-,-,0.00%,baixo
Taborsko,0.82,6,2,2,1,-,56.77%,alto
Varnsdorf,0.58,6,5,1,-,-,108.97%,alto
Vikto Zizkov,0.67,4,8,-,-,-,81.65%,alto
Vlasim,0.83,2,10,-,-,-,47.14%,moderado
Vyskov,0.25,9,3,-,-,-,108.97%,alto
Zbrojovka Brno,0.62,6,6,1,-,-,88.38%,alto
Zlin,0.08,11,1,-,-,-,23.57%,bom
Aalborg BK,1.15,3,7,2,-,1,96.08%,alto
AGF Aarhus,0.69,5,7,1,-,-,98.51%,alto
Brondby IF,0.85,7,3,2,-,1,58.08%,alto
FC Kobenhavn,0.54,10,-,2,1,-,53.29%,moderado
FC Midtjylland,0.85,4,7,2,-,-,53.29%,moderado
Lyngby,0.86,4,8,2,-,-,40.41%,moderado
Nordsjaelland,0.92,5,5,2,1,-,58.08%,alto
Randers FC,0.77,7,4,-,2,-,70.50%,alto
Silkeborg,0.64,6,7,1,-,-,65.47%,alto
SonderjyskE,0.86,5,6,3,-,-,49.49%,moderado
Vejle BK,1.00,4,7,-,2,-,81.04%,alto
Viborg,0.92,6,3,3,1,-,58.08%,alto
AC Horsens,0.85,5,6,1,1,-,58.08%,alto
B 93,0.86,5,6,3,-,-,53.93%,moderado
Esbjerg,0.92,6,4,2,-,1,52.55%,moderado
Fredericia,0.46,9,2,2,-,-,81.04%,alto
HB Koge,0.85,5,5,3,-,-,66.62%,alto
Hillerod,0.29,10,4,-,-,-,61.86%,alto
Hobro,0.75,5,6,-,1,-,47.14%,moderado
Hvidovre,0.38,9,3,1,-,-,113.84%,alto
Kolding IF,0.31,10,2,1,-,-,81.04%,alto
Odense BK,0.36,9,5,-,-,-,36.89%,bom
Roskilde,0.64,8,4,1,1,-,40.41%,moderado
Vendsyssel,1.08,6,2,3,2,-,66.62%,alto
Aarhus Fremad,0.45,8,1,2,-,-,12.86%,baixo
AB Copenhagen,0.64,5,5,1,-,-,41.66%,moderado
BK Frem,0.55,5,6,-,-,-,78.73%,alto
Fremad Amager,0.73,4,6,1,-,-,103.25%,alto
Hellerup IK,0.55,6,4,1,-,-,115.71%,alto
Helsingor,0.45,8,1,2,-,-,103.25%,alto
Ishoj,0.82,4,6,-,1,-,68.63%,alto
Middelfart,0.18,9,2,-,-,-,62.10%,alto
Naestved,0.18,9,2,-,-,-,56.77%,alto
Nykobing,0.91,3,6,2,-,-,125.97%,alto
Skive,0.73,7,1,2,1,-,68.63%,alto
Thisted,0.64,5,5,1,-,-,38.57%,bom
Aucas,0.80,2,2,1,-,-,84.85%,alto
Barcelona SC,0.75,2,1,1,-,-,43.30%,moderado
Cuniburo,0.60,3,1,1,-,-,34.64%,bom
D. Cuenca,0.80,3,-,2,-,-,28.28%,bom
Delfin,1.20,-,4,1,-,-,84.85%,alto
El Nacional,0.25,3,1,-,-,-,70.71%,alto
Emelec,0.50,3,-,1,-,-,70.71%,alto
I. del Valle,0.75,1,3,-,-,-,43.30%,moderado
LDU Quito,0.75,1,3,-,-,-,70.71%,alto
Libertad,0.75,1,3,-,-,-,70.71%,alto
Macara,0.40,3,2,-,-,-,28.28%,bom
Mushuc Runa,0.75,1,3,-,-,-,0.00%,baixo
Orense,0.60,2,3,-,-,-,84.85%,alto
Tecnico U.,1.00,2,2,-,1,-,28.28%,bom
U. Catolica,0.75,2,1,1,-,-,43.30%,moderado
22 de Julio,1.00,2,-,-,1,-,47.14%,moderado
Chacaritas,1.00,1,1,1,-,-,47.14%,moderado
Cumbaya,0.00,2,-,-,-,-,0.00%,baixo
Guayaquil City,0.50,1,1,-,-,-,0.00%,baixo
I. Juniors,1.00,-,2,-,-,-,0.00%,baixo
Imbabura,0.33,2,1,-,-,-,47.14%,moderado
Leones Norte,0.67,1,2,-,-,-,0.00%,baixo
San Antonio,0.00,2,-,-,-,-,0.00%,baixo
Vargas Torres,0.50,1,1,-,-,-,0.00%,baixo
Arsenal,0.47,10,6,1,-,-,111.22%,alto
Aston Villa,0.63,7,8,1,-,-,96.22%,alto
Bournemouth,0.71,7,9,-,1,-,94.85%,alto
Brentford,0.69,9,4,2,1,-,70.99%,alto
Brighton,0.88,8,6,1,1,1,88.82%,alto
Chelsea,0.71,8,6,3,-,-,84.56%,alto
Crystal Palace,0.63,10,4,1,-,1,92.49%,alto
Everton,0.50,10,4,2,-,-,65.85%,alto
Fulham,0.63,7,8,1,-,-,35.36%,bom
Ipswich Town,0.88,9,2,3,2,-,28.64%,bom
Leicester City,1.31,4,5,5,2,-,53.03%,moderado
Liverpool,0.71,9,5,2,1,-,67.58%,alto
Manchester City,0.41,10,7,-,-,-,88.82%,alto
Manchester Utd,0.50,9,6,1,-,-,109.86%,alto
Newcastle Utd,0.88,6,8,2,1,-,77.74%,alto
Nottm Forest,0.94,7,5,3,-,1,86.60%,alto
Southampton,1.12,5,8,1,3,-,74.87%,alto
Tottenham,0.75,8,5,2,1,-,73.60%,alto
West Ham Utd,0.63,7,8,1,-,-,70.71%,alto
Wolverhampton,1.00,6,7,3,-,1,88.82%,alto
Blackburn,0.52,12,7,2,-,-,60.61%,alto
Bristol City,0.52,12,7,2,-,-,113.39%,alto
Burnley,0.27,16,6,-,-,-,87.20%,alto
Cardiff City,1.00,5,12,5,-,-,75.10%,alto
Coventry City,0.52,13,5,3,-,-,79.54%,alto
Derby County,0.62,10,9,2,-,-,124.54%,alto
Hull City,0.41,16,3,3,-,-,115.98%,alto
Leeds Utd,0.55,12,8,2,-,-,95.63%,alto
Luton Town,0.86,9,7,6,-,-,83.32%,alto
Middlesbrough,0.52,10,11,-,-,-,89.85%,alto
Millwall,0.68,11,7,4,-,-,51.43%,moderado
Norwich City,0.95,8,6,7,-,-,103.02%,alto
Oxford Utd,0.57,12,6,3,-,-,33.67%,bom
Plymouth,1.00,9,8,2,2,1,77.14%,alto
Portsmouth,1.09,8,9,1,3,1,95.63%,alto
Preston,0.71,12,4,4,1,-,85.71%,alto
QP Rangers,0.64,13,5,3,1,-,126.70%,alto
Sheffield Utd,0.38,14,6,1,-,-,62.27%,alto
Sheffield Wed,0.77,10,9,1,2,-,114.36%,alto
Stoke City,0.57,11,8,2,-,-,47.14%,moderado
Sunderland,0.32,17,3,2,-,-,0.00%,baixo
Swansea City,0.57,10,10,1,-,-,111.57%,alto
Watford,0.81,8,9,4,-,-,93.68%,alto
West Brom,0.59,10,11,1,-,-,64.44%,alto
Barnsley,0.41,14,7,1,-,-,95.63%,alto
Birmingham City,0.53,10,8,1,-,-,50.76%,moderado
Blackpool,0.64,12,7,2,1,-,67.22%,alto
Bolton,0.62,11,7,3,-,-,79.54%,alto
Bristol Rovers,0.82,10,7,4,1,-,102.85%,alto
Burton Albion,0.50,13,7,2,-,-,64.28%,alto
Cambridge Utd,0.86,9,10,1,1,1,88.72%,alto
Charlton,0.48,14,5,1,1,-,103.02%,alto
Crawley Town,1.09,8,7,5,1,1,96.74%,alto
Exeter City,0.52,12,7,2,-,-,85.71%,alto
Huddersfield,0.81,9,7,5,-,-,101.24%,alto
Leyton Orient,0.29,16,4,1,-,-,76.78%,alto
Lincoln City,0.50,14,5,3,-,-,83.32%,alto
Mansfield,0.82,9,9,3,1,-,80.63%,alto
Northampton,0.59,14,3,5,-,-,99.03%,alto
Peterborough,0.75,8,9,3,-,-,86.41%,alto
Reading,0.76,12,5,2,1,1,65.47%,alto
Rotherham,0.52,12,8,-,1,-,93.68%,alto
Shrewsbury,0.71,9,9,3,-,-,113.39%,alto
Stevenage,0.33,14,7,-,-,-,136.28%,alto
Stockport,0.59,11,9,2,-,-,55.11%,alto
Wigan Athletic,0.43,14,5,2,-,-,100.00%,alto
Wrexham,0.43,13,7,1,-,-,62.27%,alto
Wycombe,0.55,12,8,2,-,-,80.63%,alto
AFC Fylde,0.67,9,10,2,-,-,111.57%,alto
Aldershot Town,1.00,10,6,3,2,1,61.49%,alto
Altrincham,0.86,10,6,4,-,1,101.24%,alto
Barnet,0.48,14,4,3,-,-,65.47%,alto
Boston Utd,0.71,10,7,4,-,-,65.47%,alto
Braintree Town,1.09,6,9,6,1,-,34.32%,bom
Dagenham & R.,0.57,12,6,3,-,-,47.14%,moderado
Eastleigh,0.59,13,5,4,-,-,129.84%,alto
Ebbsfleet Utd,1.18,6,9,5,1,1,140.44%,alto
Forest Green,0.50,13,7,2,-,-,99.03%,alto
Gateshead FC,0.57,12,6,3,-,-,24.74%,bom
Halifax Town,0.23,17,5,-,-,-,56.77%,alto
Hartlepool,0.59,12,7,3,-,-,64.44%,alto
Maidenhead Utd,0.90,9,9,1,-,2,85.71%,alto
Oldham,0.43,13,7,1,-,-,6.73%,baixo
Rochdale,0.33,16,3,2,-,-,51.51%,moderado
Solihull Moors,0.64,11,9,1,1,-,96.74%,alto
Southend Utd,0.48,14,4,3,-,-,65.47%,alto
Sutton Utd,0.68,10,9,3,-,-,51.63%,moderado
Tamworth,0.76,10,8,1,2,-,136.80%,alto
Wealdstone,0.68,9,11,2,-,-,96.74%,alto
Woking,0.77,8,12,1,1,-,51.43%,moderado
Yeovil Town,0.62,13,4,3,1,-,75.59%,alto
York City,0.41,15,6,-,1,-,75.10%,alto
07 Vestur,1.00,1,2,1,-,-,70.71%,alto
B68 Toftir,1.75,2,-,-,1,1,43.30%,moderado
HB Torshavn,0.67,1,2,-,-,-,47.14%,moderado
Klaksvik,0.50,1,1,-,-,-,0.00%,baixo
NSI Runavik,0.00,2,-,-,-,-,0.00%,baixo
Streymur,0.67,2,-,1,-,-,47.14%,moderado
Suduroy,0.75,1,3,-,-,-,70.71%,alto
TB Tvoroyri,0.50,1,1,-,-,-,0.00%,baixo
HJK Helsinki,0.50,1,1,-,-,-,0.00%,baixo
Jaro,0.67,2,-,1,-,-,47.14%,moderado
Oulu,0.33,2,1,-,-,-,0.00%,baixo
PKKU,0.50,1,1,-,-,-,0.00%,baixo
Angers,0.40,9,6,-,-,-,91.65%,alto
Auxerre,0.80,5,8,2,-,-,82.55%,alto
Brest,1.07,5,4,6,-,-,73.43%,alto
Le Havre,0.67,8,5,1,1,-,69.28%,alto
Lens,0.60,6,9,-,-,-,40.00%,bom
Lille,0.60,9,5,-,-,1,60.00%,alto
Lyon,0.63,9,4,3,-,-,0.00%,baixo
Marseille,0.67,6,8,1,-,-,95.84%,alto
Monaco,0.57,7,6,1,-,-,49.49%,moderado
Montpellier,0.87,6,5,4,-,-,103.71%,alto
Nantes,1.00,3,10,3,-,-,54.13%,moderado
Nice,0.60,8,6,-,1,-,52.92%,moderado
Paris SG,0.29,10,4,-,-,-,88.93%,alto
Reims,0.50,8,5,1,-,-,81.13%,alto
Rennes,0.79,6,6,1,1,-,68.88%,alto
Saint-Etienne,1.40,3,7,4,-,1,47.14%,moderado
Strasbourg,0.44,11,3,2,-,-,60.27%,alto
Toulouse,0.27,11,4,-,-,-,100.66%,alto
AC Ajaccio,0.80,7,5,2,1,-,105.83%,alto
Amiens,1.13,4,7,2,2,-,91.65%,alto
Annecy,0.56,9,5,2,-,-,17.68%,baixo
Caen,0.67,8,5,1,1,-,103.71%,alto
Clermont,0.80,6,6,3,-,-,66.00%,alto
Grenoble,0.60,9,4,1,1,-,129.50%,alto
Guingamp,0.56,10,3,3,-,-,70.99%,alto
Laval,0.50,11,2,3,-,-,84.55%,alto
Lorient,0.60,8,6,-,1,-,80.00%,alto
Martigues,0.60,8,6,-,1,-,87.18%,alto
Metz,0.47,8,7,-,-,-,73.43%,alto
Paris FC,0.47,9,5,1,-,-,52.92%,moderado
Pau FC,0.69,7,7,2,-,-,84.55%,alto
Red Star,0.75,6,8,2,-,-,65.85%,alto
Rodez Aveyron,0.56,7,9,-,-,-,10.83%,baixo
SC Bastia,0.56,8,7,1,-,-,35.36%,bom
Troyes,0.38,11,4,1,-,-,65.85%,alto
USL Dunkerque,0.40,11,3,-,1,-,72.11%,alto
Aubagne,0.40,10,4,1,-,-,105.83%,alto
Boulogne,0.43,9,4,1,-,-,68.88%,alto
Bourg-en-Bresse,0.71,6,6,2,-,-,0.00%,baixo
Chateauroux,0.86,5,7,1,1,-,101.27%,alto
Concarneau,1.13,6,4,3,1,1,105.83%,alto
Dijon,0.46,8,4,1,-,-,76.15%,alto
Le Mans,0.43,10,2,2,-,-,94.76%,alto
Nancy,0.64,8,3,3,-,-,20.20%,bom
Nimes,0.57,7,6,1,-,-,80.81%,alto
Orleans,0.43,9,4,1,-,-,101.27%,alto
Paris 13 A.,0.79,4,9,1,-,-,40.41%,moderado
Quevilly Rouen,0.64,7,5,2,-,-,86.60%,alto
Rouen,0.57,7,6,1,-,-,0.00%,baixo
Sochaux,0.50,8,5,1,-,-,121.22%,alto
Valenciennes,0.71,5,8,1,-,-,20.20%,bom
Versailles,0.71,8,4,1,-,1,75.59%,alto
Villefranche,0.40,9,6,-,-,-,121.66%,alto
Dila Gori,0.25,3,1,-,-,-,70.71%,alto
Dinamo Batumi,0.00,4,-,-,-,-,70.71%,alto
Dinamo Tbilisi,0.80,2,2,1,-,-,69.28%,alto
Gagra,0.50,3,-,1,-,-,70.71%,alto
Gareji Sagarejo,1.00,2,3,-,1,-,94.28%,alto
Iberia,0.00,4,-,-,-,-,43.30%,moderado
Samgurali,0.50,2,2,-,-,-,0.00%,baixo
Telavi,1.80,2,1,-,1,1,84.85%,alto
Torpedo Kutaisi,0.60,2,3,-,-,-,28.28%,bom
Bayern Munich,0.40,10,4,1,-,-,66.67%,alto
Bochum,0.87,6,7,1,-,1,72.11%,alto
Dortmund,0.93,7,3,4,1,-,91.65%,alto
E. Frankfurt,0.40,9,6,-,-,-,91.65%,alto
FC Augsburg,0.80,10,1,2,1,1,72.11%,alto
Freiburg,0.67,8,5,1,1,-,66.00%,alto
FSV Mainz,0.80,7,4,4,-,-,20.00%,baixo
Heidenheim,1.13,3,8,3,1,-,60.00%,alto
Hoffenheim,1.07,7,1,6,1,-,87.18%,alto
Holstein Kiel,1.27,4,4,6,1,-,9.43%,baixo
Leverkusen,0.47,8,7,-,-,-,40.00%,bom
Monchengladbach,0.67,8,5,1,1,-,52.92%,moderado
RB Leipzig,0.47,11,2,1,1,-,59.13%,alto
Sankt Pauli,0.67,8,4,3,-,-,72.11%,alto
Stuttgart,0.73,7,7,-,-,1,70.13%,alto
Union Berlin,0.73,8,4,2,1,-,47.14%,moderado
Werder Bremen,1.13,5,5,3,2,-,72.11%,alto
Wolfsburg,0.47,11,1,3,-,-,45.54%,moderado
Braunschweig,1.07,6,4,3,2,-,80.00%,alto
Darmstadt,0.73,9,2,3,1,-,72.11%,alto
Dusseldorf,0.67,7,6,2,-,-,28.28%,bom
Elversberg,0.36,9,5,-,-,-,118.02%,alto
FC Koln,0.40,10,4,1,-,-,60.00%,alto
FC Nurnberg,0.80,7,6,-,2,-,73.43%,alto
Greuther Furth,1.07,5,6,2,2,-,85.37%,alto
Hamburger SV,0.60,6,9,-,-,-,20.00%,baixo
Hannover 96,0.53,8,6,1,-,-,91.65%,alto
Hertha Berlin,0.88,7,6,2,-,1,70.99%,alto
Kaiserslautern,0.73,8,4,2,1,-,105.83%,alto
Karlsruher SC,1.00,4,9,1,-,1,52.92%,moderado
Magdeburg,0.87,6,6,2,1,-,60.00%,alto
Paderborn,0.40,9,6,-,-,-,28.28%,bom
Preuss. Munster,0.80,6,7,1,1,-,80.00%,alto
Regensburg,1.40,3,6,3,3,-,121.66%,alto
Schalke 04,0.93,5,6,4,-,-,80.00%,alto
Ulm,0.53,9,4,2,-,-,9.43%,baixo
1860 Munchen,0.94,7,7,1,1,1,73.47%,alto
Alemannia A.,0.53,8,9,-,-,-,8.32%,baixo
Bielefeld,0.59,10,4,3,-,-,100.35%,alto
Dortmund B,1.00,6,7,2,2,-,83.40%,alto
Dynamo Dresden,0.65,8,7,2,-,-,50.94%,moderado
Energie Cottbus,0.88,9,3,3,2,-,61.97%,alto
Erzgebirge Aue,0.82,7,7,2,1,-,71.32%,alto
FC Ingolstadt,1.06,5,7,4,1,-,64.79%,alto
Hannover 96 B,0.88,7,7,2,-,1,79.57%,alto
Hansa Rostock,0.94,5,9,-,2,-,88.39%,alto
Mannheim,0.76,6,9,2,-,-,8.32%,baixo
Osnabruck,0.65,7,9,1,-,-,83.40%,alto
RW Essen,0.59,9,6,2,-,-,88.82%,alto
Saarbrucken,0.76,8,5,4,-,-,71.32%,alto
Sandhausen,0.82,8,5,3,1,-,41.59%,moderado
Unterhaching,0.88,5,9,3,-,-,73.47%,alto
Verl,0.76,9,4,3,1,-,64.79%,alto
VfB Stuttgart B,1.06,3,11,2,1,-,100.35%,alto
Viktoria Koln,0.65,6,11,-,-,-,113.45%,alto
Wehen Wiesbaden,0.82,6,8,3,-,-,71.32%,alto
A. Kallithea,0.60,7,7,1,-,-,105.83%,alto
AEK Athens,0.33,10,5,-,-,-,28.28%,bom
Aris,0.46,8,4,1,-,-,10.88%,baixo
Asteras T.,0.62,6,6,1,-,-,54.39%,moderado
Atromitos,0.77,4,8,1,-,-,68.23%,alto
Lamia,0.73,6,7,2,-,-,84.85%,alto
Levadiakos,0.73,7,5,3,-,-,91.65%,alto
OFI Crete,0.62,7,4,2,-,-,98.51%,alto
Olympiakos,0.43,10,2,2,-,-,65.47%,alto
Panaitolikos,0.43,9,4,1,-,-,118.02%,alto
Panathinaikos,0.50,8,5,1,-,-,20.20%,bom
Panserraikos,0.79,7,3,4,-,-,40.41%,moderado
PAOK,0.60,8,5,2,-,-,85.37%,alto
Volos,0.71,6,6,2,-,-,80.81%,alto
Eastern,0.78,4,4,-,1,-,57.74%,alto
HK Rangers,1.82,1,5,2,1,2,31.49%,bom
Hong Kong FC,0.89,3,4,2,-,-,78.57%,alto
Kitchee,0.70,4,5,1,-,-,76.59%,alto
Kowloon City,0.73,7,1,2,1,-,68.63%,alto
LM Warriors,0.50,4,4,-,-,-,70.71%,alto
North District,1.45,1,6,2,2,-,83.32%,alto
Southern D.,1.00,3,3,3,-,-,66.67%,alto
Tai Po,0.70,4,5,1,-,-,69.28%,alto
Debrecen,0.86,6,4,4,-,-,101.27%,alto
DVTK,0.62,7,4,2,-,-,26.65%,bom
Fehervar,1.07,5,4,4,1,-,60.61%,alto
Ferencvaros,0.79,7,4,2,1,-,71.90%,alto
Gyor,0.50,8,5,1,-,-,101.27%,alto
Kecskemeti TE,0.92,5,5,2,1,-,10.88%,baixo
MTK Budapest,0.80,6,7,1,1,-,72.11%,alto
Nyiregyhaza,0.86,6,5,2,1,-,101.27%,alto
Paks,0.71,7,5,1,1,-,68.88%,alto
Puskas A.,0.47,10,4,-,1,-,52.92%,moderado
Ujpest,0.69,6,5,2,-,-,66.62%,alto
Zalaegerszegi,0.50,7,7,-,-,-,68.88%,alto
Afturelding,0.73,4,6,1,-,-,41.66%,moderado
Dalvik / Reynir,0.82,3,7,1,-,-,83.32%,alto
Fjolnir,0.45,7,3,1,-,-,68.63%,alto
Grindavik,0.91,4,6,-,-,1,38.57%,bom
Grotta,0.82,4,5,2,-,-,38.57%,bom
IBV,0.73,5,4,2,-,-,74.97%,alto
IR Reykjavik,1.00,3,5,3,-,-,103.25%,alto
Keflavik,0.27,8,3,-,-,-,78.73%,alto
Leiknir R.,1.09,4,5,1,-,1,85.92%,alto
Njardvik,0.73,8,1,-,1,1,83.32%,alto
Thor Akureyri,0.64,7,1,3,-,-,74.97%,alto
Throttur R.,0.91,4,5,1,1,-,78.73%,alto
Bohemians,0.60,2,3,-,-,-,69.28%,alto
Cork City,0.40,4,-,1,-,-,28.28%,bom
Derry City,1.00,2,2,-,1,-,28.28%,bom
Drogheda Utd,0.20,4,1,-,-,-,28.28%,bom
Galway Utd,0.40,3,2,-,-,-,84.85%,alto
Shamrock Rovers,0.83,1,5,-,-,-,0.00%,baixo
Shelbourne,0.60,3,1,1,-,-,34.64%,bom
Sligo Rovers,1.00,2,1,2,-,-,34.64%,bom
St. Patricks,0.75,2,1,1,-,-,43.30%,moderado
Waterford,0.40,3,2,-,-,-,28.28%,bom
Athlone Town,0.80,2,2,1,-,-,28.28%,bom
Bray Wanderers,0.67,4,1,-,1,-,47.14%,moderado
Cobh Ramblers,0.40,3,2,-,-,-,28.28%,bom
Dundalk,0.00,5,-,-,-,-,34.64%,bom
Kerry,0.60,2,3,-,-,-,28.28%,bom
Longford Town,1.40,1,2,1,1,-,28.28%,bom
Treaty Utd,0.40,3,2,-,-,-,84.85%,alto
Wexford,0.20,4,1,-,-,-,28.28%,bom
Ashdod,0.80,7,5,2,1,-,73.43%,alto
B. Jerusalem,0.94,8,3,3,2,-,43.30%,moderado
H. Beer Sheva,0.33,10,5,-,-,-,72.11%,alto
H. Jerusalem,0.47,10,4,-,1,-,80.00%,alto
Hapoel Hadera,0.56,10,3,3,-,-,35.36%,bom
Hapoel Haifa,0.44,10,5,1,-,-,109.86%,alto
Ironi Tiberias,0.60,7,7,1,-,-,138.56%,alto
Kiryat Shmona,1.07,7,3,1,2,1,86.60%,alto
M. Bnei Raina,0.64,5,9,-,-,-,61.86%,alto
M. Petah Tikva,0.93,8,3,3,-,1,69.28%,alto
M. Tel Aviv,0.21,12,1,1,-,-,49.49%,moderado
Maccabi Haifa,0.27,12,2,1,-,-,70.13%,alto
Maccabi Netanya,1.19,5,7,1,2,1,65.85%,alto
Sakhnin,0.75,8,5,2,1,-,84.55%,alto
AC Milan,0.56,8,7,1,-,-,65.85%,alto
AS Roma,0.44,12,2,1,1,-,35.36%,bom
Atalanta,0.35,12,4,1,-,-,96.66%,alto
Bologna,0.56,9,5,2,-,-,0.00%,baixo
Cagliari,0.69,6,9,1,-,-,53.03%,moderado
Como,0.59,8,8,1,-,-,79.57%,alto
Empoli,0.59,9,6,2,-,-,79.57%,alto
Fiorentina,0.60,8,6,-,1,-,66.67%,alto
Genoa,0.50,9,6,1,-,-,88.39%,alto
Hellas Verona,0.82,8,7,1,-,1,88.82%,alto
Inter Milan,0.18,14,3,-,-,-,80.08%,alto
Juventus,0.53,10,3,1,1,-,20.00%,baixo
Lazio,0.31,12,3,1,-,-,57.28%,alto
Lecce,0.69,9,4,2,1,-,109.86%,alto
Monza,0.75,8,4,4,-,-,92.49%,alto
Napoli,0.29,12,5,-,-,-,44.41%,moderado
Parma,0.56,8,7,1,-,-,96.22%,alto
Torino,0.65,7,9,1,-,-,73.47%,alto
Udinese,0.81,6,7,3,-,-,84.55%,alto
Venezia,0.65,11,3,2,-,1,100.35%,alto
Bari,0.38,10,6,-,-,-,70.99%,alto
Brescia,0.47,10,6,1,-,-,79.57%,alto
Carrarese,0.75,8,4,4,-,-,35.36%,bom
Catanzaro,0.75,5,10,1,-,-,70.71%,alto
Cesena,0.94,5,8,2,1,-,35.36%,bom
Cittadella,0.65,12,2,-,3,-,24.96%,bom
Cosenza,0.69,7,7,2,-,-,78.06%,alto
Cremonese,0.75,8,5,2,1,-,88.98%,alto
Frosinone,0.69,9,5,-,2,-,70.71%,alto
Juve Stabia,0.65,9,5,3,-,-,97.19%,alto
Mantova,0.94,6,7,3,1,-,8.32%,baixo
Modena,0.65,7,9,1,-,-,56.73%,alto
Palermo,0.41,10,7,-,-,-,44.41%,moderado
Pisa,0.47,9,8,-,-,-,58.82%,alto
Reggiana,0.63,10,4,1,-,1,53.03%,moderado
Salernitana,0.44,12,1,3,-,-,106.07%,alto
Sampdoria,0.69,7,7,2,-,-,47.19%,moderado
Sassuolo,0.53,11,4,1,1,-,79.57%,alto
Spezia,0.35,11,6,-,-,-,44.41%,moderado
Sudtirol,0.76,8,6,2,1,-,113.45%,alto
AlbinoLeffe,0.28,13,5,-,-,-,92.80%,alto
Alcione,0.47,11,7,1,-,-,59.78%,alto
Arzignano,0.53,10,8,1,-,-,59.78%,alto
Atalanta B,0.94,6,8,3,1,-,60.09%,alto
Caldiero Terme,0.83,8,7,1,2,-,31.43%,bom
Clodiense,0.74,9,7,2,1,-,119.56%,alto
FeralpiSalo,0.28,13,5,-,-,-,60.09%,alto
Giana Erminio,0.33,12,6,-,-,-,76.38%,alto
Lecco,0.63,11,5,2,1,-,107.48%,alto
Lumezzane,0.47,11,7,1,-,-,71.20%,alto
Novara,0.50,10,7,1,-,-,60.09%,alto
Padova,0.39,12,5,1,-,-,31.43%,bom
Pergolettese,0.42,12,6,1,-,-,55.45%,alto
Pro Patria,0.33,13,4,1,-,-,92.80%,alto
Pro Vercelli,0.63,10,6,3,-,-,66.99%,alto
Renate,0.44,13,2,3,-,-,62.85%,alto
Trento,0.63,9,8,2,-,-,66.99%,alto
Triestina,0.74,9,6,4,-,-,144.20%,alto
Vicenza,0.33,14,2,2,-,-,60.09%,alto
Virtus Verona,0.21,15,4,-,-,-,55.45%,alto
AC Milan B,0.56,10,7,-,1,-,83.33%,alto
Arezzo,0.56,11,4,3,-,-,66.67%,alto
Ascoli,0.28,13,5,-,-,-,83.33%,alto
Athletic Carpi,0.44,12,4,2,-,-,60.09%,alto
Campobasso,0.50,11,5,2,-,-,130.17%,alto
Entella,0.28,13,5,-,-,-,60.09%,alto
Gubbio,0.78,8,6,4,-,-,130.17%,alto
Legnago Salus,0.50,12,4,1,1,-,109.99%,alto
Lucchese,0.78,9,5,3,1,-,115.47%,alto
Perugia,0.67,10,6,-,2,-,92.80%,alto
Pescara,0.44,12,4,2,-,-,83.33%,alto
Pianese,0.56,9,8,1,-,-,83.33%,alto
Pineto,0.94,7,6,4,1,-,72.65%,alto
Pontedera,0.72,10,5,1,2,-,0.00%,baixo
Rimini,0.22,14,4,-,-,-,50.00%,moderado
Sestri Levante,0.56,11,4,3,-,-,62.85%,alto
SPAL,0.61,9,7,2,-,-,66.67%,alto
Ternana,0.33,14,3,-,1,-,82.15%,alto
Torres,0.44,11,6,1,-,-,96.86%,alto
Vis Pesaro,0.50,11,6,-,1,-,15.71%,baixo
Albirex Niigata,0.60,2,3,-,-,-,28.28%,bom
Avispa Fukuoka,0.80,3,1,-,1,-,28.28%,bom
Cerezo Osaka,0.80,1,4,-,-,-,84.85%,alto
Fagiano Okayama,0.50,3,-,1,-,-,70.71%,alto
FC Tokyo,0.33,4,2,-,-,-,47.14%,moderado
Gamba Osaka,0.67,2,4,-,-,-,47.14%,moderado
K. Frontale,0.57,4,2,1,-,-,20.20%,bom
Kashima Antlers,0.40,3,2,-,-,-,84.85%,alto
Kashiwa Reysol,0.17,5,1,-,-,-,86.60%,alto
Kyoto Sanga,0.86,3,2,2,-,-,60.61%,alto
Machida Zelvia,0.33,4,2,-,-,-,0.00%,baixo
Nagoya G.,0.67,3,2,1,-,-,47.14%,moderado
Shimizu S-Pulse,0.50,3,3,-,-,-,94.28%,alto
Shonan Bellmare,0.67,3,2,1,-,-,94.28%,alto
Tokyo Verdy,0.67,4,1,-,1,-,47.14%,moderado
Urawa RD,0.29,5,2,-,-,-,98.97%,alto
Vissel Kobe,0.20,4,1,-,-,-,84.85%,alto
Yokohama M.,0.50,3,3,-,-,-,47.14%,moderado
Blaublitz Akita,0.83,2,3,1,-,-,47.14%,moderado
C. Sapporo,0.83,2,3,1,-,-,50.00%,moderado
Ehime FC,0.75,1,3,-,-,-,70.71%,alto
FC Imabari,0.25,3,1,-,-,-,70.71%,alto
Fujieda MYFC,0.60,3,1,1,-,-,69.28%,alto
Iwaki,1.00,2,1,2,-,-,28.28%,bom
JEF Utd Chiba,1.00,1,3,1,-,-,40.00%,bom
Jubilo Iwata,0.20,4,1,-,-,-,84.85%,alto
M. Yamagata,0.50,4,1,1,-,-,0.00%,baixo
Oita Trinita,0.80,2,2,1,-,-,28.28%,bom
Omiya Ardija,0.20,4,1,-,-,-,84.85%,alto
R. Kumamoto,0.00,4,-,-,-,-,70.71%,alto
Sagan Tosu,0.50,3,-,1,-,-,0.00%,baixo
Tokushima V.,0.17,5,1,-,-,-,94.28%,alto
Vegalta Sendai,0.00,5,-,-,-,-,28.28%,bom
Ventforet Kofu,0.60,2,3,-,-,-,84.85%,alto
V-V. Nagasaki,1.20,-,4,1,-,-,28.28%,bom
AC Numazu,0.50,2,2,-,-,-,70.71%,alto
FC Ryukyu,0.20,4,1,-,-,-,28.28%,bom
Fukushima Utd,0.80,2,2,1,-,-,34.64%,bom
G. Kitakyushu,0.00,4,-,-,-,-,0.00%,baixo
Gainare Tottori,1.00,2,2,2,-,-,94.28%,alto
Gifu,0.50,2,2,-,-,-,43.30%,moderado
Kagoshima Utd,0.00,5,-,-,-,-,84.85%,alto
Kamatamare S.,1.20,-,4,1,-,-,28.28%,bom
Kochi United,0.40,3,2,-,-,-,40.00%,bom
Kusatsu,1.00,1,3,1,-,-,69.28%,alto
Matsumoto Y.,0.00,5,-,-,-,-,34.64%,bom
Nagano Parceiro,0.75,2,1,1,-,-,70.71%,alto
Nara Club,1.00,-,4,-,-,-,70.71%,alto
SC Sagamihara,0.60,2,3,-,-,-,34.64%,bom
T. Miyazaki,1.00,2,2,-,1,-,84.85%,alto
Tochigi City,0.67,3,2,1,-,-,47.14%,moderado
Tochigi SC,0.50,2,2,-,-,-,70.71%,alto
Z. Kanazawa,0.50,3,3,-,-,-,86.60%,alto
Aktobe,0.33,2,1,-,-,-,47.14%,moderado
FC Astana,0.00,2,-,-,-,-,0.00%,baixo
Kairat Almaty,0.25,3,1,-,-,-,70.71%,alto
Kyzylzhar,0.00,2,-,-,-,-,0.00%,baixo
Okzhetpes,1.00,1,1,1,-,-,47.14%,moderado
Ordabasy,2.00,-,1,-,1,-,0.00%,baixo
Turan,1.50,-,1,1,-,-,0.00%,baixo
Yelimay Semey,0.67,1,2,-,-,-,47.14%,moderado
Zhenys,0.00,3,-,-,-,-,47.14%,moderado
Banga,0.00,3,-,-,-,-,47.14%,moderado
Dainava,0.75,1,3,-,-,-,70.71%,alto
Dziugas Telsiai,0.43,4,3,-,-,-,20.20%,bom
Kauno Zalgiris,0.40,4,-,1,-,-,28.28%,bom
Panevezys,0.67,1,2,-,-,-,47.14%,moderado
Riteriai,1.00,1,1,1,-,-,47.14%,moderado
Siauliai,0.75,1,3,-,-,-,70.71%,alto
Suduva,0.75,2,1,1,-,-,70.71%,alto
Zalgiris,1.00,1,2,1,-,-,43.30%,moderado
A. San Luis,0.33,6,3,-,-,-,88.19%,alto
Atlas,0.89,4,3,1,1,-,115.47%,alto
CF America,0.89,2,6,1,-,-,57.74%,alto
Club Leon,0.88,2,5,1,-,-,70.71%,alto
Cruz Azul,0.88,3,3,2,-,-,35.36%,bom
Guadalajara,0.25,6,2,-,-,-,78.06%,alto
Juarez,1.11,4,2,2,-,1,115.47%,alto
Monterrey,0.38,5,3,-,-,-,57.28%,alto
Necaxa,0.63,5,1,2,-,-,35.36%,bom
Pachuca,1.00,3,4,1,1,-,88.19%,alto
Puebla,0.88,3,3,2,-,-,70.71%,alto
Pumas UNAM,0.44,5,4,-,-,-,47.14%,moderado
Queretaro,1.11,2,4,3,-,-,15.71%,baixo
Santos Laguna,0.63,4,3,1,-,-,0.00%,baixo
Tigres,0.67,5,3,-,1,-,88.19%,alto
Tijuana,0.63,4,3,1,-,-,78.06%,alto
Toluca,0.25,6,2,-,-,-,57.28%,alto
A. San Luis,1.38,1,3,4,-,-,0.00%,baixo
Atlas,0.75,3,4,1,-,-,78.06%,alto
CF America,0.13,7,1,-,-,-,78.06%,alto
Club Leon,0.67,4,4,1,-,-,57.74%,alto
Cruz Azul,0.44,6,2,1,-,-,66.67%,alto
Guadalajara,0.67,4,4,1,-,-,47.14%,moderado
Juarez,0.38,6,1,1,-,-,35.36%,bom
Mazatlan,0.75,4,2,2,-,-,35.36%,bom
Monterrey,0.67,4,4,1,-,-,66.67%,alto
Necaxa,0.56,5,3,1,-,-,57.74%,alto
Pachuca,1.25,2,3,2,1,-,57.28%,alto
Puebla,0.67,3,6,-,-,-,15.71%,baixo
Pumas UNAM,1.50,-,5,2,1,-,57.28%,alto
Queretaro,1.13,2,5,-,-,1,106.07%,alto
Santos Laguna,1.00,3,3,3,-,-,88.19%,alto
Tigres,0.63,4,3,1,-,-,70.71%,alto
Tijuana,0.89,3,4,2,-,-,57.74%,alto
Toluca,0.78,4,3,2,-,-,66.67%,alto
Ajax Amsterdam,0.38,11,4,1,-,-,78.06%,alto
Almere City,1.00,6,6,3,-,1,84.55%,alto
AZ Alkmaar,0.27,11,4,-,-,-,40.00%,bom
FC Groningen,1.07,5,6,2,2,-,80.00%,alto
FC Twente,0.93,5,7,2,1,-,52.92%,moderado
FC Utrecht,0.71,7,4,3,-,-,53.93%,moderado
Feyenoord,0.53,8,6,1,-,-,70.13%,alto
Fortuna Sittard,0.53,8,6,1,-,-,72.11%,alto
Go Ahead Eagles,0.71,6,6,2,-,-,68.88%,alto
Heerenveen,1.00,3,9,3,-,-,138.56%,alto
Heracles Almelo,0.79,7,4,2,1,-,86.60%,alto
NAC Breda,0.93,7,3,2,2,-,20.20%,bom
NEC Nijmegen,0.93,7,3,3,-,1,118.02%,alto
PEC Zwolle,0.64,7,5,2,-,-,44.61%,moderado
PSV Eindhoven,0.57,7,6,1,-,-,24.74%,bom
RKC Waalwijk,1.33,2,8,3,2,-,66.00%,alto
Sparta,0.43,9,4,1,-,-,101.27%,alto
Willem II,0.86,5,6,3,-,-,81.13%,alto
ADO Den Haag,0.35,11,6,-,-,-,84.73%,alto
Cambuur,0.61,11,3,4,-,-,66.67%,alto
De Graafschap,0.76,5,11,1,-,-,73.47%,alto
Excelsior,0.33,13,4,1,-,-,82.15%,alto
FC Den Bosch,0.82,8,7,-,1,1,80.08%,alto
FC Dordrecht,0.94,9,3,5,-,1,76.38%,alto
FC Eindhoven,0.88,7,6,3,1,-,56.73%,alto
FC Emmen,0.59,8,8,1,-,-,84.56%,alto
FC Volendam,0.53,9,7,1,-,-,64.79%,alto
Helmond Sport,0.65,7,9,1,-,-,75.33%,alto
Jong Ajax,0.72,9,5,4,-,-,86.60%,alto
Jong AZ,0.94,8,5,3,2,-,105.02%,alto
Jong PSV,0.67,9,6,3,-,-,60.09%,alto
Jong Utrecht,1.06,3,12,2,1,-,62.85%,alto
MVV Maastricht,0.82,6,9,1,1,-,127.66%,alto
Roda JC,0.89,6,10,1,-,1,47.14%,moderado
Telstar,0.50,12,3,3,-,-,96.86%,alto
TOP Oss,0.82,9,5,1,1,1,108.15%,alto
Vitesse Arnhem,0.82,8,6,1,2,-,66.81%,alto
VVV,0.94,7,6,4,1,-,86.60%,alto
Ballymena Utd,0.47,11,4,2,-,-,44.41%,moderado
Carrick Rangers,0.69,9,4,2,1,-,88.39%,alto
Cliftonville,0.59,9,6,2,-,-,83.40%,alto
Coleraine,0.47,10,6,1,-,-,110.99%,alto
Crusaders,0.44,11,3,2,-,-,70.99%,alto
Dungannon,0.25,14,1,-,1,-,65.85%,alto
Glenavon,0.63,9,4,3,-,-,75.78%,alto
Glentoran,0.53,9,7,1,-,-,73.47%,alto
Larne,0.53,9,7,1,-,-,88.82%,alto
Linfield,0.25,12,4,-,-,-,54.01%,moderado
Loughgall,1.06,5,8,1,1,1,123.74%,alto
Portadown,0.41,10,7,-,-,-,41.59%,moderado
Kristiansund,0.67,1,2,-,-,-,47.14%,moderado
Stromsgodset,0.50,1,1,-,-,-,0.00%,baixo
Valerenga,0.50,1,1,-,-,-,0.00%,baixo
2 de Mayo,0.43,5,1,1,-,-,60.61%,alto
A. Tembetary,0.88,3,4,-,1,-,35.36%,bom
Cerro Porteno,0.57,3,4,-,-,-,65.47%,alto
D. Recoleta,0.71,3,3,1,-,-,98.97%,alto
Guarani,0.25,6,2,-,-,-,0.00%,baixo
Libertad,0.29,5,2,-,-,-,65.47%,alto
Nacional,0.14,6,1,-,-,-,60.61%,alto
Olimpia,0.71,3,3,1,-,-,65.47%,alto
S. Ameliano,0.29,5,2,-,-,-,101.02%,alto
S. Luqueno,1.00,3,2,3,-,-,70.71%,alto
S. Trinidense,0.88,3,4,-,1,-,108.25%,alto
2 de Mayo,0.27,8,3,-,-,-,62.98%,alto
Cerro Porteno,0.55,8,1,1,1,-,62.98%,alto
G. Caballero,0.73,5,4,2,-,-,12.86%,baixo
Guarani,0.27,8,3,-,-,-,38.57%,bom
Libertad,0.64,6,4,-,1,-,68.63%,alto
Nacional,0.55,7,2,2,-,-,12.86%,baixo
Olimpia,0.27,9,1,1,-,-,90.00%,alto
S. Ameliano,0.45,6,5,-,-,-,78.73%,alto
S. Luqueno,0.82,6,2,2,1,-,83.32%,alto
S. Trinidense,0.18,9,2,-,-,-,64.28%,alto
Sol de America,0.18,9,2,-,-,-,103.25%,alto
Tacuary,0.73,5,4,2,-,-,103.25%,alto
A. Huanuco,1.00,1,2,1,-,-,70.71%,alto
ADT,1.00,2,1,2,-,-,69.28%,alto
Alianza A.,0.75,2,1,1,-,-,70.71%,alto
Alianza Lima,0.50,2,2,-,-,-,0.00%,baixo
Atletico Grau,0.25,3,1,-,-,-,0.00%,baixo
Ayacucho,1.40,-,3,2,-,-,84.85%,alto
Binacional,0.75,2,1,1,-,-,70.71%,alto
Cajamarca,1.00,1,2,1,-,-,70.71%,alto
Cienciano,0.50,2,2,-,-,-,43.30%,moderado
Comerciantes U.,0.75,1,3,-,-,-,0.00%,baixo
Cusco,1.00,2,-,2,-,-,70.71%,alto
D. Garcilaso,0.60,2,3,-,-,-,34.64%,bom
Los Chankas,0.50,2,2,-,-,-,70.71%,alto
S. Cristal,1.20,2,1,1,1,-,69.28%,alto
Sport Boys,1.00,1,2,1,-,-,43.30%,moderado
Sport Huancayo,0.50,2,2,-,-,-,70.71%,alto
Universitario,0.25,3,1,-,-,-,0.00%,baixo
Cracovia Krakow,1.00,5,4,3,1,-,26.65%,bom
Gornik Zabrze,0.50,7,7,-,-,-,75.25%,alto
Jagiellonia,0.50,9,3,2,-,-,32.73%,bom
Katowice,0.67,7,6,2,-,-,34.64%,bom
Korona Kielce,0.60,7,7,1,-,-,47.14%,moderado
Lech Poznan,0.71,7,4,3,-,-,53.93%,moderado
Lechia Gdansk,1.00,6,3,4,1,-,53.93%,moderado
Legia Warsaw,0.93,5,5,4,-,-,88.83%,alto
Motor Lublin,0.67,7,6,2,-,-,52.92%,moderado
Piast Gliwice,0.43,8,6,-,-,-,86.60%,alto
Pogon Szczecin,0.57,9,3,1,1,-,98.97%,alto
Puszcza Niepolo,0.60,9,3,3,-,-,66.00%,alto
Radomiak Radom,1.07,6,5,3,-,1,87.18%,alto
Rakow C.,0.13,13,2,-,-,-,72.11%,alto
Slask Wroclaw,0.86,5,7,1,1,-,68.88%,alto
Stal Mielec,0.57,8,4,2,-,-,53.93%,moderado
Widzew Lodz,1.07,3,7,4,-,-,94.76%,alto
Zaglebie Lubin,0.71,6,6,2,-,-,60.61%,alto
Arka Gdynia,0.29,10,4,-,-,-,68.88%,alto
Chrobry Glogow,1.07,4,8,2,-,1,52.92%,moderado
Gornik Leczna,0.57,7,6,1,-,-,0.00%,baixo
K. Kolobrzeg,0.57,10,1,2,1,-,40.41%,moderado
LKS Lodz,0.64,9,2,2,1,-,53.93%,moderado
Miedz Legnica,0.14,12,2,-,-,-,88.83%,alto
Odra Opole,0.87,6,6,2,1,-,80.00%,alto
Pogon Siedlce,0.93,6,5,3,1,-,138.56%,alto
Polonia Warszaw,0.43,9,4,1,-,-,20.20%,bom
Ruch Chorzow,0.57,7,6,1,-,-,68.88%,alto
Stal Rzeszow,0.62,6,6,1,-,-,66.62%,alto
Stalowa Wola,0.67,9,3,2,1,-,47.14%,moderado
T. Nieciecza,0.60,9,3,3,-,-,52.92%,moderado
Tychy,0.50,9,4,-,1,-,68.88%,alto
Warta Poznan,0.93,7,2,4,1,-,121.22%,alto
Wisla Krakow,0.64,7,5,2,-,-,49.49%,moderado
Wisla Plock,0.47,9,5,1,-,-,72.11%,alto
Znicz Pruszkow,0.86,5,7,1,1,-,68.88%,alto
Arouca,0.87,7,3,5,-,-,60.00%,alto
AVS,1.00,6,5,2,2,-,80.00%,alto
Benfica,0.33,10,5,-,-,-,73.43%,alto
Boavista,0.73,5,9,1,-,-,121.66%,alto
Casa Pia,0.73,7,6,1,1,-,103.92%,alto
Estoril,0.80,5,8,2,-,-,111.82%,alto
Estrela Amadora,0.67,8,5,1,1,-,84.85%,alto
Famalicao,0.73,7,5,3,-,-,80.00%,alto
Farense,0.53,9,4,2,-,-,47.14%,moderado
FC Porto,0.53,8,6,1,-,-,90.76%,alto
Gil Vicente,0.53,9,4,2,-,-,66.00%,alto
Guimaraes,0.53,8,6,1,-,-,84.85%,alto
Moreirense,0.73,9,2,3,1,-,47.14%,moderado
Nacional,0.73,5,9,1,-,-,66.00%,alto
Rio Ave,0.93,6,5,3,1,-,84.85%,alto
Santa Clara,0.47,10,3,2,-,-,28.28%,bom
Sporting Braga,0.27,11,4,-,-,-,87.18%,alto
Sporting CP,0.47,10,3,2,-,-,40.00%,bom
Academico Viseu,0.73,9,2,3,1,-,90.76%,alto
Alverca,0.67,7,6,2,-,-,66.67%,alto
Benfica B,0.73,6,7,2,-,-,60.00%,alto
Chaves,0.40,10,4,1,-,-,80.00%,alto
FC Porto B,1.00,5,5,5,-,-,121.66%,alto
Feirense,0.40,11,3,-,1,-,87.18%,alto
Felgueiras,0.33,11,3,1,-,-,72.11%,alto
Leixoes,0.60,9,3,3,-,-,47.14%,moderado
Mafra,0.47,8,7,-,-,-,28.28%,bom
Maritimo,0.80,7,6,-,2,-,72.11%,alto
Oliveirense,0.87,5,7,3,-,-,129.50%,alto
Pacos Ferreira,1.00,5,5,5,-,-,40.00%,bom
Penafiel,0.60,7,7,1,-,-,72.11%,alto
Portimonense,0.80,8,4,1,2,-,66.00%,alto
Tondela,0.47,9,5,1,-,-,40.00%,bom
Torreense,0.60,7,7,1,-,-,9.43%,baixo
Uniao de Leiria,0.33,10,5,-,-,-,85.37%,alto
Vizela,0.40,12,2,-,-,1,85.37%,alto
Aberdeen,0.81,7,6,2,1,-,96.22%,alto
Celtic,0.50,9,6,1,-,-,61.24%,alto
Dundee FC,0.88,6,6,4,-,-,65.85%,alto
Dundee Utd,0.47,12,3,1,1,-,113.45%,alto
Hearts,0.76,9,5,1,2,-,79.57%,alto
Hibernian,0.63,8,7,-,1,-,54.13%,moderado
Kilmarnock,1.12,4,9,3,-,1,113.45%,alto
Motherwell,0.76,7,7,3,-,-,79.57%,alto
Rangers,0.88,7,5,5,-,-,44.41%,moderado
Ross County,1.00,8,4,2,1,1,35.36%,bom
St. Johnstone,1.00,4,10,2,1,-,100.35%,alto
St. Mirren,0.69,7,7,2,-,-,21.65%,bom
Airdrieonians,1.06,4,9,3,1,-,100.52%,alto
Ayr Utd,0.71,9,5,2,1,-,100.35%,alto
Dunfermline,0.65,7,9,1,-,-,142.64%,alto
Falkirk,0.59,11,3,2,1,-,58.82%,alto
Greenock Morton,0.65,11,3,1,2,-,83.40%,alto
Hamilton,0.53,11,3,3,-,-,66.81%,alto
Livingston,0.71,7,8,2,-,-,66.81%,alto
Partick Thistle,0.59,11,3,2,1,-,112.07%,alto
Queens Park,0.76,8,6,2,1,-,88.82%,alto
Raith Rovers,0.47,11,5,-,1,-,110.99%,alto
Backa Topola,0.47,10,3,2,-,-,79.63%,alto
Cukaricki,0.80,7,4,4,-,-,47.14%,moderado
IMT N. Beograd,0.80,6,7,1,1,-,100.66%,alto
Jedinstvo U.,0.73,8,4,2,1,-,91.65%,alto
Mladost Lucani,0.60,7,7,1,-,-,69.28%,alto
Napredak,0.60,9,3,3,-,-,121.66%,alto
Novi Pazar,0.33,11,3,1,-,-,72.11%,alto
OFK Beograd,0.67,9,4,-,2,-,66.00%,alto
Partizan,0.33,11,3,1,-,-,20.00%,baixo
Radnicki 1923,0.80,8,2,5,-,-,90.76%,alto
Radnicki Nis,1.00,5,6,3,1,-,105.83%,alto
Red Star,0.27,12,2,1,-,-,59.13%,alto
S. Subotica,0.73,6,7,2,-,-,121.66%,alto
Tekstilac Odzac,0.87,5,8,1,1,-,87.18%,alto
Vojvodina,0.80,8,4,1,2,-,20.00%,baixo
Z. Pancevo,0.93,4,8,3,-,-,72.11%,alto
Bravo,0.81,6,7,3,-,-,73.60%,alto
Domzale,0.94,7,3,6,-,-,78.06%,alto
Koper,0.47,8,7,-,-,-,20.00%,baixo
Maribor,0.27,11,4,-,-,-,80.00%,alto
Mura,0.53,8,6,1,-,-,72.11%,alto
Nafta,0.56,8,7,1,-,-,106.07%,alto
NK Celje,0.54,6,7,-,-,-,70.50%,alto
NK Olimpija,0.27,11,4,-,-,-,28.28%,bom
Primorje,1.13,4,6,4,1,-,93.33%,alto
Radomlje,0.80,8,4,2,-,1,91.65%,alto
Banska Bystrica,0.50,8,5,1,-,-,101.27%,alto
DAC Streda,0.29,10,4,-,-,-,68.88%,alto
FC Kosice,0.69,7,4,1,1,-,74.18%,alto
Komarno,0.86,5,8,-,-,1,118.02%,alto
Podbrezova,0.64,8,4,1,1,-,40.41%,moderado
Ruzomberok,1.00,4,6,4,-,-,40.41%,moderado
S. Bratislava,0.43,8,6,-,-,-,68.88%,alto
Skalica,1.29,5,3,3,3,-,60.61%,alto
Spartak Trnava,0.50,9,4,-,1,-,75.25%,alto
Trencin,0.93,6,5,1,2,-,86.60%,alto
Z. Michalovce,0.50,9,3,2,-,-,20.20%,bom
Zilina,0.64,7,5,2,-,-,44.61%,moderado
AmaZulu,0.69,6,5,2,-,-,10.88%,baixo
Cape Town City,0.71,7,4,3,-,-,101.02%,alto
Chippa Utd,0.60,5,4,1,-,-,96.44%,alto
Golden Arrows,0.58,5,7,-,-,-,117.85%,alto
Kaizer Chiefs,0.54,6,7,-,-,-,96.08%,alto
Magesi,0.50,8,2,2,-,-,70.71%,alto
Mamelodi S.,0.67,5,6,1,-,-,43.30%,moderado
Marumo G.,0.75,6,3,3,-,-,23.57%,bom
Orlando Pirates,0.30,8,1,1,-,-,28.28%,bom
Polokwane,0.15,11,2,-,-,-,97.91%,alto
Richards Bay,0.50,6,6,-,-,-,94.28%,alto
Sekhukhune,0.36,7,4,-,-,-,62.98%,alto
Stellenbosch,0.45,6,5,-,-,-,83.32%,alto
SuperSport Utd,0.50,7,4,1,-,-,108.97%,alto
TS Galaxy,0.79,5,8,-,1,-,32.73%,bom
Anyang,0.00,5,-,-,-,-,28.28%,bom
Daejeon Citizen,0.33,5,-,1,-,-,50.00%,moderado
Gangwon,0.20,4,1,-,-,-,28.28%,bom
Gimcheon Sangmu,0.80,1,4,-,-,-,34.64%,bom
Gwangju,0.40,3,2,-,-,-,28.28%,bom
Jeju Utd,0.25,3,1,-,-,-,70.71%,alto
Pohang Steelers,1.00,1,3,1,-,-,28.28%,bom
Seoul,0.25,3,1,-,-,-,70.71%,alto
Suwon City,0.60,2,3,-,-,-,84.85%,alto
Ulsan,0.25,3,1,-,-,-,70.71%,alto
Ansan Greeners,0.67,1,2,-,-,-,47.14%,moderado
Asan,0.20,4,1,-,-,-,84.85%,alto
Bucheon FC,0.75,2,1,1,-,-,70.71%,alto
Busan IPark,0.00,3,-,-,-,-,0.00%,baixo
Cheonan City,1.33,-,2,1,-,-,47.14%,moderado
Cheongju,0.88,3,3,2,-,-,57.28%,alto
Gimpo,0.00,4,-,-,-,-,70.71%,alto
Hwaseong,1.67,-,2,-,1,-,47.14%,moderado
Incheon Utd,0.00,2,-,-,-,-,0.00%,baixo
Jeonnam,0.00,8,-,-,-,-,57.28%,alto
Seongnam,0.00,3,-,-,-,-,47.14%,moderado
Seoul E-Land,0.00,2,-,-,-,-,0.00%,baixo
Suwon Bluewings,0.75,3,-,-,1,-,70.71%,alto
Alaves,0.65,8,7,2,-,-,24.96%,bom
Athletic Bilbao,0.38,11,4,1,-,-,84.55%,alto
Atletico Madrid,0.38,11,4,1,-,-,88.98%,alto
Celta Vigo,0.81,5,9,2,-,-,70.99%,alto
Espanyol,0.87,9,3,-,2,1,121.66%,alto
FC Barcelona,0.63,7,8,1,-,-,73.60%,alto
Getafe,0.56,8,7,1,-,-,124.84%,alto
Girona,0.63,7,8,1,-,-,70.71%,alto
Las Palmas,0.88,6,8,-,2,-,53.03%,moderado
Leganes,0.63,9,4,3,-,-,65.85%,alto
Mallorca,0.60,9,5,-,-,1,84.85%,alto
Osasuna,0.38,12,2,2,-,-,124.84%,alto
Rayo Vallecano,0.44,10,5,1,-,-,17.68%,baixo
Real Betis,0.47,10,3,2,-,-,72.11%,alto
Real Madrid,0.38,11,4,1,-,-,57.28%,alto
Real Sociedad,0.56,9,5,2,-,-,35.36%,bom
Sevilla FC,0.88,7,6,1,2,-,75.78%,alto
Valencia,1.13,5,8,1,1,1,96.22%,alto
Valladolid,1.31,3,8,3,1,1,70.71%,alto
Villarreal,0.75,6,8,2,-,-,54.13%,moderado
Albacete,0.78,5,12,1,-,-,72.65%,alto
Almeria,1.00,5,10,3,1,-,72.93%,alto
Burgos,0.50,11,5,2,-,-,62.85%,alto
Cadiz,0.33,12,6,-,-,-,83.33%,alto
Cartagena,1.06,6,7,3,2,-,78.57%,alto
Castellon,0.83,9,4,4,1,-,89.81%,alto
Cordoba,0.72,9,6,2,1,-,141.13%,alto
Deportivo,0.61,9,7,2,-,-,60.09%,alto
Eibar,0.39,11,7,-,-,-,76.38%,alto
Elche,0.47,10,6,1,-,-,83.40%,alto
Eldense,0.56,11,4,3,-,-,116.67%,alto
Granada,0.56,10,6,2,-,-,92.80%,alto
Huesca,0.44,10,8,-,-,-,78.57%,alto
Levante,0.11,16,2,-,-,-,76.38%,alto
Malaga,0.56,12,2,4,-,-,116.67%,alto
Mirandes,0.50,11,5,2,-,-,127.66%,alto
Racing,0.50,9,9,-,-,-,72.65%,alto
Racing Ferrol,0.83,9,4,4,1,-,104.08%,alto
Real Oviedo,0.61,10,5,3,-,-,31.43%,bom
Real Zaragoza,0.78,7,9,1,1,-,115.47%,alto
Sporting Gijon,0.47,10,6,1,-,-,83.40%,alto
Tenerife,0.61,9,7,2,-,-,94.28%,alto
Degerfors,1.00,1,-,1,-,-,0.00%,baixo
Hacken,1.50,-,1,1,-,-,0.00%,baixo
Hammarby,1.50,1,-,-,1,-,0.00%,baixo
IFK Goteborg,1.00,1,-,1,-,-,0.00%,baixo
Malmo FF,0.00,2,-,-,-,-,0.00%,baixo
Mjallby,0.00,2,-,-,-,-,0.00%,baixo
Norrkoping,0.50,1,1,-,-,-,0.00%,baixo
Oster,1.00,1,-,1,-,-,0.00%,baixo
Sirius,0.00,2,-,-,-,-,0.00%,baixo
Falkenberg,0.50,1,1,-,-,-,0.00%,baixo
Kalmar,0.00,2,-,-,-,-,0.00%,baixo
Oddevold,0.50,1,1,-,-,-,0.00%,baixo
Orebro,1.50,-,1,1,-,-,0.00%,baixo
Ostersunds,0.33,2,1,-,-,-,47.14%,moderado
Trelleborg,0.50,1,1,-,-,-,0.00%,baixo
Utsikten,0.00,2,-,-,-,-,0.00%,baixo
BSC Young Boys,0.75,10,1,4,1,-,84.55%,alto
FC Basel,0.38,12,3,-,1,-,73.60%,alto
FC Zurich,0.73,8,4,2,1,-,72.11%,alto
Grasshopper,0.50,9,6,1,-,-,0.00%,baixo
Lausanne Sport,0.63,7,8,1,-,-,75.78%,alto
Lugano,0.47,9,5,1,-,-,69.28%,alto
Luzern,0.88,8,3,4,1,-,88.98%,alto
Servette,0.41,10,7,-,-,-,56.73%,alto
Sion,0.75,7,7,1,1,-,17.68%,baixo
St. Gallen,0.76,8,6,2,1,-,79.57%,alto
Winterthur,0.82,7,7,2,1,-,74.87%,alto
Yverdon,0.88,7,5,3,1,-,65.85%,alto
Aarau,0.87,6,5,4,-,-,59.13%,alto
Bellinzona,1.07,5,4,6,-,-,9.43%,baixo
Etoile Carouge,0.87,4,9,2,-,-,82.55%,alto
Lausanne Ouchy,0.63,9,4,3,-,-,102.06%,alto
Neuchatel Xamax,0.94,4,10,1,1,-,53.03%,moderado
Schaffhausen,0.88,6,6,4,-,-,75.78%,alto
Stade Nyonnais,0.60,8,5,2,-,-,52.92%,moderado
Thun,0.40,10,4,1,-,-,82.55%,alto
Vaduz,0.56,8,7,1,-,-,70.99%,alto
Wil,0.40,10,4,1,-,-,105.83%,alto
Bangkok Utd,0.43,8,6,-,-,-,49.49%,moderado
Buriram Utd,0.53,9,4,2,-,-,34.64%,bom
Chiangrai Utd,1.29,3,7,3,-,1,101.27%,alto
Khon Kaen Utd,1.27,5,6,1,2,1,103.71%,alto
Lamphun Warrior,0.64,7,5,2,-,-,98.97%,alto
Muang Thong Utd,0.87,5,8,1,1,-,73.43%,alto
N. Bua Pitchaya,1.00,5,5,3,1,-,60.61%,alto
N. Ratchasima,0.50,9,3,2,-,-,75.25%,alto
Nakhon Pathom,0.67,5,10,-,-,-,105.83%,alto
Pathum Utd,0.53,9,5,-,1,-,80.00%,alto
Port FC,0.80,4,10,1,-,-,72.11%,alto
Prachuap,0.87,5,7,3,-,-,105.83%,alto
Ratchaburi,0.86,7,4,2,-,1,71.90%,alto
Rayong,0.86,3,10,1,-,-,101.27%,alto
Sukhothai,0.79,5,7,2,-,-,101.27%,alto
Uthai Thani,0.60,7,7,1,-,-,72.11%,alto
Adana Demirspor,1.13,3,8,3,1,-,121.66%,alto
Alanyaspor,0.67,6,8,1,-,-,72.11%,alto
Antalyaspor,1.27,2,9,2,2,-,103.92%,alto
Basaksehir,0.64,7,5,2,-,-,75.25%,alto
Besiktas,0.60,7,7,1,-,-,52.92%,moderado
Bodrumspor,0.75,9,3,3,1,-,70.71%,alto
Eyupspor,0.13,14,2,-,-,-,88.98%,alto
Fenerbahce,0.33,11,3,1,-,-,62.36%,alto
Galatasaray,0.40,9,6,-,-,-,66.67%,alto
Gaziantep,1.07,4,6,5,-,-,72.11%,alto
Goztepe,0.80,7,6,1,-,1,52.92%,moderado
Hatayspor,1.00,4,6,4,-,-,94.76%,alto
Kasimpasa,0.81,7,6,2,1,-,84.55%,alto
Kayserispor,0.60,9,4,1,1,-,47.14%,moderado
Konyaspor,1.00,5,6,5,-,-,0.00%,baixo
Rizespor,1.00,4,7,4,-,-,91.65%,alto
Samsunspor,0.40,9,6,-,-,-,66.00%,alto
Sivasspor,1.07,4,7,3,1,-,47.14%,moderado
Trabzonspor,0.40,10,4,1,-,-,9.43%,baixo
Ajman,1.00,5,3,1,2,-,64.28%,alto
Al Ain,0.80,5,2,3,-,-,69.28%,alto
Al Bataeh,0.73,4,6,1,-,-,38.57%,bom
Al Jazira,0.82,5,4,1,1,-,74.97%,alto
Al Nasr,1.00,4,3,2,1,-,96.44%,alto
Al Sharjah,0.20,8,2,-,-,-,120.00%,alto
Al Urooba,1.00,4,5,1,-,1,90.00%,alto
Al Wahda,0.90,5,2,2,1,-,17.32%,baixo
Al Wasl,0.80,5,3,1,1,-,45.83%,moderado
Bani Yas,0.80,3,6,1,-,-,34.64%,bom
Dibba Al Hisn,1.18,4,3,2,2,-,12.86%,baixo
Ittihad Kalba,0.70,6,2,1,1,-,28.28%,bom
Khorfakkan,1.20,4,2,2,2,-,28.28%,bom
Shabab Al Ahli,0.11,8,1,-,-,-,57.74%,alto
Chornomorets,1.07,2,9,3,-,-,80.81%,alto
Dynamo Kyiv,0.18,9,2,-,-,-,80.63%,alto
Inhulets,0.80,7,6,1,-,1,60.00%,alto
Karpaty Lviv,0.50,9,2,-,-,1,23.57%,bom
Kolos Kovalivka,0.46,7,6,-,-,-,58.08%,alto
Kryvbas KR,0.58,8,1,3,-,-,75.00%,alto
Livyi Bereh,0.27,8,3,-,-,-,115.71%,alto
LNZ Cherkasy,0.77,4,8,1,-,-,76.15%,alto
Obolon,0.85,6,5,-,2,-,76.15%,alto
Oleksandria,0.27,9,1,1,-,-,74.97%,alto
Polessya,0.62,7,4,2,-,-,101.66%,alto
Rukh Lviv,0.46,9,2,2,-,-,54.39%,moderado
Shakhtar,0.18,10,-,1,-,-,80.63%,alto
Veres,0.50,7,4,1,-,-,86.60%,alto
Vorskla Poltava,0.83,5,5,1,1,-,94.28%,alto
Zorya Luhansk,0.42,7,5,-,-,-,66.14%,alto
Austin,0.50,3,-,1,-,-,0.00%,baixo
Charlotte,0.25,3,1,-,-,-,0.00%,baixo
Chicago Fire,1.40,1,2,1,1,-,34.64%,bom
Cincinnati,0.80,2,2,1,-,-,34.64%,bom
Colorado Rapids,0.80,2,2,1,-,-,28.28%,bom
Columbus Crew,0.50,2,2,-,-,-,70.71%,alto
Dallas,0.80,2,2,1,-,-,69.28%,alto
DC United,1.50,1,1,1,1,-,43.30%,moderado
Houston Dynamo,0.50,3,-,1,-,-,0.00%,baixo
Inter Miami,0.25,3,1,-,-,-,43.30%,moderado
LA Galaxy,0.80,2,2,1,-,-,28.28%,bom
Los Angeles FC,1.20,2,1,1,1,-,69.28%,alto
Minnesota Utd,0.00,5,-,-,-,-,34.64%,bom
Nashville SC,1.50,1,1,1,1,-,43.30%,moderado
New England,0.25,3,1,-,-,-,0.00%,baixo
New York City,0.60,2,3,-,-,-,28.28%,bom
New York RB,0.25,3,1,-,-,-,70.71%,alto
Orlando City,0.40,3,2,-,-,-,84.85%,alto
Philadelphia,0.50,2,2,-,-,-,70.71%,alto
Portland,0.75,2,1,1,-,-,43.30%,moderado
Real Salt Lake,1.00,-,4,-,-,-,43.30%,moderado
San Diego,1.20,1,2,2,-,-,28.28%,bom
Seattle,1.20,1,3,-,1,-,84.85%,alto
SJ Earthquakes,1.33,1,1,-,1,-,47.14%,moderado
Sporting KC,1.00,2,-,2,-,-,43.30%,moderado
St. Louis City,0.25,3,1,-,-,-,70.71%,alto
Toronto,1.00,2,2,2,-,-,0.00%,baixo
Vancouver,0.00,4,-,-,-,-,70.71%,alto
Birmingham L.,1.00,1,1,1,-,-,47.14%,moderado
Charleston,1.00,1,-,1,-,-,0.00%,baixo
Colorado S.,1.00,-,4,-,-,-,70.71%,alto
Detroit City,0.50,2,2,-,-,-,70.71%,alto
El Paso,0.75,1,3,-,-,-,70.71%,alto
FC Tulsa,0.00,2,-,-,-,-,0.00%,baixo
Indy Eleven,0.00,2,-,-,-,-,0.00%,baixo
Lexington,1.50,-,1,1,-,-,0.00%,baixo
Loudoun Utd,0.75,1,3,-,-,-,43.30%,moderado
Louisville City,0.25,3,1,-,-,-,70.71%,alto
New Mexico,0.33,2,1,-,-,-,47.14%,moderado
North Carolina,0.75,2,1,1,-,-,70.71%,alto
Oakland Roots,0.67,1,2,-,-,-,0.00%,baixo
Phoenix Rising,1.00,1,1,1,-,-,47.14%,moderado
Pittsburgh,0.50,2,2,-,-,-,70.71%,alto
Rhode Island,1.40,1,1,3,-,-,69.28%,alto
Sacramento R.,0.67,1,2,-,-,-,47.14%,moderado
San Antonio,1.50,-,1,1,-,-,0.00%,baixo
Tampa Bay,0.50,2,2,-,-,-,70.71%,alto
Alta,1.50,-,1,1,-,-,0.00%,baixo
Chattanooga RW,0.67,2,-,1,-,-,47.14%,moderado
Forward Madison,0.67,2,-,1,-,-,47.14%,moderado
Naples,0.00,2,-,-,-,-,0.00%,baixo
One Knoxville,0.25,3,1,-,-,-,70.71%,alto
Richmond K.,1.33,1,-,2,-,-,0.00%,baixo
Union Omaha,1.00,1,1,1,-,-,47.14%,moderado
Westchester SC,1.50,-,2,2,-,-,70.71%,alto
