4+,3,2,1,0,Avg.,Home,CV_Goals_HT (%),Classificação CV
1.0,,,3.0,2.0,1.17,A. Tucuman,50.00%,moderado
,,1.0,1.0,5.0,0.43,Aldosivi,98.97%,alto
1.0,,,2.0,4.0,0.86,Argentinos Jrs,65.47%,alto
,,1.0,3.0,3.0,0.71,Banfield,49.49%,moderado
,,,5.0,2.0,0.71,Barracas C.,60.61%,alto
,,,4.0,3.0,0.57,Belgrano,20.20%,bom
,,1.0,3.0,4.0,0.63,Boca Juniors,57.28%,alto
,,1.0,3.0,4.0,0.63,Central Cordoba,57.28%,alto
,,,1.0,5.0,0.17,Defensa y J.,94.28%,alto
,1.0,,2.0,3.0,0.83,Estudiantes,50.00%,moderado
,,,3.0,4.0,0.43,Gimnasia,20.20%,bom
,,,1.0,6.0,0.14,Godoy Cruz,101.02%,alto
,,,3.0,4.0,0.43,Huracan,20.20%,bom
,,,1.0,5.0,0.17,I. Rivadavia,94.28%,alto
1.0,,1.0,2.0,3.0,1.14,Independiente,54.71%,moderado
,,,3.0,3.0,0.50,Instituto,0.00%,baixo
,,1.0,2.0,4.0,0.57,Lanus,65.47%,alto
,,1.0,1.0,5.0,0.43,Newells,98.97%,alto
,,,2.0,5.0,0.29,Platense,60.61%,alto
,,,4.0,2.0,0.67,Racing Club,47.14%,moderado
,,,1.0,6.0,0.14,River Plate,101.02%,alto
,,1.0,4.0,1.0,1.00,Rosario Central,86.60%,alto
,,,3.0,4.0,0.43,San Lorenzo,20.20%,bom
,,,1.0,6.0,0.14,Sarmiento,101.02%,alto
,,,1.0,7.0,0.13,SM San Juan,106.07%,alto
,,,3.0,4.0,0.43,T. de Cordoba,20.20%,bom
,,1.0,2.0,3.0,0.67,Tigre,50.00%,moderado
,,,3.0,5.0,0.38,Union Santa Fe,35.36%,bom
,,1.0,1.0,4.0,0.50,A. Quilmes,86.60%,alto
,,1.0,2.0,2.0,0.80,Acassuso,34.64%,bom
,,,2.0,4.0,0.33,Argentino Merlo,47.14%,moderado
,,,1.0,3.0,0.25,Brown de A.,70.71%,alto
,,1.0,2.0,3.0,0.67,Comunicaciones,50.00%,moderado
,,1.0,2.0,3.0,0.67,D. Armenio,50.00%,moderado
,1.0,1.0,1.0,3.0,1.00,D. Laferrere,66.67%,alto
,,1.0,,5.0,0.33,Deportivo Merlo,94.28%,alto
,,2.0,2.0,2.0,1.00,Dock Sud,0.00%,baixo
,,,3.0,2.0,0.60,Excursionistas,28.28%,bom
,,,1.0,5.0,0.17,Fenix,94.28%,alto
,,1.0,1.0,4.0,0.50,Liniers,86.60%,alto
,,1.0,1.0,3.0,0.60,Midland,69.28%,alto
,,1.0,2.0,3.0,0.67,Real Pilar,50.00%,moderado
,,,1.0,4.0,0.20,Sacachispas,84.85%,alto
,,,4.0,2.0,0.67,SM Burzaco,47.14%,moderado
,,,2.0,3.0,0.40,UAI Urquiza,28.28%,bom
,,2.0,3.0,1.0,1.17,V. San Carlos,50.00%,moderado
,1.0,,1.0,4.0,0.67,Villa Dalmine,86.60%,alto
,,,3.0,9.0,0.25,Alashkert,70.71%,alto
,,2.0,4.0,7.0,0.62,Ararat Yerevan,58.08%,alto
,,3.0,7.0,2.0,1.08,Ararat-Armenia,66.14%,alto
,,1.0,5.0,6.0,0.58,BKMA,66.14%,alto
,,,2.0,8.0,0.20,Gandzasar,84.85%,alto
,2.0,6.0,2.0,2.0,1.67,Noah,66.67%,alto
,1.0,1.0,4.0,7.0,0.69,Pyunik,88.38%,alto
,,,2.0,10.0,0.17,Shirak,94.28%,alto
,1.0,,6.0,5.0,0.75,Urartu,66.14%,alto
2.0,,3.0,3.0,5.0,1.31,Van,38.72%,bom
,,,5.0,7.0,0.42,West Armenia,23.57%,bom
,1.0,4.0,4.0,4.0,1.15,Adelaide Utd,46.15%,moderado
,2.0,1.0,5.0,4.0,1.08,Auckland,60.86%,alto
,,2.0,2.0,7.0,0.55,Brisbane Roar,78.73%,alto
,,2.0,2.0,8.0,0.50,Central Coast,86.60%,alto
1.0,,,5.0,5.0,0.91,Macarthur FC,62.98%,alto
,,,6.0,5.0,0.55,Melbourne City,12.86%,baixo
,,3.0,5.0,4.0,0.92,Melbourne V.,25.00%,bom
,,2.0,4.0,6.0,0.67,Newcastle Jets,50.00%,moderado
,,1.0,4.0,8.0,0.46,Perth Glory,81.04%,alto
,,4.0,7.0,2.0,1.15,Sydney FC,58.08%,alto
,,,5.0,7.0,0.42,Wellington,23.57%,bom
,,2.0,5.0,4.0,0.82,Western United,41.66%,moderado
,,5.0,4.0,4.0,1.08,WS Wanderers,13.32%,baixo
,,1.0,5.0,5.0,0.64,A. Klagenfurt,62.98%,alto
,,,3.0,8.0,0.27,Altach,64.28%,alto
,,1.0,4.0,6.0,0.55,Austria Wien,68.63%,alto
,,1.0,6.0,4.0,0.73,BW Linz,68.63%,alto
,1.0,1.0,2.0,7.0,0.64,Grazer AK,104.45%,alto
,,,2.0,9.0,0.18,Hartberg,90.00%,alto
,,1.0,4.0,6.0,0.55,LASK Linz,68.63%,alto
,1.0,2.0,7.0,1.0,1.27,Rapid Wien,104.45%,alto
,,3.0,3.0,5.0,0.82,Salzburg,31.49%,bom
1.0,,3.0,4.0,3.0,1.27,Sturm Graz,45.76%,moderado
,,,3.0,8.0,0.27,Tirol,64.28%,alto
,1.0,1.0,1.0,8.0,0.55,Wolfsberger AC,127.27%,alto
,,,3.0,9.0,0.25,A. Lustenau,70.71%,alto
,1.0,2.0,5.0,4.0,1.00,Admira Wacker,60.86%,alto
,,3.0,4.0,5.0,0.83,Amstetten,25.00%,bom
,,3.0,5.0,5.0,0.85,Bregenz,26.65%,bom
,2.0,2.0,2.0,6.0,1.00,First Vienna,66.67%,alto
,,,5.0,7.0,0.42,Floridsdorfer,23.57%,bom
1.0,,2.0,5.0,4.0,1.17,Kapfenberger,60.86%,alto
,,1.0,7.0,4.0,0.75,Lafnitz,75.00%,alto
,,2.0,5.0,6.0,0.69,Liefering,48.04%,moderado
1.0,2.0,,4.0,6.0,1.08,Rapid Wien B,68.23%,alto
,,4.0,3.0,4.0,1.00,Ried,15.75%,baixo
,,,3.0,9.0,0.25,St. Polten,70.71%,alto
,,,3.0,9.0,0.25,Stripfing,70.71%,alto
,,2.0,4.0,5.0,0.73,Sturm Graz B,41.66%,moderado
,1.0,3.0,3.0,6.0,0.92,SV Horn,63.43%,alto
,,,5.0,7.0,0.42,Voitsberg,23.57%,bom
,1.0,3.0,5.0,6.0,0.93,Anderlecht,59.13%,alto
,,4.0,4.0,7.0,0.80,Antwerp,34.64%,bom
,,,5.0,10.0,0.33,Beerschot,47.14%,moderado
,1.0,1.0,3.0,10.0,0.53,Cercle Brugge,113.92%,alto
,1.0,,5.0,9.0,0.53,Charleroi,80.00%,alto
,1.0,4.0,4.0,6.0,1.00,Club Brugge,54.97%,moderado
,,1.0,5.0,9.0,0.47,Dender,80.00%,alto
,1.0,3.0,5.0,6.0,0.93,Gent,59.13%,alto
,,2.0,3.0,10.0,0.47,Kortrijk,87.18%,alto
,1.0,1.0,5.0,8.0,0.67,KRC Genk,90.76%,alto
,1.0,1.0,7.0,6.0,0.80,KV Mechelen,85.37%,alto
,,1.0,6.0,8.0,0.53,OH Leuven,72.11%,alto
,,4.0,6.0,5.0,0.93,Royale Union SG,20.00%,baixo
,,3.0,6.0,6.0,0.80,Sint-Truiden,34.64%,bom
,,2.0,2.0,11.0,0.40,Standard Liege,103.92%,alto
,1.0,2.0,8.0,4.0,1.00,Westerlo,82.55%,alto
,,2.0,2.0,3.0,0.86,Anderlecht B,24.74%,bom
,1.0,,4.0,3.0,0.88,Beveren,57.28%,alto
,1.0,1.0,2.0,3.0,1.00,Club Brugge B,54.71%,moderado
,,,4.0,3.0,0.57,Deinze,20.20%,bom
,,,3.0,3.0,0.50,Eupen,0.00%,baixo
,,1.0,2.0,4.0,0.57,Francs Borains,65.47%,alto
,,,3.0,5.0,0.38,KRC Genk B,35.36%,bom
,,1.0,3.0,3.0,0.71,La Louviere,49.49%,moderado
,,2.0,4.0,2.0,1.00,Lierse K.,43.30%,moderado
,1.0,,2.0,4.0,0.71,Lokeren-Temse,65.47%,alto
,,,3.0,4.0,0.43,Lommel SK,20.20%,bom
,,3.0,4.0,1.0,1.25,Patro Eisden,57.28%,alto
,1.0,1.0,3.0,3.0,1.00,RFC Liege,57.74%,alto
,,1.0,5.0,2.0,0.88,RWDM,78.06%,alto
,,,4.0,4.0,0.50,Seraing,0.00%,baixo
,,2.0,3.0,3.0,0.88,Zulte-Waregem,21.65%,bom
,,1.0,,2.0,0.67,Corinthians,47.14%,moderado
,,1.0,1.0,,1.50,Cruzeiro,0.00%,baixo
,1.0,,,1.0,1.50,Flamengo,0.00%,baixo
,,,2.0,1.0,0.67,Fluminense,47.14%,moderado
,,1.0,,2.0,0.67,Fortaleza,47.14%,moderado
,,1.0,1.0,1.0,1.00,Gremio,0.00%,baixo
,,1.0,,1.0,1.00,Internacional,0.00%,baixo
,,1.0,2.0,,1.33,Juventude,47.14%,moderado
,,1.0,,1.0,1.00,Mirassol,0.00%,baixo
,,1.0,,1.0,1.00,Palmeiras,0.00%,baixo
,,1.0,,1.0,1.00,Santos,0.00%,baixo
,,1.0,,2.0,0.67,Sao Paulo,47.14%,moderado
,,,1.0,1.0,0.50,Sport Recife,0.00%,baixo
,,1.0,,2.0,0.67,Vasco da Gama,47.14%,moderado
,,,1.0,1.0,0.50,Vitoria,0.00%,baixo
,,,2.0,1.0,0.67,America MG,47.14%,moderado
,1.0,,1.0,,2.00,Criciuma,0.00%,baixo
,,,1.0,1.0,0.50,Cuiaba,0.00%,baixo
,,,1.0,1.0,0.50,Ferroviaria,0.00%,baixo
,,,1.0,1.0,0.50,Paysandu,0.00%,baixo
,,1.0,1.0,,1.50,Vila Nova,0.00%,baixo
,3.0,1.0,7.0,4.0,1.20,Arda,66.67%,alto
,,2.0,4.0,9.0,0.53,Beroe,72.11%,alto
,,1.0,6.0,8.0,0.53,Botev Plovdiv,72.11%,alto
,,2.0,3.0,10.0,0.47,Botev Vratsa,87.18%,alto
,,2.0,5.0,8.0,0.60,Cherno More,60.00%,alto
,1.0,1.0,6.0,6.0,0.79,CSKA 1948 Sofia,82.48%,alto
,,1.0,8.0,6.0,0.67,CSKA Sofia,72.11%,alto
,,,4.0,11.0,0.27,Hebar,66.00%,alto
,,,5.0,10.0,0.33,L. Krumovgrad,47.14%,moderado
,,2.0,10.0,3.0,0.93,Levski Sofia,87.18%,alto
,,1.0,4.0,10.0,0.40,Lok. Plovdiv,91.65%,alto
,,1.0,4.0,10.0,0.40,Lokomotiv Sofia,91.65%,alto
,1.0,2.0,6.0,6.0,0.87,Ludogorets,70.13%,alto
,1.0,,6.0,7.0,0.64,Septemvri Sofia,68.88%,alto
,1.0,3.0,5.0,6.0,0.93,Slavia Sofia,59.13%,alto
,,3.0,5.0,7.0,0.73,Spartak Varna,40.00%,bom
,,1.0,,1.0,1.00,Pacific,0.00%,baixo
,,1.0,2.0,,1.33,Beijing Guoan,47.14%,moderado
,,,1.0,2.0,0.33,Changchun Yatai,47.14%,moderado
,,,3.0,1.0,0.75,Chengdu,70.71%,alto
,,,1.0,2.0,0.33,Dalian Yingbo,47.14%,moderado
,,,2.0,1.0,0.67,Henan SL,47.14%,moderado
,1.0,,1.0,3.0,0.80,Meizhou Hakka,69.28%,alto
,,1.0,,3.0,0.50,Qingdao Hainiu,70.71%,alto
,1.0,,2.0,2.0,1.00,Qingdao West C.,34.64%,bom
,,2.0,3.0,1.0,1.17,S. Shenhua,50.00%,moderado
1.0,,,1.0,2.0,1.25,Shandong T.,43.30%,moderado
,,1.0,3.0,1.0,1.00,Shanghai Port,69.28%,alto
,,,2.0,1.0,0.67,Sichuan Jiuniu,47.14%,moderado
,,,1.0,4.0,0.20,Tianjin T.,84.85%,alto
,1.0,,1.0,1.0,1.33,Wuhan Three T.,0.00%,baixo
,,1.0,2.0,,1.33,Zhejiang,47.14%,moderado
,,,2.0,1.0,0.67,Chongqing T.,47.14%,moderado
,,1.0,,1.0,1.00,Foshan Nanshi,0.00%,baixo
,,1.0,,1.0,1.00,Guangdong GZP,0.00%,baixo
,,,1.0,2.0,0.33,Nanjing City,47.14%,moderado
,,1.0,,2.0,0.67,Nantong Zhiyun,47.14%,moderado
,,,1.0,1.0,0.50,Shanghai Jiadin,0.00%,baixo
,,1.0,1.0,1.0,1.00,Shenzhen J.,0.00%,baixo
,,,4.0,3.0,0.57,A. Bucaramanga,20.20%,bom
1.0,,,4.0,2.0,1.14,A. Nacional,65.47%,alto
,,1.0,2.0,4.0,0.57,A. Petrolera,65.47%,alto
,,1.0,4.0,3.0,0.75,America de Cali,57.28%,alto
,,,3.0,4.0,0.43,Boyaca Chico,20.20%,bom
,,2.0,3.0,2.0,1.00,D. Pereira,24.74%,bom
,,1.0,2.0,4.0,0.57,Deportes Tolima,65.47%,alto
,,1.0,2.0,5.0,0.50,Deportivo Cali,78.06%,alto
,2.0,1.0,3.0,1.0,1.57,Deportivo Pasto,54.71%,moderado
,,,2.0,4.0,0.33,Envigado,47.14%,moderado
,,,3.0,4.0,0.43,Fortaleza CEIF,20.20%,bom
,,1.0,2.0,4.0,0.57,I. Medelin,65.47%,alto
,,,6.0,2.0,0.75,Junior,70.71%,alto
,,,3.0,5.0,0.38,La Equidad,35.36%,bom
,,1.0,3.0,3.0,0.71,Llaneros,49.49%,moderado
,,,3.0,4.0,0.43,Millonarios,20.20%,bom
,,,6.0,2.0,0.75,Once Caldas,70.71%,alto
,,,1.0,6.0,0.14,R. Aguilas,101.02%,alto
,,3.0,2.0,3.0,1.00,Santa Fe,21.65%,bom
,,,1.0,7.0,0.13,Union Magdalena,106.07%,alto
,,1.0,1.0,4.0,0.50,Atletico Cali,86.60%,alto
,,,3.0,3.0,0.50,Atletico Huila,0.00%,baixo
,,,2.0,3.0,0.40,Barranquilla,28.28%,bom
,,1.0,,4.0,0.40,Boca Juniors,84.85%,alto
,,,3.0,3.0,0.50,Bogota,0.00%,baixo
,1.0,1.0,3.0,1.0,1.33,Cucuta,66.67%,alto
,,,2.0,4.0,0.33,D. Quindio,47.14%,moderado
,,1.0,2.0,2.0,0.80,Inter Palmira,34.64%,bom
,1.0,,1.0,3.0,0.80,Jaguares de C.,69.28%,alto
,1.0,,2.0,2.0,1.00,Leones,34.64%,bom
,,1.0,3.0,2.0,0.83,Orsomarso,50.00%,moderado
,,2.0,2.0,2.0,1.00,Patriotas,0.00%,baixo
1.0,,2.0,,3.0,1.33,R. Cundinamarca,50.00%,moderado
,,1.0,4.0,,1.20,Real Cartagena,84.85%,alto
,,,3.0,4.0,0.43,Real Santander,20.20%,bom
,,,3.0,3.0,0.50,Tigres,0.00%,baixo
,2.0,,4.0,5.0,0.91,Alajuelense,41.66%,moderado
,,1.0,6.0,4.0,0.73,Cartagines,68.63%,alto
,,1.0,5.0,5.0,0.64,Guanacasteca,62.98%,alto
,,1.0,5.0,5.0,0.64,Herediano,62.98%,alto
,,1.0,5.0,5.0,0.64,M. Liberia,62.98%,alto
,,1.0,1.0,9.0,0.27,Puntarenas,125.97%,alto
,1.0,2.0,2.0,6.0,0.82,San Carlos,80.63%,alto
,,1.0,5.0,5.0,0.64,Santa Ana,62.98%,alto
,,2.0,4.0,5.0,0.73,Santos Guapiles,41.66%,moderado
,,4.0,4.0,3.0,1.09,Saprissa,15.75%,baixo
1.0,,1.0,2.0,7.0,0.73,Sporting SJ,104.45%,alto
,,2.0,2.0,7.0,0.55,Zeledon,78.73%,alto
1.0,,,2.0,6.0,0.67,Alajuelense,88.19%,alto
,1.0,2.0,2.0,4.0,1.00,Cartagines,55.92%,alto
,,1.0,1.0,7.0,0.33,Guanacasteca,115.47%,alto
,,4.0,2.0,4.0,1.00,Herediano,34.64%,bom
,,2.0,3.0,5.0,0.70,M. Liberia,45.83%,moderado
,,1.0,5.0,3.0,0.78,Puntarenas,66.67%,alto
,,,5.0,4.0,0.56,Santa Ana,15.71%,baixo
,,,8.0,2.0,0.80,Santos Guapiles,84.85%,alto
,1.0,1.0,4.0,3.0,1.00,Saprissa,66.67%,alto
,,1.0,3.0,6.0,0.50,Sporting SJ,75.50%,alto
,,1.0,1.0,7.0,0.33,Zeledon,115.47%,alto
,,,4.0,9.0,0.31,Bijelo Brdo,54.39%,moderado
,,,4.0,9.0,0.31,C. Zmijavci,54.39%,moderado
,,,4.0,10.0,0.29,Cibalia,60.61%,alto
,1.0,3.0,1.0,9.0,0.71,Dubrava Zagreb,108.17%,alto
,,1.0,3.0,9.0,0.38,Dugopolje,96.08%,alto
,,,5.0,8.0,0.38,Jarun,32.64%,bom
1.0,,,4.0,8.0,0.62,Opatija,81.04%,alto
,,2.0,7.0,5.0,0.79,Orijent,53.93%,moderado
,,1.0,4.0,8.0,0.46,Rudes,81.04%,alto
,,3.0,5.0,6.0,0.79,Sesvete,32.73%,bom
,1.0,2.0,3.0,8.0,0.71,Vukovar,88.83%,alto
,,,3.0,10.0,0.23,Zrinski J.,76.15%,alto
,1.0,3.0,4.0,7.0,0.87,Banik Ostrava,66.67%,alto
,,1.0,4.0,10.0,0.40,Bohemians,91.65%,alto
,,1.0,1.0,13.0,0.20,C. Budejovice,138.56%,alto
,,,4.0,11.0,0.27,Dukla Praha,66.00%,alto
,,2.0,5.0,8.0,0.60,Hradec Kralove,60.00%,alto
1.0,,3.0,3.0,8.0,0.87,Jablonec,79.63%,alto
,,2.0,7.0,6.0,0.73,Karvina,52.92%,moderado
,,1.0,6.0,8.0,0.53,Mlada Boleslav,72.11%,alto
,,,2.0,13.0,0.13,Pardubice,103.71%,alto
,,2.0,8.0,5.0,0.80,Sigma Olomouc,60.00%,alto
,2.0,2.0,8.0,3.0,1.20,Slavia Prague,76.59%,alto
,,,6.0,9.0,0.40,Slovacko,28.28%,bom
,1.0,3.0,5.0,6.0,0.93,Slovan Liberec,59.13%,alto
,1.0,,9.0,5.0,0.80,Sparta Prague,80.00%,alto
,,1.0,5.0,9.0,0.47,Teplice,80.00%,alto
1.0,,5.0,4.0,5.0,1.20,Viktoria Plzen,50.48%,moderado
,,1.0,3.0,7.0,0.45,Banik Ostrava B,83.32%,alto
1.0,,3.0,6.0,2.0,1.33,Chrudim,72.01%,alto
,,3.0,5.0,4.0,0.92,Jihlava,25.00%,bom
,,2.0,3.0,8.0,0.54,Lisen,74.18%,alto
,,2.0,5.0,5.0,0.75,Opava,43.30%,moderado
,1.0,,4.0,7.0,0.58,Prostejov,75.00%,alto
,,1.0,5.0,6.0,0.58,Sigma Olomouc B,66.14%,alto
,,2.0,6.0,4.0,0.83,Slavia Prague B,50.00%,moderado
,1.0,3.0,3.0,5.0,1.00,Sparta Prague B,54.43%,moderado
,,,4.0,9.0,0.31,Taborsko,54.39%,moderado
,,2.0,4.0,6.0,0.67,Varnsdorf,50.00%,moderado
,1.0,2.0,5.0,4.0,1.00,Vikto Zizkov,60.86%,alto
,,,6.0,6.0,0.50,Vlasim,0.00%,baixo
,,1.0,3.0,8.0,0.42,Vyskov,90.14%,alto
,,,3.0,8.0,0.27,Zbrojovka Brno,64.28%,alto
,,1.0,9.0,2.0,0.92,Zlin,108.97%,alto
,,1.0,3.0,10.0,0.36,Aalborg BK,101.27%,alto
,1.0,1.0,8.0,3.0,1.00,AGF Aarhus,101.66%,alto
,,,7.0,6.0,0.54,Brondby IF,10.88%,baixo
,,1.0,7.0,5.0,0.69,FC Kobenhavn,70.50%,alto
,1.0,1.0,8.0,3.0,1.00,FC Midtjylland,101.66%,alto
,,,3.0,10.0,0.23,Lyngby,76.15%,alto
1.0,2.0,4.0,2.0,4.0,1.54,Nordsjaelland,51.60%,moderado
,,3.0,6.0,4.0,0.92,Randers FC,35.25%,bom
1.0,1.0,3.0,2.0,6.0,1.15,Silkeborg,79.76%,alto
,,2.0,8.0,3.0,0.92,SonderjyskE,74.18%,alto
,,1.0,5.0,8.0,0.50,Vejle BK,75.25%,alto
,2.0,3.0,5.0,4.0,1.21,Viborg,36.89%,bom
,,1.0,5.0,7.0,0.54,AC Horsens,70.50%,alto
,,2.0,2.0,9.0,0.46,B 93,93.26%,alto
,,1.0,5.0,7.0,0.54,Esbjerg,70.50%,alto
1.0,2.0,2.0,2.0,6.0,1.23,Fredericia,74.98%,alto
,1.0,1.0,1.0,10.0,0.46,HB Koge,138.46%,alto
,,2.0,7.0,4.0,0.85,Hillerod,58.08%,alto
,1.0,1.0,5.0,7.0,0.71,Hobro,85.71%,alto
,1.0,,5.0,8.0,0.57,Hvidovre,75.25%,alto
,,,5.0,8.0,0.38,Kolding IF,32.64%,bom
,,6.0,3.0,4.0,1.15,Odense BK,35.25%,bom
,,1.0,4.0,8.0,0.46,Roskilde,81.04%,alto
,,,5.0,9.0,0.36,Vendsyssel,40.41%,moderado
,1.0,1.0,4.0,5.0,0.82,Aarhus Fremad,74.97%,alto
,1.0,2.0,3.0,5.0,0.91,AB Copenhagen,62.10%,alto
,,,6.0,5.0,0.55,BK Frem,12.86%,baixo
,,,3.0,8.0,0.27,Fremad Amager,64.28%,alto
,,,3.0,8.0,0.27,Hellerup IK,64.28%,alto
,,,5.0,6.0,0.45,Helsingor,12.86%,baixo
,,1.0,2.0,8.0,0.36,Ishoj,103.25%,alto
,,3.0,5.0,3.0,1.00,Middelfart,31.49%,bom
,,2.0,3.0,6.0,0.64,Naestved,56.77%,alto
,,1.0,3.0,7.0,0.45,Nykobing,83.32%,alto
,,1.0,4.0,6.0,0.55,Skive,68.63%,alto
,,1.0,4.0,6.0,0.55,Thisted,68.63%,alto
,1.0,1.0,1.0,1.0,1.50,Aucas,0.00%,baixo
,,,1.0,3.0,0.25,Barcelona SC,70.71%,alto
,,2.0,2.0,,1.50,Cuniburo,0.00%,baixo
,,,2.0,2.0,0.50,D. Cuenca,0.00%,baixo
,,,1.0,3.0,0.25,Delfin,70.71%,alto
,,,1.0,4.0,0.20,El Nacional,84.85%,alto
,,,2.0,3.0,0.40,Emelec,28.28%,bom
,,2.0,2.0,1.0,1.20,I. del Valle,34.64%,bom
,,1.0,1.0,2.0,0.75,LDU Quito,43.30%,moderado
,,,3.0,2.0,0.60,Libertad,28.28%,bom
,,,1.0,3.0,0.25,Macara,70.71%,alto
,,1.0,4.0,,1.20,Manta,84.85%,alto
,,1.0,1.0,3.0,0.60,Mushuc Runa,69.28%,alto
,,2.0,1.0,1.0,1.25,Orense,43.30%,moderado
,,,3.0,1.0,0.75,Tecnico U.,70.71%,alto
,,,4.0,1.0,0.80,U. Catolica,84.85%,alto
,1.0,,1.0,1.0,1.33,Cumbaya,0.00%,baixo
,,,2.0,1.0,0.67,Gualaceo,47.14%,moderado
,,,1.0,2.0,0.33,Guayaquil City,47.14%,moderado
,,1.0,,2.0,0.67,I. Juniors,47.14%,moderado
,,,1.0,1.0,0.50,Imbabura,0.00%,baixo
,,,1.0,1.0,0.50,Nueve Octubre,0.00%,baixo
,,,1.0,2.0,0.33,San Antonio,47.14%,moderado
,,,2.0,1.0,0.67,Vargas Torres,47.14%,moderado
,,3.0,8.0,5.0,0.88,Arsenal,47.19%,moderado
,1.0,2.0,7.0,7.0,0.82,Aston Villa,75.33%,alto
,1.0,,6.0,9.0,0.56,Bournemouth,75.78%,alto
1.0,1.0,2.0,7.0,6.0,1.06,Brentford,84.73%,alto
,,2.0,6.0,8.0,0.63,Brighton,57.28%,alto
1.0,1.0,1.0,6.0,7.0,0.94,Chelsea,94.79%,alto
,,,6.0,11.0,0.35,Crystal Palace,41.59%,moderado
,2.0,2.0,1.0,12.0,0.65,Everton,122.07%,alto
,1.0,1.0,9.0,6.0,0.82,Fulham,92.88%,alto
,,,8.0,9.0,0.47,Ipswich Town,8.32%,baixo
,,,3.0,14.0,0.18,Leicester City,91.51%,alto
,2.0,1.0,7.0,6.0,0.94,Liverpool,73.60%,alto
,2.0,6.0,6.0,2.0,1.50,Manchester City,57.74%,alto
,,3.0,3.0,11.0,0.53,Manchester Utd,81.51%,alto
2.0,,,11.0,3.0,1.19,Newcastle Utd,92.49%,alto
,2.0,,7.0,7.0,0.81,Nottm Forest,54.13%,moderado
,,1.0,5.0,10.0,0.44,Southampton,84.55%,alto
,,5.0,5.0,6.0,0.94,Tottenham,10.83%,baixo
,,4.0,2.0,11.0,0.59,West Ham Utd,83.40%,alto
,,2.0,8.0,6.0,0.75,Wolverhampton,57.28%,alto
,,2.0,8.0,12.0,0.55,Blackburn,68.63%,alto
,1.0,3.0,4.0,14.0,0.59,Bristol City,105.50%,alto
,,4.0,8.0,9.0,0.76,Burnley,37.80%,bom
,,2.0,4.0,15.0,0.38,Cardiff City,100.00%,alto
1.0,,4.0,8.0,9.0,0.91,Coventry City,67.22%,alto
,1.0,1.0,7.0,13.0,0.55,Derby County,104.45%,alto
,,1.0,7.0,13.0,0.43,Hull City,85.71%,alto
,1.0,5.0,10.0,5.0,1.10,Leeds Utd,70.20%,alto
,,1.0,7.0,13.0,0.43,Luton Town,85.71%,alto
,1.0,2.0,10.0,9.0,0.77,Middlesbrough,84.63%,alto
,,3.0,3.0,15.0,0.43,Millwall,98.97%,alto
,,6.0,8.0,8.0,0.91,Norwich City,15.75%,baixo
,,,9.0,13.0,0.41,Oxford Utd,25.71%,bom
,,2.0,5.0,14.0,0.43,Plymouth,89.21%,alto
,,5.0,3.0,13.0,0.62,Portsmouth,75.59%,alto
,,1.0,8.0,13.0,0.45,Preston,82.20%,alto
,,4.0,8.0,9.0,0.76,QP Rangers,37.80%,bom
,,3.0,11.0,8.0,0.77,Sheffield Utd,55.11%,alto
,,2.0,6.0,13.0,0.48,Sheffield Wed,79.54%,alto
,1.0,2.0,8.0,11.0,0.68,Stoke City,87.20%,alto
,1.0,2.0,11.0,7.0,0.86,Sunderland,88.49%,alto
,2.0,3.0,9.0,8.0,0.95,Swansea City,63.85%,alto
,,1.0,8.0,13.0,0.45,Watford,82.20%,alto
1.0,1.0,2.0,6.0,11.0,0.81,West Brom,102.96%,alto
,,3.0,9.0,9.0,0.71,Barnsley,49.49%,moderado
,1.0,2.0,11.0,8.0,0.82,Birmingham City,87.20%,alto
,,2.0,7.0,11.0,0.55,Blackpool,67.64%,alto
1.0,,1.0,4.0,16.0,0.45,Bolton,129.84%,alto
,,,13.0,8.0,0.62,Bristol Rovers,33.67%,bom
,1.0,4.0,6.0,9.0,0.85,Burton Albion,67.33%,alto
,,4.0,3.0,14.0,0.52,Cambridge Utd,86.90%,alto
,,4.0,6.0,12.0,0.64,Charlton,56.77%,alto
,,2.0,6.0,13.0,0.48,Crawley Town,79.54%,alto
,,1.0,7.0,14.0,0.41,Exeter City,88.72%,alto
1.0,,1.0,5.0,15.0,0.50,Huddersfield,120.15%,alto
,2.0,1.0,8.0,11.0,0.73,Leyton Orient,87.20%,alto
,1.0,2.0,9.0,9.0,0.76,Lincoln City,82.84%,alto
,,3.0,8.0,9.0,0.70,Mansfield,48.22%,moderado
,,2.0,4.0,15.0,0.38,Northampton,100.00%,alto
1.0,1.0,4.0,7.0,9.0,1.00,Peterborough,81.31%,alto
,,3.0,6.0,13.0,0.55,Reading,69.98%,alto
,1.0,3.0,5.0,13.0,0.64,Rotherham,95.63%,alto
,,1.0,7.0,14.0,0.41,Shrewsbury,88.72%,alto
,,1.0,7.0,13.0,0.43,Stevenage,85.71%,alto
,1.0,2.0,10.0,8.0,0.81,Stockport,84.29%,alto
,,2.0,6.0,13.0,0.48,Wigan Athletic,79.54%,alto
,,5.0,7.0,10.0,0.77,Wrexham,34.32%,bom
,,1.0,6.0,14.0,0.38,Wycombe,93.68%,alto
,1.0,2.0,8.0,11.0,0.68,AFC Fylde,87.20%,alto
,1.0,4.0,6.0,11.0,0.77,Aldershot Town,76.42%,alto
1.0,1.0,3.0,9.0,8.0,1.00,Altrincham,87.43%,alto
1.0,2.0,4.0,9.0,6.0,1.23,Barnet,72.94%,alto
,,2.0,10.0,10.0,0.64,Boston Utd,62.98%,alto
,,2.0,6.0,13.0,0.48,Braintree Town,79.54%,alto
,,3.0,8.0,11.0,0.64,Dagenham & R.,55.11%,alto
,,4.0,13.0,4.0,1.00,Eastleigh,74.23%,alto
,,,4.0,17.0,0.19,Ebbsfleet Utd,87.55%,alto
,,3.0,7.0,11.0,0.62,Forest Green,57.14%,alto
,2.0,6.0,5.0,9.0,1.05,Gateshead FC,52.49%,moderado
,,1.0,6.0,14.0,0.38,Halifax Town,93.68%,alto
,,1.0,4.0,16.0,0.29,Hartlepool,113.39%,alto
,,3.0,7.0,12.0,0.59,Maidenhead Utd,61.49%,alto
,1.0,2.0,8.0,11.0,0.68,Oldham,87.20%,alto
,,3.0,5.0,13.0,0.52,Rochdale,75.59%,alto
,,3.0,8.0,9.0,0.70,Solihull Moors,48.22%,moderado
,,4.0,8.0,10.0,0.73,Southend Utd,41.66%,moderado
1.0,,,6.0,14.0,0.48,Sutton Utd,93.68%,alto
,1.0,2.0,7.0,12.0,0.64,Tamworth,92.11%,alto
,,3.0,6.0,12.0,0.57,Wealdstone,65.47%,alto
,1.0,,5.0,16.0,0.36,Woking,105.92%,alto
,,2.0,6.0,14.0,0.45,Yeovil Town,83.32%,alto
2.0,,3.0,8.0,8.0,1.05,York City,60.98%,alto
,,,2.0,1.0,0.67,B36 Torshavn,47.14%,moderado
,,,1.0,1.0,0.50,B68 Toftir,0.00%,baixo
,1.0,,2.0,,1.67,HB Torshavn,47.14%,moderado
,,1.0,3.0,,1.25,Klaksvik,70.71%,alto
1.0,,1.0,,2.0,1.50,NSI Runavik,43.30%,moderado
,,,1.0,2.0,0.33,Streymur,47.14%,moderado
,,,1.0,3.0,0.25,TB Tvoroyri,70.71%,alto
,,,1.0,2.0,0.33,Haka,47.14%,moderado
,,1.0,1.0,,1.50,Ilves,0.00%,baixo
,,,1.0,1.0,0.50,Inter Turku,0.00%,baixo
,,,1.0,2.0,0.33,KTP,47.14%,moderado
,,,1.0,1.0,0.50,KuPS,0.00%,baixo
,,,1.0,1.0,0.50,Mariehamn,0.00%,baixo
,,1.0,1.0,,1.50,Inter Turku B,0.00%,baixo
,,2.0,3.0,10.0,0.47,Angers,87.18%,alto
,,2.0,5.0,8.0,0.60,Auxerre,60.00%,alto
,,4.0,6.0,5.0,0.93,Brest,20.00%,baixo
,,1.0,5.0,9.0,0.47,Le Havre,80.00%,alto
,,2.0,3.0,10.0,0.47,Lens,87.18%,alto
,,4.0,6.0,5.0,0.93,Lille,20.00%,baixo
,1.0,,8.0,5.0,0.79,Lyon,75.25%,alto
,1.0,,6.0,8.0,0.60,Marseille,72.11%,alto
,,3.0,6.0,7.0,0.75,Monaco,39.03%,bom
,,1.0,4.0,10.0,0.40,Montpellier,91.65%,alto
,,,6.0,7.0,0.46,Nantes,10.88%,baixo
1.0,1.0,,8.0,5.0,1.13,Nice,90.76%,alto
1.0,,4.0,8.0,2.0,1.33,Paris SG,82.55%,alto
,,1.0,8.0,7.0,0.63,Reims,70.99%,alto
,,3.0,6.0,7.0,0.75,Rennes,39.03%,bom
,,1.0,6.0,8.0,0.53,Saint-Etienne,72.11%,alto
,,,8.0,6.0,0.57,Strasbourg,20.20%,bom
,,1.0,3.0,11.0,0.33,Toulouse,105.83%,alto
,,1.0,3.0,12.0,0.31,AC Ajaccio,109.86%,alto
,,2.0,6.0,8.0,0.63,Amiens,57.28%,alto
,,,9.0,5.0,0.64,Annecy,40.41%,moderado
,,,5.0,11.0,0.31,Caen,53.03%,moderado
,,1.0,5.0,10.0,0.44,Clermont,84.55%,alto
,,1.0,7.0,8.0,0.56,Grenoble,70.99%,alto
,,4.0,4.0,7.0,0.80,Guingamp,34.64%,bom
,1.0,1.0,8.0,5.0,0.87,Laval,90.76%,alto
,,3.0,7.0,5.0,0.87,Lorient,40.00%,bom
,1.0,1.0,4.0,10.0,0.56,Martigues,106.07%,alto
,2.0,2.0,6.0,6.0,1.00,Metz,57.74%,alto
,2.0,1.0,8.0,5.0,1.00,Paris FC,79.06%,alto
,,,7.0,8.0,0.47,Pau FC,9.43%,baixo
,1.0,,6.0,8.0,0.60,Red Star,72.11%,alto
,,1.0,3.0,11.0,0.33,Rodez Aveyron,105.83%,alto
,1.0,2.0,5.0,7.0,0.80,SC Bastia,73.43%,alto
,,1.0,3.0,11.0,0.33,Troyes,105.83%,alto
,,3.0,3.0,10.0,0.56,USL Dunkerque,75.78%,alto
,,2.0,7.0,4.0,0.85,Aubagne,58.08%,alto
,,4.0,5.0,5.0,0.93,Boulogne,12.37%,baixo
,,,5.0,9.0,0.36,Bourg-en-Bresse,40.41%,moderado
,,1.0,7.0,6.0,0.64,Chateauroux,68.88%,alto
1.0,,,6.0,7.0,0.71,Concarneau,68.88%,alto
,,2.0,6.0,7.0,0.67,Dijon,52.92%,moderado
,,1.0,8.0,5.0,0.71,Le Mans,75.25%,alto
,,1.0,6.0,7.0,0.57,Nancy,68.88%,alto
,,,5.0,9.0,0.36,Nimes,40.41%,moderado
,,3.0,4.0,7.0,0.71,Orleans,44.61%,moderado
,,1.0,4.0,9.0,0.43,Paris 13 A.,86.60%,alto
,,2.0,5.0,7.0,0.64,Quevilly Rouen,53.93%,moderado
1.0,1.0,2.0,3.0,8.0,0.93,Rouen,97.18%,alto
,,,3.0,11.0,0.21,Sochaux,80.81%,alto
,1.0,1.0,5.0,7.0,0.71,Valenciennes,85.71%,alto
,,2.0,4.0,9.0,0.53,Versailles,72.11%,alto
,,1.0,4.0,9.0,0.43,Villefranche,86.60%,alto
,1.0,,2.0,2.0,1.00,Dila Gori,34.64%,bom
,,1.0,3.0,1.0,1.00,Dinamo Batumi,69.28%,alto
,,,2.0,2.0,0.50,Dinamo Tbilisi,0.00%,baixo
,,,1.0,2.0,0.33,Gareji Sagarejo,47.14%,moderado
,,,3.0,2.0,0.60,Iberia,28.28%,bom
,,,1.0,4.0,0.20,Kolkheti Poti,84.85%,alto
1.0,1.0,,,3.0,1.60,Samgurali,69.28%,alto
,,,1.0,3.0,0.25,Telavi,70.71%,alto
,,1.0,1.0,2.0,0.75,Torpedo Kutaisi,43.30%,moderado
,2.0,4.0,5.0,4.0,1.27,Bayern Munich,33.55%,bom
,,3.0,,12.0,0.40,Bochum,84.85%,alto
,2.0,3.0,6.0,4.0,1.20,Dortmund,45.54%,moderado
1.0,,4.0,6.0,4.0,1.20,E. Frankfurt,54.97%,moderado
,,1.0,6.0,8.0,0.53,FC Augsburg,72.11%,alto
,1.0,3.0,5.0,6.0,0.93,Freiburg,59.13%,alto
,,3.0,5.0,7.0,0.73,FSV Mainz,40.00%,bom
,,1.0,3.0,11.0,0.33,Heidenheim,105.83%,alto
,1.0,2.0,4.0,8.0,0.73,Hoffenheim,82.55%,alto
1.0,1.0,,5.0,8.0,0.80,Holstein Kiel,90.76%,alto
,,6.0,4.0,5.0,1.07,Leverkusen,20.00%,baixo
,2.0,1.0,5.0,7.0,0.87,Monchengladbach,73.43%,alto
,,4.0,5.0,6.0,0.87,RB Leipzig,20.00%,baixo
,,,3.0,12.0,0.20,Sankt Pauli,84.85%,alto
,1.0,2.0,4.0,8.0,0.73,Stuttgart,82.55%,alto
1.0,,3.0,2.0,9.0,0.80,Union Berlin,95.84%,alto
,1.0,1.0,6.0,7.0,0.73,Werder Bremen,85.37%,alto
,,,4.0,11.0,0.27,Wolfsburg,66.00%,alto
,,,7.0,8.0,0.47,Braunschweig,9.43%,baixo
,,3.0,7.0,5.0,0.87,Darmstadt,40.00%,bom
,1.0,2.0,6.0,6.0,0.87,Dusseldorf,70.13%,alto
1.0,1.0,4.0,5.0,5.0,1.25,Elversberg,64.04%,alto
1.0,1.0,2.0,3.0,8.0,0.93,FC Koln,97.18%,alto
,2.0,,5.0,8.0,0.73,FC Nurnberg,60.00%,alto
,,2.0,8.0,5.0,0.80,Greuther Furth,60.00%,alto
,3.0,4.0,4.0,4.0,1.40,Hamburger SV,13.33%,baixo
,,1.0,6.0,8.0,0.53,Hannover 96,72.11%,alto
,,,3.0,11.0,0.21,Hertha Berlin,80.81%,alto
,1.0,2.0,7.0,5.0,0.93,Kaiserslautern,73.43%,alto
,,2.0,8.0,5.0,0.80,Karlsruher SC,60.00%,alto
,,3.0,4.0,8.0,0.67,Magdeburg,52.92%,moderado
,1.0,,7.0,7.0,0.67,Paderborn,69.28%,alto
,,,8.0,7.0,0.53,Preuss. Munster,9.43%,baixo
,,,5.0,10.0,0.33,Regensburg,47.14%,moderado
,2.0,3.0,4.0,6.0,1.07,Schalke 04,45.54%,moderado
,1.0,1.0,5.0,8.0,0.67,Ulm,90.76%,alto
,1.0,1.0,8.0,7.0,0.76,1860 Munchen,88.82%,alto
,,1.0,6.0,10.0,0.47,Alemannia A.,79.57%,alto
,2.0,2.0,5.0,8.0,0.88,Bielefeld,67.58%,alto
,2.0,2.0,4.0,9.0,0.82,Dortmund B,77.74%,alto
,1.0,2.0,8.0,6.0,0.88,Dynamo Dresden,77.74%,alto
1.0,,4.0,7.0,5.0,1.12,Energie Cottbus,58.82%,alto
,,5.0,9.0,3.0,1.12,Erzgebirge Aue,53.91%,moderado
,,3.0,7.0,7.0,0.76,FC Ingolstadt,40.75%,moderado
,,,7.0,10.0,0.41,Hannover 96 B,24.96%,bom
,1.0,3.0,9.0,4.0,1.06,Hansa Rostock,80.08%,alto
,2.0,1.0,6.0,8.0,0.82,Mannheim,77.74%,alto
,,1.0,9.0,7.0,0.65,Osnabruck,73.47%,alto
1.0,1.0,2.0,5.0,8.0,0.94,RW Essen,89.69%,alto
,,4.0,8.0,5.0,0.94,Saarbrucken,36.74%,bom
,,1.0,9.0,7.0,0.65,Sandhausen,73.47%,alto
,,1.0,7.0,8.0,0.56,Unterhaching,70.99%,alto
,,2.0,7.0,8.0,0.65,Verl,56.73%,alto
,1.0,4.0,6.0,6.0,1.00,VfB Stuttgart B,55.60%,alto
,1.0,1.0,8.0,7.0,0.76,Viktoria Koln,88.82%,alto
,,2.0,9.0,6.0,0.76,Wehen Wiesbaden,61.97%,alto
,,,6.0,8.0,0.43,A. Kallithea,20.20%,bom
,,4.0,6.0,4.0,1.00,AEK Athens,24.74%,bom
,,5.0,1.0,7.0,0.85,Aris,70.50%,alto
,,,5.0,8.0,0.38,Asteras T.,32.64%,bom
,,,3.0,10.0,0.23,Atromitos,76.15%,alto
,,,4.0,10.0,0.29,Lamia,60.61%,alto
,,1.0,6.0,7.0,0.57,Levadiakos,68.88%,alto
,,3.0,5.0,5.0,0.85,OFI Crete,26.65%,bom
,,4.0,7.0,4.0,1.00,Olympiakos,34.64%,bom
,,,6.0,9.0,0.40,Panaitolikos,28.28%,bom
,,1.0,8.0,6.0,0.67,Panathinaikos,72.11%,alto
,,2.0,7.0,6.0,0.73,Panserraikos,52.92%,moderado
,,3.0,4.0,7.0,0.71,PAOK,44.61%,moderado
,,,3.0,12.0,0.20,Volos,84.85%,alto
,1.0,1.0,6.0,2.0,1.10,Eastern,95.22%,alto
,,,5.0,3.0,0.63,HK Rangers,35.36%,bom
,,3.0,3.0,5.0,0.82,Hong Kong FC,31.49%,bom
1.0,2.0,1.0,4.0,2.0,1.60,Kitchee,61.24%,alto
,,3.0,4.0,1.0,1.25,Kowloon City,57.28%,alto
,,1.0,3.0,7.0,0.45,LM Warriors,83.32%,alto
1.0,2.0,1.0,2.0,3.0,1.56,North District,46.48%,moderado
,,,6.0,5.0,0.55,Southern D.,12.86%,baixo
,,3.0,4.0,3.0,1.00,Tai Po,17.32%,baixo
,1.0,,7.0,6.0,0.71,Debrecen,68.88%,alto
,,1.0,6.0,8.0,0.53,DVTK,72.11%,alto
,,,6.0,8.0,0.43,Fehervar,20.20%,bom
,1.0,2.0,5.0,6.0,0.86,Ferencvaros,68.01%,alto
,,3.0,5.0,6.0,0.79,Gyor,32.73%,bom
,1.0,2.0,4.0,7.0,0.79,Kecskemeti TE,75.59%,alto
,,2.0,6.0,5.0,0.77,MTK Budapest,48.04%,moderado
,1.0,3.0,1.0,9.0,0.71,Nyiregyhaza,108.17%,alto
,,4.0,7.0,3.0,1.07,Paks,44.61%,moderado
,1.0,1.0,6.0,5.0,0.85,Puskas A.,80.92%,alto
,1.0,2.0,1.0,10.0,0.57,Ujpest,124.54%,alto
,1.0,1.0,5.0,7.0,0.71,Zalaegerszegi,85.71%,alto
,,,1.0,1.0,0.50,Stjarnan,0.00%,baixo
,1.0,,,1.0,1.50,Vikingur R.,0.00%,baixo
1.0,,2.0,3.0,5.0,1.00,Afturelding,62.10%,alto
,,2.0,2.0,7.0,0.55,Dalvik / Reynir,78.73%,alto
,1.0,1.0,4.0,5.0,0.82,Fjolnir,74.97%,alto
,,,6.0,5.0,0.55,Grindavik,12.86%,baixo
,,,7.0,4.0,0.64,Grotta,38.57%,bom
1.0,1.0,2.0,4.0,3.0,1.36,IBV,59.27%,alto
,,1.0,4.0,6.0,0.55,IR Reykjavik,68.63%,alto
1.0,,1.0,7.0,2.0,1.27,Keflavik,104.45%,alto
,,2.0,4.0,5.0,0.73,Leiknir R.,41.66%,moderado
,,3.0,3.0,5.0,0.82,Njardvik,31.49%,bom
,,,3.0,8.0,0.27,Thor Akureyri,64.28%,alto
,,1.0,4.0,6.0,0.55,Throttur R.,68.63%,alto
,,1.0,1.0,3.0,0.60,Bohemians,69.28%,alto
,,,3.0,2.0,0.60,Cork City,28.28%,bom
,,,1.0,4.0,0.20,Derry City,84.85%,alto
,,1.0,4.0,,1.20,Drogheda Utd,84.85%,alto
,,1.0,1.0,3.0,0.60,Galway Utd,69.28%,alto
,,1.0,1.0,2.0,0.75,Shamrock Rovers,43.30%,moderado
,1.0,,1.0,3.0,0.80,Shelbourne,69.28%,alto
,,,2.0,3.0,0.40,Sligo Rovers,28.28%,bom
,,1.0,3.0,2.0,0.83,St. Patricks,50.00%,moderado
,,,1.0,4.0,0.20,Waterford,84.85%,alto
,,,1.0,4.0,0.20,Athlone Town,84.85%,alto
,,1.0,1.0,2.0,0.75,Bray Wanderers,43.30%,moderado
,1.0,,1.0,3.0,0.80,Cobh Ramblers,69.28%,alto
,,,3.0,2.0,0.60,Dundalk,28.28%,bom
,1.0,,2.0,2.0,1.00,Finn Harps,34.64%,bom
,,1.0,1.0,3.0,0.60,Kerry,69.28%,alto
,,,2.0,3.0,0.40,Longford Town,28.28%,bom
,,,3.0,2.0,0.60,Treaty Utd,28.28%,bom
,,,1.0,5.0,0.17,UC Dublin,94.28%,alto
,,,3.0,2.0,0.60,Wexford,28.28%,bom
,,4.0,3.0,8.0,0.73,Ashdod,52.92%,moderado
1.0,,,6.0,7.0,0.79,B. Jerusalem,68.88%,alto
1.0,1.0,1.0,3.0,10.0,0.75,H. Beer Sheva,121.83%,alto
,1.0,1.0,7.0,6.0,0.80,H. Jerusalem,85.37%,alto
,,1.0,3.0,10.0,0.36,Hapoel Hadera,101.27%,alto
,3.0,1.0,6.0,5.0,1.13,Hapoel Haifa,59.13%,alto
,,2.0,3.0,10.0,0.47,Ironi Tiberias,87.18%,alto
,1.0,1.0,3.0,11.0,0.50,Kiryat Shmona,119.02%,alto
1.0,,,4.0,11.0,0.50,M. Bnei Raina,96.22%,alto
,,,3.0,12.0,0.20,M. Petah Tikva,84.85%,alto
,2.0,3.0,5.0,6.0,1.06,M. Tel Aviv,45.64%,moderado
,1.0,2.0,5.0,8.0,0.75,Maccabi Haifa,79.06%,alto
,,2.0,6.0,7.0,0.67,Maccabi Netanya,52.92%,moderado
,,1.0,5.0,8.0,0.50,Sakhnin,75.25%,alto
1.0,1.0,1.0,5.0,9.0,0.82,AC Milan,105.23%,alto
,,3.0,5.0,9.0,0.65,AS Roma,53.91%,moderado
1.0,1.0,2.0,5.0,7.0,1.06,Atalanta,83.85%,alto
,,1.0,6.0,10.0,0.47,Bologna,79.57%,alto
,,,4.0,12.0,0.25,Cagliari,70.71%,alto
,,1.0,8.0,7.0,0.63,Como,70.99%,alto
,,,2.0,14.0,0.13,Empoli,106.07%,alto
,1.0,2.0,8.0,6.0,0.88,Fiorentina,77.74%,alto
,,1.0,2.0,13.0,0.25,Genoa,124.84%,alto
,,1.0,3.0,12.0,0.31,Hellas Verona,109.86%,alto
,1.0,5.0,6.0,4.0,1.19,Inter Milan,54.01%,moderado
,,2.0,6.0,9.0,0.59,Juventus,61.97%,alto
,,2.0,8.0,6.0,0.75,Lazio,57.28%,alto
,,1.0,3.0,13.0,0.29,Lecce,113.45%,alto
,,1.0,5.0,11.0,0.41,Monza,88.82%,alto
,,2.0,6.0,8.0,0.63,Napoli,57.28%,alto
,,1.0,6.0,9.0,0.50,Parma,75.78%,alto
,,,5.0,10.0,0.33,Torino,47.14%,moderado
,,,9.0,7.0,0.56,Udinese,17.68%,baixo
,,,6.0,10.0,0.38,Venezia,35.36%,bom
,1.0,1.0,7.0,8.0,0.71,Bari,88.82%,alto
,2.0,,6.0,8.0,0.75,Brescia,57.28%,alto
,1.0,2.0,3.0,11.0,0.59,Carrarese,107.61%,alto
,2.0,1.0,6.0,8.0,0.82,Catanzaro,77.74%,alto
,1.0,3.0,4.0,9.0,0.76,Cesena,80.08%,alto
,,1.0,2.0,13.0,0.25,Cittadella,124.84%,alto
,,1.0,5.0,11.0,0.41,Cosenza,88.82%,alto
,,1.0,7.0,9.0,0.53,Cremonese,73.47%,alto
,,2.0,6.0,9.0,0.59,Frosinone,61.97%,alto
,,1.0,10.0,5.0,0.75,Juve Stabia,84.55%,alto
,1.0,2.0,1.0,12.0,0.50,Mantova,133.85%,alto
,,3.0,5.0,8.0,0.69,Modena,47.19%,moderado
,1.0,1.0,6.0,8.0,0.69,Palermo,88.98%,alto
,,3.0,7.0,6.0,0.81,Pisa,39.03%,bom
,,2.0,7.0,8.0,0.65,Reggiana,56.73%,alto
,,1.0,4.0,12.0,0.35,Salernitana,100.35%,alto
,,,7.0,10.0,0.41,Sampdoria,24.96%,bom
1.0,,1.0,9.0,5.0,0.94,Sassuolo,95.74%,alto
,1.0,1.0,6.0,8.0,0.69,Spezia,88.98%,alto
,,1.0,9.0,6.0,0.69,Sudtirol,75.78%,alto
,,1.0,6.0,12.0,0.42,AlbinoLeffe,86.96%,alto
,,1.0,4.0,13.0,0.33,Alcione,104.08%,alto
,,2.0,3.0,13.0,0.39,Arzignano,101.38%,alto
,1.0,3.0,4.0,11.0,0.68,Atalanta B,91.56%,alto
,,1.0,7.0,11.0,0.47,Caldiero Terme,79.47%,alto
,,3.0,3.0,12.0,0.50,Clodiense,86.60%,alto
,,3.0,3.0,13.0,0.47,FeralpiSalo,91.16%,alto
,,2.0,6.0,11.0,0.53,Giana Erminio,71.20%,alto
,,,9.0,9.0,0.50,Lecco,0.00%,baixo
,,1.0,5.0,12.0,0.39,Lumezzane,92.80%,alto
,,1.0,7.0,11.0,0.47,Novara,79.47%,alto
,1.0,2.0,9.0,7.0,0.84,Padova,81.31%,alto
,1.0,1.0,5.0,11.0,0.56,Pergolettese,105.02%,alto
,,,7.0,12.0,0.37,Pro Patria,37.22%,bom
,,2.0,4.0,12.0,0.44,Pro Vercelli,88.19%,alto
,,1.0,7.0,11.0,0.47,Renate,79.47%,alto
,,,8.0,10.0,0.44,Trento,15.71%,baixo
,,,4.0,14.0,0.22,Triestina,78.57%,alto
,,5.0,7.0,7.0,0.89,Vicenza,18.23%,baixo
,2.0,,7.0,9.0,0.72,Virtus Verona,60.09%,alto
,,3.0,4.0,11.0,0.56,AC Milan B,72.65%,alto
,,1.0,6.0,11.0,0.44,Arezzo,83.33%,alto
,,,5.0,13.0,0.28,Ascoli,62.85%,alto
,,,8.0,10.0,0.44,Athletic Carpi,15.71%,baixo
,1.0,1.0,4.0,12.0,0.50,Campobasso,115.47%,alto
,1.0,2.0,9.0,6.0,0.89,Entella,82.15%,alto
,,1.0,4.0,13.0,0.33,Gubbio,104.08%,alto
,,1.0,4.0,13.0,0.33,Legnago Salus,104.08%,alto
,2.0,,5.0,11.0,0.61,Lucchese,76.38%,alto
,,1.0,6.0,11.0,0.44,Perugia,83.33%,alto
,1.0,1.0,5.0,11.0,0.56,Pescara,105.02%,alto
,1.0,4.0,5.0,8.0,0.89,Pianese,64.15%,alto
,1.0,1.0,8.0,8.0,0.72,Pineto,89.81%,alto
,1.0,3.0,6.0,8.0,0.83,Pontedera,69.09%,alto
,1.0,1.0,2.0,14.0,0.39,Rimini,141.13%,alto
,,1.0,6.0,11.0,0.44,Sestri Levante,83.33%,alto
,,1.0,3.0,14.0,0.28,SPAL,116.67%,alto
,1.0,5.0,2.0,10.0,0.83,Ternana,89.81%,alto
,,,6.0,12.0,0.33,Torres,47.14%,moderado
,,2.0,6.0,10.0,0.56,Vis Pesaro,66.67%,alto
,,,4.0,2.0,0.67,Albirex Niigata,47.14%,moderado
,,,3.0,3.0,0.50,Avispa Fukuoka,0.00%,baixo
,,1.0,3.0,2.0,0.83,Cerezo Osaka,50.00%,moderado
,,1.0,2.0,4.0,0.57,Fagiano Okayama,65.47%,alto
,,,2.0,3.0,0.40,FC Tokyo,28.28%,bom
,,,3.0,2.0,0.60,Gamba Osaka,28.28%,bom
,,,1.0,4.0,0.20,K. Frontale,84.85%,alto
,1.0,1.0,2.0,2.0,1.17,Kashima Antlers,38.49%,bom
,,,1.0,4.0,0.20,Kyoto Sanga,84.85%,alto
,,,3.0,2.0,0.60,Machida Zelvia,28.28%,bom
,,,3.0,2.0,0.60,Nagoya G.,28.28%,bom
,,,2.0,4.0,0.33,S. Hiroshima,47.14%,moderado
,1.0,1.0,2.0,2.0,1.17,Shimizu S-Pulse,38.49%,bom
,,1.0,1.0,3.0,0.60,Shonan Bellmare,69.28%,alto
,,,1.0,4.0,0.20,Tokyo Verdy,84.85%,alto
,,,3.0,2.0,0.60,Urawa RD,28.28%,bom
,,1.0,,5.0,0.33,Vissel Kobe,94.28%,alto
,,,2.0,5.0,0.29,Yokohama FC,60.61%,alto
,,,3.0,3.0,0.50,Yokohama M.,0.00%,baixo
,,,2.0,2.0,0.50,C. Sapporo,0.00%,baixo
,,,2.0,4.0,0.33,Ehime FC,47.14%,moderado
,,,1.0,5.0,0.17,FC Imabari,94.28%,alto
,,3.0,1.0,1.0,1.40,Fujieda MYFC,69.28%,alto
,,,1.0,4.0,0.20,Iwaki,84.85%,alto
,,1.0,3.0,1.0,1.00,JEF Utd Chiba,69.28%,alto
,,,2.0,3.0,0.40,Jubilo Iwata,28.28%,bom
,,,4.0,1.0,0.80,Kataller Toyama,84.85%,alto
,,1.0,1.0,2.0,0.75,M. Yamagata,43.30%,moderado
,,2.0,1.0,2.0,1.00,Mito Hollyhock,34.64%,bom
,,,2.0,3.0,0.40,Omiya Ardija,28.28%,bom
,,1.0,1.0,4.0,0.50,R. Kumamoto,86.60%,alto
,,,4.0,1.0,0.80,R. Yamaguchi,84.85%,alto
,,,3.0,3.0,0.50,Sagan Tosu,0.00%,baixo
,,1.0,2.0,2.0,0.80,Vegalta Sendai,34.64%,bom
,,1.0,2.0,2.0,0.80,Ventforet Kofu,34.64%,bom
,,,1.0,4.0,0.20,V-V. Nagasaki,84.85%,alto
,,,2.0,3.0,0.40,AC Numazu,28.28%,bom
,,,3.0,2.0,0.60,FC Ryukyu,28.28%,bom
,,1.0,1.0,2.0,0.75,Fukushima Utd,43.30%,moderado
,,1.0,,4.0,0.40,G. Kitakyushu,84.85%,alto
,,,2.0,2.0,0.50,Gainare Tottori,0.00%,baixo
,,,2.0,4.0,0.33,Gifu,47.14%,moderado
,,1.0,2.0,2.0,0.80,Kagoshima Utd,34.64%,bom
,,,2.0,3.0,0.40,Kamatamare S.,28.28%,bom
,,,1.0,4.0,0.20,Kochi United,84.85%,alto
,,2.0,,3.0,0.80,Kusatsu,28.28%,bom
,,,1.0,2.0,0.33,Matsumoto Y.,47.14%,moderado
,,,2.0,3.0,0.40,Nagano Parceiro,28.28%,bom
,,1.0,3.0,2.0,0.83,Nara Club,50.00%,moderado
,,,2.0,4.0,0.33,Osaka,47.14%,moderado
,,,4.0,1.0,0.80,SC Sagamihara,84.85%,alto
,,,2.0,3.0,0.40,T. Miyazaki,28.28%,bom
,1.0,,2.0,1.0,1.25,Tochigi City,43.30%,moderado
,,,3.0,3.0,0.50,Tochigi SC,0.00%,baixo
,,,2.0,2.0,0.50,V. Hachinohe,0.00%,baixo
,,1.0,1.0,1.0,1.00,Z. Kanazawa,0.00%,baixo
,,1.0,1.0,,1.50,Aktobe,0.00%,baixo
,,,1.0,3.0,0.25,Atyrau,70.71%,alto
,,1.0,2.0,,1.33,FC Astana,47.14%,moderado
,1.0,1.0,,,2.50,Kairat Almaty,0.00%,baixo
,,1.0,,2.0,0.67,Kaisar K.,47.14%,moderado
,,1.0,1.0,1.0,1.00,Kyzylzhar,0.00%,baixo
,,,1.0,1.0,0.50,Okzhetpes,0.00%,baixo
,,,1.0,2.0,0.33,Ordabasy,47.14%,moderado
,,,1.0,2.0,0.33,Turan,47.14%,moderado
,,,1.0,1.0,0.50,Yelimay Semey,0.00%,baixo
,,,3.0,2.0,0.60,Banga,28.28%,bom
,,,1.0,3.0,0.25,Dainava,70.71%,alto
,,2.0,1.0,2.0,1.00,Hegelmann L.,34.64%,bom
,,,2.0,1.0,0.67,Kauno Zalgiris,47.14%,moderado
,,,1.0,4.0,0.20,Panevezys,84.85%,alto
,,1.0,1.0,3.0,0.60,Riteriai,69.28%,alto
,,1.0,3.0,,1.25,Siauliai,70.71%,alto
,,,3.0,1.0,0.75,Suduva,70.71%,alto
,,,2.0,2.0,0.50,Zalgiris,0.00%,baixo
,,2.0,5.0,1.0,1.13,A. San Luis,78.06%,alto
,,1.0,3.0,4.0,0.63,Atlas,57.28%,alto
,,1.0,3.0,4.0,0.63,CF America,57.28%,alto
,,,4.0,5.0,0.44,Club Leon,15.71%,baixo
,,4.0,1.0,4.0,1.00,Cruz Azul,57.74%,alto
1.0,,,2.0,6.0,0.67,Guadalajara,88.19%,alto
,,,3.0,5.0,0.38,Juarez,35.36%,bom
,1.0,1.0,1.0,5.0,0.75,Mazatlan,100.00%,alto
,2.0,,3.0,4.0,1.00,Monterrey,33.33%,bom
,,1.0,3.0,5.0,0.56,Necaxa,66.67%,alto
,,2.0,1.0,5.0,0.63,Pachuca,78.06%,alto
,,,4.0,5.0,0.44,Puebla,15.71%,baixo
,,1.0,4.0,3.0,0.75,Pumas UNAM,57.28%,alto
,,,2.0,6.0,0.25,Queretaro,70.71%,alto
,,,2.0,7.0,0.22,Santos Laguna,78.57%,alto
,,,5.0,3.0,0.63,Tigres,35.36%,bom
,,1.0,5.0,3.0,0.78,Tijuana,66.67%,alto
,,4.0,4.0,1.0,1.33,Toluca,57.74%,alto
,,1.0,3.0,5.0,0.56,A. San Luis,66.67%,alto
,,2.0,2.0,5.0,0.67,Atlas,57.74%,alto
,,4.0,2.0,3.0,1.11,CF America,33.33%,bom
,,1.0,4.0,3.0,0.75,Club Leon,57.28%,alto
,,2.0,4.0,2.0,1.00,Cruz Azul,43.30%,moderado
,,2.0,3.0,3.0,0.88,Guadalajara,21.65%,bom
,,1.0,5.0,3.0,0.78,Juarez,66.67%,alto
,,1.0,3.0,5.0,0.56,Mazatlan,66.67%,alto
,,2.0,5.0,1.0,1.13,Monterrey,78.06%,alto
,,2.0,4.0,2.0,1.00,Necaxa,43.30%,moderado
,,3.0,2.0,4.0,0.89,Pachuca,33.33%,bom
,,,3.0,5.0,0.38,Puebla,35.36%,bom
,,1.0,1.0,7.0,0.33,Pumas UNAM,115.47%,alto
,,,5.0,4.0,0.56,Queretaro,15.71%,baixo
,,1.0,2.0,5.0,0.50,Santos Laguna,78.06%,alto
,,,4.0,5.0,0.44,Tigres,15.71%,baixo
,1.0,,5.0,2.0,1.00,Tijuana,78.06%,alto
1.0,1.0,2.0,3.0,1.0,1.75,Toluca,55.90%,alto
,,6.0,6.0,2.0,1.29,Ajax Amsterdam,49.49%,moderado
,,,4.0,10.0,0.29,Almere City,60.61%,alto
,,1.0,5.0,8.0,0.50,AZ Alkmaar,75.25%,alto
,1.0,1.0,4.0,8.0,0.64,FC Groningen,94.76%,alto
,,3.0,8.0,3.0,1.00,FC Twente,61.86%,alto
,1.0,1.0,8.0,6.0,0.81,FC Utrecht,88.98%,alto
,1.0,3.0,5.0,5.0,1.00,Feyenoord,54.71%,moderado
,1.0,,3.0,10.0,0.43,Fortuna Sittard,101.27%,alto
1.0,,2.0,5.0,7.0,0.87,Go Ahead Eagles,73.43%,alto
,,2.0,9.0,4.0,0.87,Heerenveen,72.11%,alto
,,2.0,9.0,4.0,0.87,Heracles Almelo,72.11%,alto
,,2.0,5.0,8.0,0.60,NAC Breda,60.00%,alto
,1.0,,8.0,6.0,0.73,NEC Nijmegen,72.11%,alto
,,2.0,2.0,11.0,0.40,PEC Zwolle,103.92%,alto
1.0,2.0,7.0,2.0,3.0,1.73,PSV Eindhoven,78.17%,alto
,1.0,,5.0,8.0,0.57,RKC Waalwijk,75.25%,alto
,,,7.0,8.0,0.47,Sparta,9.43%,baixo
,,3.0,2.0,10.0,0.53,Willem II,87.18%,alto
,,2.0,11.0,5.0,0.83,ADO Den Haag,76.38%,alto
,,1.0,8.0,8.0,0.59,Cambuur,71.32%,alto
1.0,1.0,5.0,7.0,4.0,1.33,De Graafschap,72.44%,alto
,1.0,3.0,6.0,7.0,0.88,Excelsior,64.79%,alto
,1.0,2.0,7.0,8.0,0.78,FC Den Bosch,78.04%,alto
,1.0,2.0,10.0,4.0,1.00,FC Dordrecht,94.85%,alto
,,2.0,7.0,9.0,0.61,FC Eindhoven,60.09%,alto
,,1.0,7.0,10.0,0.50,FC Emmen,76.38%,alto
,3.0,3.0,5.0,7.0,1.11,FC Volendam,42.55%,moderado
,1.0,3.0,7.0,7.0,0.89,Helmond Sport,66.67%,alto
,,2.0,5.0,10.0,0.53,Jong Ajax,71.32%,alto
1.0,,,7.0,9.0,0.65,Jong AZ,73.47%,alto
,1.0,,8.0,8.0,0.65,Jong PSV,71.32%,alto
,,1.0,5.0,11.0,0.41,Jong Utrecht,88.82%,alto
1.0,1.0,2.0,5.0,9.0,0.89,MVV Maastricht,95.42%,alto
,,2.0,7.0,8.0,0.65,Roda JC,56.73%,alto
1.0,,5.0,5.0,6.0,1.12,Telstar,52.17%,moderado
,,1.0,4.0,13.0,0.33,TOP Oss,104.08%,alto
,,1.0,7.0,10.0,0.50,Vitesse Arnhem,76.38%,alto
,,2.0,3.0,12.0,0.41,VVV,97.19%,alto
,1.0,1.0,4.0,10.0,0.56,Ballymena Utd,106.07%,alto
,,3.0,4.0,10.0,0.59,Carrick Rangers,66.81%,alto
,,,9.0,7.0,0.56,Cliftonville,17.68%,baixo
,,,6.0,10.0,0.38,Coleraine,35.36%,bom
,,2.0,5.0,10.0,0.53,Crusaders,71.32%,alto
,1.0,1.0,9.0,6.0,0.82,Dungannon,92.88%,alto
,,1.0,2.0,14.0,0.24,Glenavon,127.66%,alto
,,,5.0,11.0,0.31,Glentoran,53.03%,moderado
,,1.0,3.0,12.0,0.31,Larne,109.86%,alto
1.0,1.0,1.0,5.0,9.0,0.82,Linfield,105.23%,alto
,,3.0,6.0,8.0,0.71,Loughgall,44.41%,moderado
,,2.0,3.0,11.0,0.44,Portadown,92.49%,alto
,,,1.0,1.0,0.50,Brann,0.00%,baixo
,,1.0,1.0,,1.50,Fredrikstad,0.00%,baixo
,,,1.0,1.0,0.50,Valerenga,0.00%,baixo
,,,1.0,1.0,0.50,Viking,0.00%,baixo
,,,3.0,4.0,0.43,2 de Mayo,20.20%,bom
,,,2.0,5.0,0.29,A. Tembetary,60.61%,alto
,,,3.0,5.0,0.38,Cerro Porteno,35.36%,bom
,,,2.0,5.0,0.29,D. Recoleta,60.61%,alto
,,2.0,2.0,4.0,0.75,G. Caballero,43.30%,moderado
,,1.0,3.0,3.0,0.71,Guarani,49.49%,moderado
,,,4.0,4.0,0.50,Libertad,0.00%,baixo
,,,5.0,2.0,0.71,Nacional,60.61%,alto
,2.0,2.0,1.0,3.0,1.38,Olimpia,40.82%,moderado
,,2.0,1.0,4.0,0.71,S. Ameliano,65.47%,alto
,,,1.0,6.0,0.14,S. Luqueno,101.02%,alto
,,,3.0,4.0,0.43,S. Trinidense,20.20%,bom
,,,4.0,7.0,0.36,2 de Mayo,38.57%,bom
,1.0,2.0,4.0,4.0,1.00,Cerro Porteno,54.55%,moderado
,,,2.0,9.0,0.18,G. Caballero,90.00%,alto
,,1.0,3.0,7.0,0.45,Guarani,83.32%,alto
,,,3.0,8.0,0.27,Libertad,64.28%,alto
,,2.0,2.0,7.0,0.55,Nacional,78.73%,alto
,2.0,2.0,3.0,4.0,1.18,Olimpia,34.82%,bom
,,1.0,2.0,8.0,0.36,S. Luqueno,103.25%,alto
,,2.0,4.0,5.0,0.73,S. Trinidense,41.66%,moderado
,,,3.0,8.0,0.27,Sol de America,64.28%,alto
,,,3.0,8.0,0.27,Tacuary,64.28%,alto
,,2.0,,3.0,0.80,A. Huanuco,28.28%,bom
,,1.0,2.0,1.0,1.00,ADT,43.30%,moderado
,,2.0,,2.0,1.00,Alianza A.,0.00%,baixo
,,2.0,2.0,1.0,1.20,Alianza Lima,34.64%,bom
,,,2.0,1.0,0.67,Atletico Grau,47.14%,moderado
,,2.0,1.0,1.0,1.25,Ayacucho,43.30%,moderado
,,,2.0,2.0,0.50,Binacional,0.00%,baixo
,1.0,,,3.0,0.75,Cajamarca,70.71%,alto
,,,2.0,2.0,0.50,Cienciano,0.00%,baixo
,,1.0,2.0,1.0,1.00,Cusco,43.30%,moderado
,,,2.0,2.0,0.50,D. Garcilaso,0.00%,baixo
,,1.0,3.0,1.0,1.00,FBC Melgar,69.28%,alto
,,1.0,1.0,1.0,1.00,Juan Pablo II C,0.00%,baixo
,,,2.0,2.0,0.50,Los Chankas,0.00%,baixo
,,,3.0,1.0,0.75,S. Cristal,70.71%,alto
,,1.0,2.0,2.0,0.80,Sport Boys,34.64%,bom
,,1.0,2.0,2.0,0.80,Sport Huancayo,34.64%,bom
,,,3.0,1.0,0.75,Universitario,70.71%,alto
,,2.0,7.0,6.0,0.73,Cracovia Krakow,52.92%,moderado
,,2.0,5.0,7.0,0.64,Gornik Zabrze,53.93%,moderado
1.0,,1.0,10.0,2.0,1.21,Jagiellonia,124.54%,alto
,,2.0,4.0,8.0,0.57,Katowice,65.47%,alto
,,1.0,4.0,9.0,0.43,Korona Kielce,86.60%,alto
,1.0,5.0,5.0,3.0,1.29,Lech Poznan,54.71%,moderado
,,,4.0,10.0,0.29,Lechia Gdansk,60.61%,alto
,1.0,4.0,5.0,4.0,1.14,Legia Warsaw,49.49%,moderado
,1.0,2.0,3.0,8.0,0.71,Motor Lublin,88.83%,alto
,,1.0,6.0,8.0,0.53,Piast Gliwice,72.11%,alto
,1.0,1.0,7.0,6.0,0.80,Pogon Szczecin,85.37%,alto
,,4.0,4.0,6.0,0.86,Puszcza Niepolo,24.74%,bom
,,2.0,3.0,9.0,0.50,Radomiak Radom,81.13%,alto
,,3.0,4.0,7.0,0.71,Rakow C.,44.61%,moderado
,,2.0,5.0,8.0,0.60,Slask Wroclaw,60.00%,alto
,,1.0,5.0,8.0,0.50,Stal Mielec,75.25%,alto
,,3.0,5.0,7.0,0.73,Widzew Lodz,40.00%,bom
,,1.0,2.0,11.0,0.29,Zaglebie Lubin,118.02%,alto
,2.0,3.0,5.0,5.0,1.13,Arka Gdynia,40.00%,bom
,,1.0,4.0,9.0,0.43,Chrobry Glogow,86.60%,alto
,,1.0,4.0,10.0,0.40,Gornik Leczna,91.65%,alto
,,,4.0,10.0,0.29,K. Kolobrzeg,60.61%,alto
,,3.0,3.0,8.0,0.64,LKS Lodz,61.86%,alto
,3.0,,6.0,5.0,1.07,Miedz Legnica,32.73%,bom
,,2.0,3.0,8.0,0.54,Odra Opole,74.18%,alto
,,,5.0,9.0,0.36,Pogon Siedlce,40.41%,moderado
,,6.0,3.0,6.0,1.00,Polonia Warszaw,34.64%,bom
1.0,1.0,,5.0,7.0,0.86,Ruch Chorzow,85.71%,alto
,1.0,2.0,3.0,9.0,0.67,Stal Rzeszow,95.84%,alto
,,1.0,5.0,8.0,0.50,Stalowa Wola,75.25%,alto
,,1.0,8.0,5.0,0.71,T. Nieciecza,75.25%,alto
,,3.0,2.0,9.0,0.57,Tychy,81.13%,alto
,,,4.0,10.0,0.29,Warta Poznan,60.61%,alto
,,,5.0,10.0,0.33,Wisla Krakow,47.14%,moderado
,1.0,2.0,5.0,6.0,0.86,Wisla Plock,68.01%,alto
,,3.0,5.0,6.0,0.79,Znicz Pruszkow,32.73%,bom
,,,3.0,12.0,0.20,Arouca,84.85%,alto
,,1.0,1.0,13.0,0.20,AVS,138.56%,alto
,2.0,5.0,5.0,3.0,1.40,Benfica,40.00%,bom
,,,2.0,13.0,0.13,Boavista,103.71%,alto
,,1.0,9.0,5.0,0.73,Casa Pia,80.00%,alto
,,3.0,4.0,8.0,0.67,Estoril,52.92%,moderado
,,1.0,4.0,10.0,0.40,Estrela Amadora,91.65%,alto
,,,5.0,10.0,0.33,Famalicao,47.14%,moderado
,,,3.0,12.0,0.20,Farense,84.85%,alto
,,2.0,6.0,7.0,0.67,FC Porto,52.92%,moderado
,,2.0,5.0,8.0,0.60,Gil Vicente,60.00%,alto
,,1.0,8.0,6.0,0.67,Guimaraes,72.11%,alto
,1.0,2.0,4.0,8.0,0.73,Moreirense,82.55%,alto
,1.0,2.0,6.0,6.0,0.87,Nacional,70.13%,alto
,,2.0,8.0,5.0,0.80,Rio Ave,60.00%,alto
,,1.0,5.0,9.0,0.47,Santa Clara,80.00%,alto
,1.0,4.0,7.0,3.0,1.20,Sporting Braga,66.67%,alto
,1.0,5.0,7.0,2.0,1.33,Sporting CP,73.43%,alto
,,3.0,8.0,4.0,0.93,Academico Viseu,52.92%,moderado
1.0,1.0,1.0,6.0,6.0,1.00,Alverca,91.29%,alto
,,3.0,5.0,7.0,0.73,Benfica B,40.00%,bom
,,1.0,5.0,9.0,0.47,Chaves,80.00%,alto
,,1.0,5.0,9.0,0.47,FC Porto B,80.00%,alto
,,3.0,4.0,8.0,0.67,Feirense,52.92%,moderado
,,1.0,5.0,9.0,0.47,Felgueiras,80.00%,alto
,1.0,2.0,3.0,9.0,0.67,Leixoes,95.84%,alto
,,2.0,2.0,11.0,0.40,Mafra,103.92%,alto
,,1.0,4.0,10.0,0.40,Maritimo,91.65%,alto
,,1.0,2.0,12.0,0.27,Oliveirense,121.66%,alto
,,1.0,5.0,9.0,0.47,Pacos Ferreira,80.00%,alto
,1.0,4.0,6.0,4.0,1.13,Penafiel,54.97%,moderado
,1.0,1.0,6.0,7.0,0.73,Portimonense,85.37%,alto
,1.0,2.0,4.0,8.0,0.73,Tondela,82.55%,alto
,,2.0,6.0,7.0,0.67,Torreense,52.92%,moderado
,,,6.0,9.0,0.40,Uniao de Leiria,28.28%,bom
,1.0,,6.0,8.0,0.60,Vizela,72.11%,alto
,,2.0,7.0,8.0,0.65,Aberdeen,56.73%,alto
2.0,2.0,6.0,4.0,3.0,1.82,Celtic,49.22%,moderado
,2.0,1.0,10.0,4.0,1.06,Dundee FC,94.85%,alto
,,1.0,7.0,8.0,0.56,Dundee Utd,70.99%,alto
,,1.0,7.0,8.0,0.56,Hearts,70.99%,alto
,,3.0,10.0,4.0,0.94,Hibernian,66.81%,alto
,,1.0,5.0,10.0,0.44,Kilmarnock,84.55%,alto
,1.0,4.0,5.0,6.0,1.00,Motherwell,54.01%,moderado
,2.0,2.0,7.0,5.0,1.06,Rangers,61.24%,alto
,,1.0,4.0,12.0,0.35,Ross County,100.35%,alto
,,1.0,3.0,12.0,0.31,St. Johnstone,109.86%,alto
,,3.0,6.0,8.0,0.71,St. Mirren,44.41%,moderado
,,2.0,2.0,13.0,0.35,Airdrieonians,112.07%,alto
,3.0,3.0,5.0,6.0,1.18,Ayr Utd,35.29%,bom
,,,4.0,13.0,0.24,Dunfermline,74.87%,alto
,2.0,1.0,8.0,6.0,0.94,Falkirk,77.74%,alto
,,1.0,8.0,8.0,0.59,Greenock Morton,71.32%,alto
,,3.0,2.0,12.0,0.47,Hamilton,97.19%,alto
,3.0,1.0,4.0,9.0,0.88,Livingston,80.08%,alto
,,2.0,7.0,8.0,0.65,Partick Thistle,56.73%,alto
,,1.0,6.0,10.0,0.47,Queens Park,79.57%,alto
,,4.0,8.0,5.0,0.94,Raith Rovers,36.74%,bom
,,1.0,4.0,10.0,0.40,Backa Topola,91.65%,alto
,1.0,3.0,3.0,8.0,0.80,Cukaricki,79.63%,alto
,,1.0,6.0,8.0,0.53,IMT N. Beograd,72.11%,alto
,,2.0,3.0,10.0,0.47,Jedinstvo U.,87.18%,alto
,,1.0,5.0,9.0,0.47,Mladost Lucani,80.00%,alto
,,1.0,6.0,8.0,0.53,Napredak,72.11%,alto
,1.0,4.0,6.0,4.0,1.13,Novi Pazar,54.97%,moderado
,,3.0,6.0,6.0,0.80,OFK Beograd,34.64%,bom
,1.0,4.0,3.0,7.0,0.93,Partizan,66.67%,alto
,1.0,1.0,6.0,7.0,0.73,Radnicki 1923,85.37%,alto
,,3.0,5.0,7.0,0.73,Radnicki Nis,40.00%,bom
,4.0,3.0,5.0,3.0,1.53,Red Star,25.53%,bom
,,,4.0,11.0,0.27,S. Subotica,66.00%,alto
,,,5.0,10.0,0.33,Tekstilac Odzac,47.14%,moderado
,,3.0,1.0,11.0,0.47,Vojvodina,105.83%,alto
,,1.0,7.0,7.0,0.60,Z. Pancevo,69.28%,alto
,,2.0,6.0,7.0,0.67,Bravo,52.92%,moderado
,,,3.0,12.0,0.20,Domzale,84.85%,alto
,,2.0,5.0,8.0,0.60,Koper,60.00%,alto
,1.0,4.0,8.0,1.0,1.36,Maribor,94.76%,alto
,,2.0,6.0,7.0,0.67,Mura,52.92%,moderado
,,3.0,1.0,11.0,0.47,Nafta,105.83%,alto
1.0,,1.0,6.0,7.0,0.80,NK Celje,85.37%,alto
,,2.0,9.0,5.0,0.81,NK Olimpija,65.85%,alto
,,,7.0,9.0,0.44,Primorje,17.68%,baixo
,,1.0,4.0,10.0,0.40,Radomlje,91.65%,alto
,1.0,2.0,4.0,7.0,0.79,Banska Bystrica,75.59%,alto
,2.0,2.0,5.0,5.0,1.07,DAC Streda,49.49%,moderado
,1.0,2.0,7.0,4.0,1.00,FC Kosice,75.59%,alto
,,,7.0,7.0,0.50,Komarno,0.00%,baixo
,1.0,1.0,4.0,8.0,0.64,Podbrezova,94.76%,alto
,,1.0,8.0,5.0,0.71,Ruzomberok,75.25%,alto
1.0,1.0,,1.0,11.0,0.57,S. Bratislava,142.86%,alto
,,,4.0,10.0,0.29,Skalica,60.61%,alto
,,3.0,3.0,8.0,0.64,Spartak Trnava,61.86%,alto
,,2.0,5.0,7.0,0.64,Trencin,53.93%,moderado
,1.0,2.0,3.0,8.0,0.71,Z. Michalovce,88.83%,alto
,1.0,,6.0,6.0,0.69,Zilina,66.62%,alto
,,1.0,6.0,6.0,0.62,AmaZulu,66.62%,alto
,,,3.0,9.0,0.25,Cape Town City,70.71%,alto
,,3.0,3.0,7.0,0.69,Chippa Utd,53.29%,moderado
,,2.0,3.0,5.0,0.70,Golden Arrows,45.83%,moderado
,,1.0,7.0,4.0,0.75,Kaizer Chiefs,75.00%,alto
,,,7.0,6.0,0.54,Magesi,10.88%,baixo
,1.0,3.0,5.0,2.0,1.27,Mamelodi S.,62.10%,alto
,,,6.0,7.0,0.46,Marumo G.,10.88%,baixo
,,2.0,4.0,4.0,0.80,Orlando Pirates,34.64%,bom
,,,7.0,5.0,0.58,Polokwane,23.57%,bom
,,,1.0,12.0,0.08,Richards Bay,119.66%,alto
,,,2.0,4.0,0.33,Royal AM,47.14%,moderado
,,,6.0,7.0,0.46,Sekhukhune,10.88%,baixo
,,1.0,4.0,7.0,0.50,Stellenbosch,75.00%,alto
,,,2.0,9.0,0.18,SuperSport Utd,90.00%,alto
,,2.0,4.0,6.0,0.67,TS Galaxy,50.00%,moderado
,,,2.0,2.0,0.50,Anyang,0.00%,baixo
,,,1.0,4.0,0.20,Daegu,84.85%,alto
,,,1.0,3.0,0.25,Gangwon,70.71%,alto
,,1.0,,3.0,0.50,Gimcheon Sangmu,70.71%,alto
,,1.0,1.0,3.0,0.60,Gwangju,69.28%,alto
,,,4.0,1.0,0.80,Jeju Utd,84.85%,alto
,1.0,1.0,2.0,2.0,1.17,Jeonbuk Motors,38.49%,bom
,,,1.0,4.0,0.20,Seoul,84.85%,alto
,,,3.0,1.0,0.75,Suwon City,70.71%,alto
,,1.0,2.0,3.0,0.67,Ulsan,50.00%,moderado
,,,1.0,4.0,0.20,Ansan Greeners,84.85%,alto
,,1.0,,2.0,0.67,Asan,47.14%,moderado
,,1.0,1.0,2.0,0.75,Bucheon FC,43.30%,moderado
,,,1.0,4.0,0.20,Busan IPark,84.85%,alto
,,,2.0,2.0,0.50,Gimpo,0.00%,baixo
,,,1.0,3.0,0.25,Gyeongnam,70.71%,alto
,,1.0,,5.0,0.33,Incheon Utd,94.28%,alto
,,,3.0,2.0,0.60,Seongnam,28.28%,bom
,1.0,1.0,2.0,2.0,1.17,Seoul E-Land,38.49%,bom
1.0,1.0,,,2.0,1.75,Suwon Bluewings,43.30%,moderado
,,,5.0,10.0,0.33,Alaves,47.14%,moderado
1.0,1.0,2.0,5.0,7.0,1.00,Athletic Bilbao,83.85%,alto
,,1.0,6.0,9.0,0.50,Atletico Madrid,75.78%,alto
,,4.0,3.0,9.0,0.69,Celta Vigo,60.27%,alto
,,,9.0,7.0,0.56,Espanyol,17.68%,baixo
1.0,3.0,2.0,7.0,3.0,1.56,FC Barcelona,71.26%,alto
,,,6.0,10.0,0.38,Getafe,35.36%,bom
1.0,,2.0,5.0,7.0,0.87,Girona,73.43%,alto
,,,5.0,11.0,0.31,Las Palmas,53.03%,moderado
,,3.0,,13.0,0.38,Leganes,88.39%,alto
,1.0,,6.0,10.0,0.53,Mallorca,79.57%,alto
,1.0,3.0,6.0,6.0,0.94,Osasuna,61.24%,alto
,,1.0,6.0,9.0,0.50,Rayo Vallecano,75.78%,alto
,,2.0,8.0,6.0,0.75,Real Betis,57.28%,alto
,2.0,4.0,3.0,7.0,1.06,Real Madrid,54.01%,moderado
,,1.0,6.0,9.0,0.50,Real Sociedad,75.78%,alto
,,,8.0,8.0,0.50,Sevilla FC,0.00%,baixo
,,1.0,9.0,6.0,0.69,Valencia,75.78%,alto
,,,2.0,14.0,0.13,Valladolid,106.07%,alto
1.0,,1.0,11.0,2.0,1.13,Villarreal,129.50%,alto
,,2.0,8.0,8.0,0.67,Albacete,57.74%,alto
,1.0,1.0,5.0,10.0,0.59,Almeria,100.52%,alto
,,1.0,6.0,11.0,0.44,Burgos,83.33%,alto
,1.0,3.0,3.0,11.0,0.67,Cadiz,98.55%,alto
,,1.0,4.0,13.0,0.33,Cartagena,104.08%,alto
,,2.0,8.0,8.0,0.67,Castellon,57.74%,alto
,,1.0,10.0,7.0,0.67,Cordoba,76.38%,alto
,2.0,,2.0,14.0,0.44,Deportivo,115.47%,alto
,,,10.0,7.0,0.59,Eibar,24.96%,bom
,,3.0,8.0,8.0,0.74,Elche,45.58%,moderado
,,1.0,7.0,10.0,0.50,Eldense,76.38%,alto
,1.0,3.0,7.0,7.0,0.89,Granada,66.67%,alto
,1.0,2.0,10.0,5.0,0.94,Huesca,89.81%,alto
,,5.0,5.0,8.0,0.83,Levante,28.87%,bom
,,2.0,5.0,10.0,0.53,Malaga,71.32%,alto
,,2.0,8.0,8.0,0.67,Mirandes,57.74%,alto
,1.0,4.0,3.0,10.0,0.78,Racing,86.07%,alto
,,,2.0,16.0,0.11,Racing Ferrol,109.99%,alto
,,3.0,5.0,10.0,0.61,Real Oviedo,60.09%,alto
,,2.0,5.0,11.0,0.50,Real Zaragoza,76.38%,alto
,,1.0,8.0,10.0,0.53,Sporting Gijon,74.62%,alto
,,1.0,8.0,9.0,0.56,Tenerife,72.65%,alto
,,,1.0,1.0,0.50,Brommapojkarna,0.00%,baixo
,,,1.0,1.0,0.50,Degerfors,0.00%,baixo
,,,1.0,1.0,0.50,Elfsborg,0.00%,baixo
,,1.0,,1.0,1.00,GAIS,0.00%,baixo
,,1.0,1.0,,1.50,Hammarby,0.00%,baixo
,,1.0,,1.0,1.00,IFK Goteborg,0.00%,baixo
,1.0,,,1.0,1.50,Mjallby,0.00%,baixo
,,1.0,,1.0,1.00,Norrkoping,0.00%,baixo
,,,1.0,1.0,0.50,Oster,0.00%,baixo
,,,1.0,1.0,0.50,Kalmar,0.00%,baixo
,,,1.0,1.0,0.50,Landskrona,0.00%,baixo
,,,1.0,1.0,0.50,Oddevold,0.00%,baixo
,,1.0,,2.0,0.67,Orgryte,47.14%,moderado
,,,1.0,1.0,0.50,Sandviken,0.00%,baixo
,,,1.0,1.0,0.50,Umea,0.00%,baixo
,,,1.0,1.0,0.50,Utsikten,0.00%,baixo
,1.0,2.0,6.0,7.0,0.81,BSC Young Boys,73.60%,alto
,1.0,2.0,7.0,6.0,0.88,FC Basel,73.60%,alto
,,2.0,6.0,9.0,0.59,FC Zurich,61.97%,alto
,,,6.0,11.0,0.35,Grasshopper,41.59%,moderado
,2.0,2.0,5.0,7.0,0.94,Lausanne Sport,61.24%,alto
,1.0,2.0,4.0,10.0,0.65,Lugano,94.85%,alto
,,2.0,7.0,7.0,0.69,Luzern,54.13%,moderado
,,2.0,6.0,7.0,0.67,Servette,52.92%,moderado
,1.0,4.0,4.0,7.0,0.94,Sion,61.24%,alto
,,2.0,6.0,7.0,0.67,St. Gallen,52.92%,moderado
,2.0,1.0,,13.0,0.50,Winterthur,124.84%,alto
,,,5.0,11.0,0.31,Yverdon,53.03%,moderado
,,1.0,8.0,7.0,0.63,Aarau,70.99%,alto
,,1.0,8.0,7.0,0.63,Bellinzona,70.99%,alto
,1.0,4.0,6.0,5.0,1.06,Etoile Carouge,54.01%,moderado
,,3.0,7.0,5.0,0.87,Lausanne Ouchy,40.00%,bom
,,5.0,4.0,6.0,0.93,Neuchatel Xamax,20.00%,baixo
,,2.0,4.0,9.0,0.53,Schaffhausen,72.11%,alto
,,2.0,2.0,12.0,0.38,Stade Nyonnais,108.25%,alto
,,,10.0,5.0,0.67,Thun,47.14%,moderado
,,4.0,4.0,7.0,0.80,Vaduz,34.64%,bom
,,3.0,5.0,7.0,0.73,Wil,40.00%,bom
,1.0,2.0,9.0,3.0,1.07,Bangkok Utd,95.84%,alto
2.0,,2.0,7.0,3.0,1.50,Buriram Utd,68.01%,alto
,,,8.0,7.0,0.53,Chiangrai Utd,9.43%,baixo
,,1.0,4.0,9.0,0.43,Khon Kaen Utd,86.60%,alto
,,2.0,8.0,5.0,0.80,Lamphun Warrior,60.00%,alto
,,,5.0,9.0,0.36,Muang Thong Utd,40.41%,moderado
1.0,1.0,,7.0,6.0,0.93,N. Bua Pitchaya,85.37%,alto
,,2.0,5.0,8.0,0.60,N. Ratchasima,60.00%,alto
,,1.0,7.0,6.0,0.64,Nakhon Pathom,68.88%,alto
,,1.0,6.0,7.0,0.57,Pathum Utd,68.88%,alto
,,2.0,4.0,8.0,0.57,Port FC,65.47%,alto
,1.0,1.0,8.0,4.0,0.93,Prachuap,94.76%,alto
,1.0,3.0,10.0,1.0,1.27,Ratchaburi,113.92%,alto
,1.0,2.0,5.0,7.0,0.80,Rayong,73.43%,alto
,,4.0,5.0,6.0,0.87,Sukhothai,20.00%,baixo
,,1.0,6.0,7.0,0.57,Uthai Thani,68.88%,alto
,,2.0,3.0,10.0,0.47,Adana Demirspor,87.18%,alto
,,1.0,5.0,8.0,0.50,Alanyaspor,75.25%,alto
,1.0,1.0,4.0,9.0,0.60,Antalyaspor,100.66%,alto
1.0,,2.0,5.0,8.0,0.81,Basaksehir,79.06%,alto
,,4.0,7.0,4.0,1.00,Besiktas,34.64%,bom
,,1.0,3.0,11.0,0.33,Bodrumspor,105.83%,alto
,1.0,,9.0,5.0,0.80,Eyupspor,80.00%,alto
,1.0,1.0,9.0,4.0,0.93,Fenerbahce,100.66%,alto
,2.0,3.0,8.0,2.0,1.33,Galatasaray,76.59%,alto
,,1.0,6.0,8.0,0.53,Gaziantep,72.11%,alto
,,4.0,4.0,7.0,0.80,Goztepe,34.64%,bom
,,2.0,8.0,6.0,0.75,Hatayspor,57.28%,alto
,,5.0,3.0,7.0,0.87,Kasimpasa,40.00%,bom
,,2.0,6.0,7.0,0.67,Kayserispor,52.92%,moderado
,,2.0,7.0,6.0,0.73,Konyaspor,52.92%,moderado
,,1.0,6.0,8.0,0.53,Rizespor,72.11%,alto
,,3.0,6.0,6.0,0.80,Samsunspor,34.64%,bom
,1.0,1.0,5.0,9.0,0.63,Sivasspor,95.74%,alto
,1.0,3.0,5.0,6.0,0.93,Trabzonspor,59.13%,alto
,1.0,1.0,3.0,5.0,0.80,Ajman,76.59%,alto
,2.0,3.0,2.0,4.0,1.27,Al Ain,34.82%,bom
,,2.0,3.0,5.0,0.70,Al Bataeh,45.83%,moderado
,3.0,,1.0,5.0,1.11,Al Jazira,66.67%,alto
,1.0,1.0,4.0,5.0,0.82,Al Nasr,74.97%,alto
,1.0,1.0,2.0,5.0,0.78,Al Sharjah,84.13%,alto
,,,4.0,6.0,0.40,Al Urooba,28.28%,bom
,,3.0,4.0,3.0,1.00,Al Wahda,17.32%,baixo
1.0,1.0,1.0,4.0,4.0,1.18,Al Wasl,74.69%,alto
,,,4.0,6.0,0.40,Bani Yas,28.28%,bom
,,1.0,4.0,5.0,0.60,Dibba Al Hisn,62.45%,alto
,,2.0,3.0,6.0,0.64,Ittihad Kalba,56.77%,alto
,,1.0,5.0,5.0,0.64,Khorfakkan,62.98%,alto
,2.0,2.0,1.0,6.0,1.00,Shabab Al Ahli,80.63%,alto
,,,5.0,6.0,0.45,Chornomorets,12.86%,baixo
1.0,,4.0,6.0,3.0,1.29,Dynamo Kyiv,59.48%,alto
,,1.0,1.0,7.0,0.33,Inhulets,115.47%,alto
,,4.0,5.0,4.0,1.00,Karpaty Lviv,13.32%,baixo
,,,3.0,9.0,0.25,Kolos Kovalivka,70.71%,alto
,,,7.0,5.0,0.58,Kryvbas KR,23.57%,bom
,,,4.0,9.0,0.31,Livyi Bereh,54.39%,moderado
,,,4.0,8.0,0.33,LNZ Cherkasy,47.14%,moderado
,,,1.0,11.0,0.08,Obolon,117.85%,alto
,1.0,2.0,5.0,6.0,0.86,Oleksandria,68.01%,alto
,1.0,1.0,2.0,8.0,0.58,Polessya,112.22%,alto
,,,3.0,9.0,0.25,Rukh Lviv,70.71%,alto
1.0,1.0,2.0,4.0,6.0,1.07,Shakhtar,77.43%,alto
,,2.0,5.0,6.0,0.69,Veres,48.04%,moderado
,,,2.0,11.0,0.15,Vorskla Poltava,97.91%,alto
,,,6.0,6.0,0.50,Zorya Luhansk,0.00%,baixo
,,,4.0,2.0,0.67,Atlanta Utd,47.14%,moderado
,,1.0,,4.0,0.40,Austin,84.85%,alto
,1.0,1.0,,3.0,1.00,Charlotte,69.28%,alto
,,,3.0,1.0,0.75,Chicago Fire,70.71%,alto
,,1.0,1.0,2.0,0.75,Colorado Rapids,43.30%,moderado
,1.0,1.0,,3.0,1.00,Columbus Crew,69.28%,alto
,,1.0,,3.0,0.50,Dallas,70.71%,alto
,,1.0,1.0,3.0,0.60,DC United,69.28%,alto
,,,3.0,2.0,0.60,Houston Dynamo,28.28%,bom
,,,3.0,1.0,0.75,Inter Miami,70.71%,alto
,,,1.0,3.0,0.25,LA Galaxy,70.71%,alto
,,,2.0,2.0,0.50,Minnesota Utd,0.00%,baixo
,,,3.0,2.0,0.60,Nashville SC,28.28%,bom
,,,2.0,2.0,0.50,New England,0.00%,baixo
,,,1.0,3.0,0.25,New York City,70.71%,alto
,,2.0,2.0,1.0,1.20,New York RB,34.64%,bom
,,2.0,1.0,1.0,1.25,Orlando City,43.30%,moderado
,,1.0,3.0,1.0,1.00,Philadelphia,69.28%,alto
,,2.0,,3.0,0.80,Portland,28.28%,bom
,,1.0,2.0,2.0,0.80,Real Salt Lake,34.64%,bom
,2.0,,,2.0,1.50,San Diego,0.00%,baixo
,1.0,,2.0,1.0,1.25,Seattle,43.30%,moderado
,1.0,1.0,3.0,1.0,1.33,SJ Earthquakes,66.67%,alto
,,1.0,1.0,3.0,0.60,Sporting KC,69.28%,alto
,,,2.0,3.0,0.40,St. Louis City,28.28%,bom
,,,1.0,2.0,0.33,Toronto,47.14%,moderado
,,2.0,3.0,,1.40,Vancouver,28.28%,bom
,,1.0,1.0,2.0,0.75,Charleston,43.30%,moderado
,,,1.0,1.0,0.50,Colorado S.,0.00%,baixo
,,2.0,,1.0,1.33,Detroit City,47.14%,moderado
,,2.0,1.0,,1.67,El Paso,47.14%,moderado
,,,1.0,3.0,0.25,FC Tulsa,70.71%,alto
,,,1.0,1.0,0.50,Hartford A.,0.00%,baixo
,,,2.0,1.0,0.67,Indy Eleven,47.14%,moderado
,,1.0,1.0,3.0,0.60,Lexington,69.28%,alto
,,1.0,1.0,1.0,1.00,Loudoun Utd,0.00%,baixo
,,1.0,1.0,3.0,0.60,Miami FC,69.28%,alto
,,,2.0,1.0,0.67,Monterey Bay,47.14%,moderado
,,1.0,2.0,,1.33,North Carolina,47.14%,moderado
,,1.0,1.0,2.0,0.75,Oakland Roots,43.30%,moderado
,,,3.0,1.0,0.75,Orange County,70.71%,alto
,,,3.0,1.0,0.75,Phoenix Rising,70.71%,alto
,,,1.0,1.0,0.50,Pittsburgh,0.00%,baixo
,,,2.0,1.0,0.67,Sacramento R.,47.14%,moderado
,,,1.0,3.0,0.25,San Antonio,70.71%,alto
,,2.0,,1.0,1.33,Alta,47.14%,moderado
,,,1.0,3.0,0.25,Charlotte I.,70.71%,alto
,,1.0,1.0,3.0,0.60,Greenville,69.28%,alto
,,2.0,,3.0,0.80,Naples,28.28%,bom
,,1.0,1.0,2.0,0.75,Richmond K.,43.30%,moderado
,,,2.0,2.0,0.50,Spokane V.,0.00%,baixo
,,,1.0,2.0,0.33,Texoma,47.14%,moderado
,,2.0,2.0,,1.50,Tormenta,0.00%,baixo
