Equipe,GP,W,D,L,GF,GA,GD,Pts,Ligas,Aproveitamento
MC Oran,6,4,2,0,6,0,6,14,algeria,0.67
CS Constantine,6,4,2,0,8,4,4,14,algeria,0.67
Khenchela,7,4,1,2,7,4,3,13,algeria,0.57
JS Saoura,5,3,2,0,7,4,3,11,algeria,0.6
NC Magra,5,3,2,0,6,3,3,11,algeria,0.6
ES Setif,5,3,2,0,3,0,3,11,algeria,0.6
ASO Chlef,6,2,4,0,7,3,4,10,algeria,0.33
USM Alger,4,3,1,0,5,1,4,10,algeria,0.75
O. Akbou,6,3,1,2,7,5,2,10,algeria,0.5
Paradou AC,5,2,1,2,9,8,1,7,algeria,0.4
JS Kabylie,5,2,1,2,6,6,0,7,algeria,0.4
Mostaganem,5,2,1,2,4,5,-1,7,algeria,0.4
MC Alger,5,1,3,1,3,4,-1,6,algeria,0.2
El Bayadh,5,1,2,2,6,4,2,5,algeria,0.2
Biskra,5,1,2,2,4,5,-1,5,algeria,0.2
CR Belouizdad,3,1,1,1,4,3,1,4,algeria,0.33
Velez Sarsfield,8,6,2,0,11,1,10,20,argentina,0.75
Boca Juniors,8,6,1,1,13,6,7,19,argentina,0.75
Independiente,8,5,3,0,11,2,9,18,argentina,0.62
Defensa y J.,8,5,3,0,9,4,5,18,argentina,0.62
T. de Cordoba,8,5,2,1,10,4,6,17,argentina,0.62
Instituto,8,5,1,2,13,6,7,16,argentina,0.62
A. Tucuman,8,5,1,2,12,8,4,16,argentina,0.62
Huracan,8,4,3,1,8,3,5,15,argentina,0.5
Platense,8,4,3,1,6,3,3,15,argentina,0.5
I. Rivadavia,8,4,3,1,9,7,2,15,argentina,0.5
Central Cordoba,8,4,2,2,10,6,4,14,argentina,0.5
D. Riestra,8,3,5,0,10,6,4,14,argentina,0.38
Racing Club,8,4,2,2,15,12,3,14,argentina,0.5
River Plate,8,3,4,1,13,6,7,13,argentina,0.38
Argentinos Jrs,8,3,4,1,8,2,6,13,argentina,0.38
Union Santa Fe,8,4,1,3,9,7,2,13,argentina,0.5
Gimnasia,8,3,3,2,6,5,1,12,argentina,0.38
Rosario Central,8,3,2,3,8,7,1,11,argentina,0.38
Lanus,8,2,5,1,5,4,1,11,argentina,0.25
Newells,8,3,2,3,10,11,-1,11,argentina,0.38
Tigre,8,2,4,2,10,9,1,10,argentina,0.25
Estudiantes,8,2,4,2,9,10,-1,10,argentina,0.25
San Lorenzo,8,3,1,4,7,8,-1,10,argentina,0.38
Sarmiento,8,2,4,2,5,7,-2,10,argentina,0.25
Godoy Cruz,8,1,6,1,7,6,1,9,argentina,0.12
Banfield,8,2,2,4,9,10,-1,8,argentina,0.25
Belgrano,8,2,2,4,8,9,-1,8,argentina,0.25
Barracas C.,8,0,5,3,4,12,-8,5,argentina,0.0
CA Guemes,8,7,1,0,16,5,11,22,argentina3,0.88
SM Tucuman,8,6,2,0,10,4,6,20,argentina3,0.75
Agropecuario,8,6,1,1,12,5,7,19,argentina3,0.75
Atletico Mitre,8,5,3,0,8,3,5,18,argentina3,0.62
SM San Juan,8,5,2,1,14,5,9,17,argentina3,0.62
D. Madryn,8,5,2,1,12,4,8,17,argentina3,0.62
Aldosivi,8,5,2,1,10,2,8,17,argentina3,0.62
G. Mendoza,8,5,2,1,12,6,6,17,argentina3,0.62
Racing Cordoba,8,5,2,1,12,6,6,17,argentina3,0.62
CA Estudiantes,8,5,2,1,11,7,4,17,argentina3,0.62
Gimnasia y Tiro,8,5,2,1,6,2,4,17,argentina3,0.62
Gimnasia Jujuy,8,5,1,2,8,5,3,16,argentina3,0.62
San Telmo,8,5,0,3,16,7,9,15,argentina3,0.62
All Boys,8,4,2,2,11,2,9,14,argentina3,0.5
D. de Belgrano,8,3,5,0,10,2,8,14,argentina3,0.38
San Miguel,8,4,2,2,11,7,4,14,argentina3,0.5
Deportivo Maipu,8,3,4,1,9,5,4,13,argentina3,0.38
Arsenal Sarandi,8,3,4,1,7,3,4,13,argentina3,0.38
Tristan Suarez,8,3,4,1,11,8,3,13,argentina3,0.38
Colon Santa Fe,8,4,1,3,9,6,3,13,argentina3,0.5
Quilmes,8,4,1,3,8,5,3,13,argentina3,0.5
Atlanta,8,3,3,2,6,4,2,12,argentina3,0.38
Nueva Chicago,8,3,3,2,8,8,0,12,argentina3,0.38
Chacarita J.,8,3,3,2,5,7,-2,12,argentina3,0.38
Brown de A.,8,2,5,1,7,7,0,11,argentina3,0.25
Ferro Carril,8,2,4,2,11,9,2,10,argentina3,0.25
E. Rio Cuarto,8,2,4,2,4,4,0,10,argentina3,0.25
Alvarado,8,3,1,4,6,7,-1,10,argentina3,0.38
T. Remedios,8,2,4,2,6,7,-1,10,argentina3,0.25
Noah,6,6,0,0,19,2,17,18,armenia,1.0
Ararat-Armenia,8,6,0,2,19,7,12,18,armenia,0.75
Urartu,8,6,0,2,15,8,7,18,armenia,0.75
Van,8,5,1,2,24,9,15,16,armenia,0.62
Pyunik,7,5,0,2,12,6,6,15,armenia,0.71
BKMA,8,3,1,4,10,12,-2,10,armenia,0.38
West Armenia,8,2,2,4,9,11,-2,8,armenia,0.25
Shirak,8,2,2,4,3,12,-9,8,armenia,0.25
Alashkert,8,1,3,4,8,19,-11,6,armenia,0.12
Ararat Yerevan,8,1,2,5,7,14,-7,5,armenia,0.12
Gandzasar,8,0,0,8,2,24,-22,0,armenia,0.0
Auckland,4,4,0,0,7,1,6,12,australia,1.0
Melbourne V.,3,3,0,0,6,1,5,9,australia,1.0
Adelaide Utd,3,1,2,0,5,4,1,5,australia,0.33
Macarthur FC,4,1,1,2,11,8,3,4,australia,0.25
Wellington,3,1,1,1,2,3,-1,4,australia,0.33
WS Wanderers,3,1,0,2,8,7,1,3,australia,0.33
Sydney FC,2,1,0,1,5,4,1,3,australia,0.5
Western United,4,0,2,2,2,5,-3,2,australia,0.0
Central Coast,3,0,2,1,0,3,-3,2,australia,0.0
Newcastle Jets,3,0,0,3,1,4,-3,0,australia,0.0
Melbourne City,2,0,0,2,1,5,-4,0,australia,0.0
Brisbane Roar,3,0,0,3,5,10,-5,0,australia,0.0
Perth Glory,3,0,0,3,1,10,-9,0,australia,0.0
Sturm Graz,8,6,1,1,26,9,17,19,austria,0.75
Austria Wien,7,6,1,0,15,6,9,19,austria,0.86
Rapid Wien,8,6,1,1,13,6,7,19,austria,0.75
Salzburg,7,4,2,1,16,6,10,14,austria,0.57
BW Linz,7,4,0,3,9,5,4,12,austria,0.57
Hartberg,8,3,3,2,10,8,2,12,austria,0.38
Wolfsberger AC,8,3,2,3,12,11,1,11,austria,0.38
A. Klagenfurt,7,2,2,3,8,11,-3,8,austria,0.29
LASK Linz,8,2,1,5,13,16,-3,7,austria,0.25
Tirol,8,1,4,3,3,7,-4,7,austria,0.12
Grazer AK,7,1,3,3,11,13,-2,6,austria,0.14
Altach,8,1,3,4,8,10,-2,6,austria,0.12
Admira Wacker,8,6,1,1,12,3,9,19,austria2,0.75
Ried,8,5,1,2,18,8,10,16,austria2,0.62
Bregenz,8,5,1,2,19,13,6,16,austria2,0.62
First Vienna,8,5,0,3,14,10,4,15,austria2,0.62
Rapid Wien B,7,4,1,2,14,7,7,13,austria2,0.57
Amstetten,8,4,0,4,17,13,4,12,austria2,0.5
Kapfenberger,8,4,0,4,13,12,1,12,austria2,0.5
St. Polten,8,2,4,2,7,6,1,10,austria2,0.25
Sturm Graz B,7,2,3,2,8,7,1,9,austria2,0.29
Floridsdorfer,7,2,2,3,6,8,-2,8,austria2,0.29
A. Lustenau,7,0,6,1,5,6,-1,6,austria2,0.0
Liefering,8,1,3,4,8,12,-4,6,austria2,0.12
Voitsberg,8,2,0,6,6,12,-6,6,austria2,0.25
Stripfing,8,1,2,5,9,13,-4,5,austria2,0.12
Lafnitz,8,1,2,5,14,20,-6,5,austria2,0.12
SV Horn,8,0,3,5,13,22,-9,3,austria2,0.0
Qarabag,7,6,0,1,19,4,15,18,azerbaijan,0.86
Araz,8,5,2,1,10,8,2,17,azerbaijan,0.62
Turan,7,4,2,1,7,4,3,14,azerbaijan,0.57
Zira,8,4,1,3,15,8,7,13,azerbaijan,0.5
Sumqayit,8,4,0,4,9,10,-1,12,azerbaijan,0.5
Sabah,8,2,5,1,10,9,1,11,azerbaijan,0.25
Neftci,8,2,3,3,8,11,-3,9,azerbaijan,0.25
Sebail,8,2,2,4,10,12,-2,8,azerbaijan,0.25
Kapaz,7,2,0,5,7,18,-11,6,azerbaijan,0.29
Shamakhi,6,1,2,3,3,6,-3,5,azerbaijan,0.17
Al-Muharraq,3,3,0,0,13,3,10,9,bahrain,1.0
Sitra,4,3,0,1,9,5,4,9,bahrain,0.75
Al Riffa,2,2,0,0,6,0,6,6,bahrain,1.0
Khalidiya,2,2,0,0,3,1,2,6,bahrain,1.0
Al Ahli M.,2,1,0,1,2,1,1,3,bahrain,0.5
Bahrain SC,2,1,0,1,3,3,0,3,bahrain,0.5
AAli FC,3,1,0,2,3,5,-2,3,bahrain,0.33
Malkiya,2,0,2,0,1,1,0,2,bahrain,0.0
Manama,3,0,2,1,2,7,-5,2,bahrain,0.0
Al-Najma,2,0,1,1,2,3,-1,1,bahrain,0.0
Al Shabbab,2,0,1,1,0,2,-2,1,bahrain,0.0
East Riffa,3,0,0,3,3,8,-5,0,bahrain,0.0
Dinamo Minsk,8,8,0,0,15,0,15,24,belarus,1.0
Dinamo Brest,8,5,2,1,17,8,9,17,belarus,0.62
Neman Grodno,8,5,2,1,13,6,7,17,belarus,0.62
Vitebsk,8,5,1,2,9,5,4,16,belarus,0.62
Gomel,8,4,3,1,10,6,4,15,belarus,0.5
Arsenal D.,8,4,2,2,10,10,0,14,belarus,0.5
Smorgon,8,4,2,2,6,8,-2,14,belarus,0.5
T. Zhodino,8,3,4,1,14,11,3,13,belarus,0.38
Isloch,8,3,3,2,9,6,3,12,belarus,0.38
Slutsk,8,3,3,2,5,3,2,12,belarus,0.38
BATE Borisov,8,3,2,3,14,14,0,11,belarus,0.38
FC Minsk,8,3,2,3,13,13,0,11,belarus,0.38
Slavia Mozyr,8,1,3,4,4,8,-4,6,belarus,0.12
Dnepr Mogilev,8,1,2,5,8,17,-9,5,belarus,0.12
Naftan,8,0,4,4,5,15,-10,4,belarus,0.0
S. Soligorsk,8,1,0,7,3,13,-10,3,belarus,0.12
Volna Pinsk,8,7,0,1,25,6,19,21,belarus2,0.88
Belshina,8,7,0,1,17,7,10,21,belarus2,0.88
Molodechno,8,6,2,0,14,2,12,20,belarus2,0.75
Maxline,8,6,1,1,19,3,16,19,belarus2,0.75
Bumprom,8,6,1,1,19,8,11,19,belarus2,0.75
Niva,8,5,1,2,17,9,8,16,belarus2,0.62
Lokomotiv Gomel,8,5,0,3,17,9,8,15,belarus2,0.62
Lida,8,4,2,2,15,7,8,14,belarus2,0.5
Slonim,8,3,3,2,6,6,0,12,belarus2,0.38
Energetik-BGU,8,3,2,3,12,6,6,11,belarus2,0.38
BATE B,8,3,2,3,11,16,-5,11,belarus2,0.38
Dinamo Minsk B,8,2,4,2,12,9,3,10,belarus2,0.25
Baranovichi,8,3,1,4,11,18,-7,10,belarus2,0.38
S. Soligorsk B,8,3,0,5,7,13,-6,9,belarus2,0.38
Orsha,8,2,2,4,10,13,-3,8,belarus2,0.25
Ostrovets,8,2,1,5,8,17,-9,7,belarus2,0.25
ABFF U17,8,1,3,4,3,8,-5,6,belarus2,0.12
T. Zhodhino B,8,1,0,7,9,24,-15,3,belarus2,0.12
KRC Genk,8,8,0,0,21,7,14,24,belgium,1.0
Club Brugge,8,5,2,1,21,8,13,17,belgium,0.62
Royale Union SG,8,5,2,1,14,5,9,17,belgium,0.62
Antwerp,8,5,1,2,21,5,16,16,belgium,0.62
KV Mechelen,8,5,1,2,21,8,13,16,belgium,0.62
Gent,8,5,1,2,18,6,12,16,belgium,0.62
Anderlecht,8,4,3,1,17,5,12,15,belgium,0.5
Standard Liege,8,4,3,1,8,5,3,15,belgium,0.5
Charleroi,8,4,2,2,8,5,3,14,belgium,0.5
Sint-Truiden,8,3,4,1,13,12,1,13,belgium,0.38
Kortrijk,8,4,1,3,9,9,0,13,belgium,0.5
Westerlo,8,3,3,2,17,12,5,12,belgium,0.38
OH Leuven,8,2,5,1,9,6,3,11,belgium,0.25
Cercle Brugge,8,3,2,3,12,13,-1,11,belgium,0.38
Dender,8,2,3,3,10,12,-2,9,belgium,0.25
Beerschot,8,2,3,3,11,14,-3,9,belgium,0.25
Aurora,4,4,0,0,13,4,9,12,bolivia,1.0
The Strongest,4,4,0,0,9,2,7,12,bolivia,1.0
U. de Vinto,4,4,0,0,6,2,4,12,bolivia,1.0
SA Bulo Bulo,4,3,1,0,10,2,8,10,bolivia,0.75
Bolivar,4,3,1,0,13,8,5,10,bolivia,0.75
Nacional Potosi,4,3,1,0,9,4,5,10,bolivia,0.75
Guabira,4,3,0,1,9,5,4,9,bolivia,0.75
Blooming,4,3,0,1,5,4,1,9,bolivia,0.75
I. Petrolero,4,2,2,0,6,4,2,8,bolivia,0.5
Real Tomayapo,4,2,1,1,6,5,1,7,bolivia,0.5
Gualberto V. SJ,4,2,1,1,6,6,0,7,bolivia,0.5
Oriente P.,4,2,1,1,3,3,0,7,bolivia,0.5
Always Ready,4,1,2,1,3,3,0,5,bolivia,0.25
Wilstermann,4,1,1,2,8,7,1,4,bolivia,0.25
Royal Pari,4,0,2,2,2,4,-2,2,bolivia,0.0
Santa Cruz,4,0,1,3,4,9,-5,1,bolivia,0.0
Gualberto V. SJ,8,6,2,0,26,5,21,20,bolivia2,0.75
The Strongest,8,6,2,0,20,6,14,20,bolivia2,0.75
Bolivar,8,5,2,1,17,4,13,17,bolivia2,0.62
Aurora,8,5,2,1,14,4,10,17,bolivia2,0.62
Blooming,8,5,2,1,15,8,7,17,bolivia2,0.62
Wilstermann,8,4,4,0,17,8,9,16,bolivia2,0.5
Nacional Potosi,8,5,1,2,15,9,6,16,bolivia2,0.62
Real Tomayapo,8,5,1,2,10,5,5,16,bolivia2,0.62
Always Ready,8,4,2,2,13,9,4,14,bolivia2,0.5
I. Petrolero,8,3,3,2,17,12,5,12,bolivia2,0.38
Royal Pari,8,3,3,2,9,8,1,12,bolivia2,0.38
Guabira,8,4,0,4,12,13,-1,12,bolivia2,0.5
Oriente P.,8,3,2,3,17,13,4,11,bolivia2,0.38
U. de Vinto,8,3,0,5,10,12,-2,9,bolivia2,0.38
Santa Cruz,8,2,2,4,9,13,-4,8,bolivia2,0.25
SA Bulo Bulo,8,1,3,4,14,19,-5,6,bolivia2,0.12
Corinthians,8,7,1,0,22,7,15,22,brazil,0.88
Fortaleza,8,6,2,0,12,2,10,20,brazil,0.75
Internacional,8,6,1,1,16,4,12,19,brazil,0.75
Palmeiras,8,5,1,2,18,9,9,16,brazil,0.62
Botafogo,8,4,4,0,13,4,9,16,brazil,0.5
Sao Paulo,8,5,1,2,15,10,5,16,brazil,0.62
Fluminense,8,4,3,1,9,5,4,15,brazil,0.5
Flamengo,8,4,3,1,12,9,3,15,brazil,0.5
Vasco da Gama,8,4,2,2,11,8,3,14,brazil,0.5
Vitoria,8,4,2,2,10,7,3,14,brazil,0.5
Atletico GO,8,4,2,2,7,5,2,14,brazil,0.5
Gremio,8,4,1,3,16,14,2,13,brazil,0.5
Athletico PR,8,3,2,3,10,7,3,11,brazil,0.38
Bahia,8,3,2,3,8,8,0,11,brazil,0.38
Juventude,8,3,2,3,13,17,-4,11,brazil,0.38
Cruzeiro,8,2,3,3,9,9,0,9,brazil,0.25
Bragantino,8,1,6,1,8,8,0,9,brazil,0.12
Atletico MG,8,2,3,3,11,12,-1,9,brazil,0.25
Cuiaba,8,2,2,4,7,9,-2,8,brazil,0.25
Criciuma,8,2,2,4,6,10,-4,8,brazil,0.25
Ceara,8,8,0,0,14,2,12,24,brazil2,1.0
America MG,8,6,2,0,17,6,11,20,brazil2,0.75
Mirassol,8,6,2,0,11,1,10,20,brazil2,0.75
Goias,8,6,0,2,11,4,7,18,brazil2,0.75
Operario PR,8,5,3,0,11,6,5,18,brazil2,0.62
Paysandu,8,6,0,2,10,5,5,18,brazil2,0.75
Sport Recife,8,5,2,1,16,7,9,17,brazil2,0.62
Santos,8,5,2,1,13,8,5,17,brazil2,0.62
Novorizontino,8,5,1,2,11,6,5,16,brazil2,0.62
Vila Nova,8,5,1,2,12,11,1,16,brazil2,0.62
Chapecoense,8,5,1,2,11,11,0,16,brazil2,0.62
Amazonas,8,5,1,2,9,9,0,16,brazil2,0.62
Avai,8,4,3,1,10,5,5,15,brazil2,0.5
Coritiba,8,4,2,2,12,10,2,14,brazil2,0.5
Guarani,8,3,4,1,6,5,1,13,brazil2,0.38
Brusque,8,4,0,4,8,7,1,12,brazil2,0.5
Ituano,8,3,0,5,7,10,-3,9,brazil2,0.38
CRB,8,2,2,4,8,10,-2,8,brazil2,0.25
Botafogo SP,8,2,2,4,6,11,-5,8,brazil2,0.25
Ponte Preta,8,2,0,6,5,15,-10,6,brazil2,0.25
Ludogorets,8,7,1,0,17,1,16,22,bulgaria,0.88
Cherno More,8,6,2,0,15,3,12,20,bulgaria,0.75
Botev Plovdiv,8,6,1,1,11,4,7,19,bulgaria,0.75
Arda,8,6,1,1,14,10,4,19,bulgaria,0.75
Levski Sofia,8,6,0,2,13,7,6,18,bulgaria,0.75
Spartak Varna,8,4,2,2,11,8,3,14,bulgaria,0.5
Slavia Sofia,8,4,1,3,10,9,1,13,bulgaria,0.5
Beroe,8,4,0,4,11,6,5,12,bulgaria,0.5
CSKA Sofia,8,3,3,2,12,9,3,12,bulgaria,0.38
Lokomotiv Sofia,8,2,3,3,4,8,-4,9,bulgaria,0.25
L. Krumovgrad,8,2,2,4,6,7,-1,8,bulgaria,0.25
Botev Vratsa,8,2,2,4,8,13,-5,8,bulgaria,0.25
Hebar,8,1,4,3,7,8,-1,7,bulgaria,0.12
Septemvri Sofia,8,2,1,5,8,12,-4,7,bulgaria,0.25
CSKA 1948 Sofia,8,2,1,5,9,15,-6,7,bulgaria,0.25
Lok. Plovdiv,8,0,3,5,8,15,-7,3,bulgaria,0.0
Forge,8,7,0,1,16,4,12,21,canada,0.88
HFX Wanderers,8,5,3,0,17,9,8,18,canada,0.62
Cavalry,8,3,4,1,12,10,2,13,canada,0.38
York Utd,8,3,2,3,10,9,1,11,canada,0.38
A. Ottawa,8,2,4,2,10,10,0,10,canada,0.25
Pacific,8,3,1,4,10,13,-3,10,canada,0.38
Valour,8,2,2,4,7,9,-2,8,canada,0.25
Vancouver FC,8,1,2,5,5,12,-7,5,canada,0.12
Colo-Colo,8,8,0,0,16,4,12,24,chile,1.0
U. de Chile,8,6,2,0,12,2,10,20,chile,0.75
D. Iquique,8,6,1,1,18,8,10,19,chile,0.75
Cobresal,8,6,1,1,18,11,7,19,chile,0.75
Palestino,8,5,1,2,17,9,8,16,chile,0.62
Huachipato,8,4,3,1,10,7,3,15,chile,0.5
Audax Italiano,8,4,1,3,12,8,4,13,chile,0.5
Union La Calera,8,4,1,3,13,11,2,13,chile,0.5
Cobreloa,8,4,1,3,12,10,2,13,chile,0.5
Union Espanola,8,4,0,4,15,12,3,12,chile,0.5
Everton,8,3,3,2,8,6,2,12,chile,0.38
U. Catolica,8,3,2,3,15,10,5,11,chile,0.38
Nublense,8,3,2,3,9,8,1,11,chile,0.38
Coquimbo Unido,8,2,4,2,9,8,1,10,chile,0.25
Copiapo,8,2,2,4,13,15,-2,8,chile,0.25
OHiggins,8,1,3,4,7,16,-9,6,chile,0.12
La Serena,8,7,1,0,13,3,10,22,chile2,0.88
Magallanes,8,4,3,1,14,6,8,15,chile2,0.5
Deportes Temuco,8,4,2,2,11,5,6,14,chile2,0.5
U. Concepcion,8,4,2,2,14,9,5,14,chile2,0.5
CD Santa Cruz,8,4,2,2,11,7,4,14,chile2,0.5
Recoleta,8,3,4,1,14,8,6,13,chile2,0.38
Rangers,8,3,4,1,11,6,5,13,chile2,0.38
Barnechea,8,4,1,3,13,11,2,13,chile2,0.5
S. Wanderers,8,3,3,2,13,8,5,12,chile2,0.38
U. San Felipe,8,2,5,1,7,5,2,11,chile2,0.25
Antofagasta,8,2,4,2,10,10,0,10,chile2,0.25
S. Morning,8,3,0,5,5,8,-3,9,chile2,0.38
D. Limache,8,2,2,4,9,12,-3,8,chile2,0.25
Curico Unido,8,2,1,5,7,14,-7,7,chile2,0.25
San Marcos,8,1,3,4,8,12,-4,6,chile2,0.12
San Luis,8,0,3,5,4,16,-12,3,chile2,0.0
Shanghai Port,8,8,0,0,37,6,31,24,china,1.0
S. Shenhua,8,7,1,0,26,8,18,22,china,0.88
Tianjin T.,8,7,1,0,16,7,9,22,china,0.88
Chengdu,8,6,1,1,25,6,19,19,china,0.75
Beijing Guoan,8,5,2,1,22,5,17,17,china,0.62
Changchun Yatai,8,5,2,1,22,10,12,17,china,0.62
Henan SL,8,5,1,2,8,5,3,16,china,0.62
Shandong T.,8,4,2,2,13,5,8,14,china,0.5
Zhejiang,8,4,2,2,23,17,6,14,china,0.5
Sichuan Jiuniu,8,4,2,2,9,11,-2,14,china,0.5
Qingdao Hainiu,8,4,1,3,11,12,-1,13,china,0.5
Meizhou Hakka,8,4,1,3,10,12,-2,13,china,0.5
Qingdao West C.,8,2,4,2,15,13,2,10,china,0.25
Cangzhou,8,2,3,3,7,11,-4,9,china,0.25
Nantong Zhiyun,8,2,2,4,8,14,-6,8,china,0.25
Wuhan Three T.,8,2,1,5,8,13,-5,7,china,0.25
Yunnan Yukun,8,6,2,0,18,1,17,20,china2,0.75
Suzhou Dongwu,8,6,2,0,14,5,9,20,china2,0.75
Dalian Yingbo,8,6,1,1,17,6,11,19,china2,0.75
Liaoning Tieren,8,6,1,1,17,8,9,19,china2,0.75
Guangzhou FC,8,4,4,0,13,4,9,16,china2,0.5
Nanjing City,8,4,3,1,12,7,5,15,china2,0.5
S. Gongfu,8,5,0,3,11,9,2,15,china2,0.62
Chongqing T.,8,3,5,0,12,7,5,14,china2,0.38
Guangxi Baoyun,8,3,4,1,11,10,1,13,china2,0.38
Foshan Nanshi,8,2,5,1,11,7,4,11,china2,0.25
Jiangxi Lushan,8,3,2,3,6,5,1,11,china2,0.38
Shanghai Jiadin,8,2,4,2,6,5,1,10,china2,0.25
Heilongjiang IC,8,2,2,4,5,7,-2,8,china2,0.25
Qingdao RL,8,1,3,4,6,9,-3,6,china2,0.12
Wuxi Wugou,8,1,2,5,9,16,-7,5,china2,0.12
Yanbian Longdin,8,0,4,4,6,15,-9,4,china2,0.0
Deportivo Pasto,8,6,0,2,14,8,6,18,colombia2,0.75
I. Medelin,8,5,2,1,11,2,9,17,colombia2,0.62
Junior,8,5,2,1,17,9,8,17,colombia2,0.62
Millonarios,8,5,2,1,11,3,8,17,colombia2,0.62
America de Cali,8,5,2,1,9,3,6,17,colombia2,0.62
D. Pereira,8,5,1,2,10,6,4,16,colombia2,0.62
Santa Fe,8,4,3,1,12,5,7,15,colombia2,0.5
Deportes Tolima,8,4,3,1,10,4,6,15,colombia2,0.5
Patriotas,8,4,2,2,14,8,6,14,colombia2,0.5
Once Caldas,8,4,2,2,11,8,3,14,colombia2,0.5
A. Nacional,8,3,4,1,15,11,4,13,colombia2,0.38
A. Petrolera,8,3,3,2,11,8,3,12,colombia2,0.38
Boyaca Chico,8,3,3,2,7,10,-3,12,colombia2,0.38
Fortaleza CEIF,8,3,2,3,9,9,0,11,colombia2,0.38
La Equidad,8,2,4,2,10,11,-1,10,colombia2,0.25
Deportivo Cali,8,3,1,4,7,9,-2,10,colombia2,0.38
R. Aguilas,8,2,3,3,7,9,-2,9,colombia2,0.25
Jaguares de C.,8,2,3,3,5,8,-3,9,colombia2,0.25
Envigado,8,2,2,4,4,4,0,8,colombia2,0.25
A. Bucaramanga,8,2,2,4,6,9,-3,8,colombia2,0.25
Guanacasteca,8,8,0,0,13,3,10,24,costarica,1.0
Alajuelense,8,6,2,0,19,5,14,20,costarica,0.75
Cartagines,8,6,2,0,16,8,8,20,costarica,0.75
Saprissa,8,5,2,1,17,11,6,17,costarica,0.62
Herediano,8,4,1,3,15,14,1,13,costarica,0.5
San Carlos,8,2,6,0,9,6,3,12,costarica,0.25
Santos Guapiles,8,4,0,4,13,11,2,12,costarica,0.5
Zeledon,8,3,3,2,10,8,2,12,costarica,0.38
Santa Ana,8,3,3,2,11,11,0,12,costarica,0.38
Sporting SJ,8,3,1,4,12,11,1,10,costarica,0.38
Puntarenas,8,2,3,3,7,9,-2,9,costarica,0.25
M. Liberia,8,2,2,4,12,11,1,8,costarica,0.25
Slavia Prague,8,8,0,0,20,3,17,24,czechrepublic,1.0
Viktoria Plzen,8,6,2,0,17,5,12,20,czechrepublic,0.75
Banik Ostrava,8,6,0,2,15,6,9,18,czechrepublic,0.75
Jablonec,8,5,1,2,17,6,11,16,czechrepublic,0.62
Karvina,8,4,3,1,9,4,5,15,czechrepublic,0.5
Sparta Prague,8,4,2,2,15,11,4,14,czechrepublic,0.5
Hradec Kralove,8,4,2,2,9,6,3,14,czechrepublic,0.5
Sigma Olomouc,8,4,2,2,13,14,-1,14,czechrepublic,0.5
Mlada Boleslav,8,3,4,1,13,7,6,13,czechrepublic,0.38
Slovacko,8,3,4,1,6,5,1,13,czechrepublic,0.38
Slovan Liberec,8,2,4,2,11,10,1,10,czechrepublic,0.25
Teplice,8,3,1,4,14,14,0,10,czechrepublic,0.38
Dukla Praha,8,3,1,4,9,11,-2,10,czechrepublic,0.38
Pardubice,8,2,2,4,8,9,-1,8,czechrepublic,0.25
Bohemians,8,1,3,4,10,17,-7,6,czechrepublic,0.12
C. Budejovice,8,0,2,6,1,16,-15,2,czechrepublic,0.0
FC Midtjylland,8,7,0,1,16,9,7,21,denmark,0.88
AGF Aarhus,8,5,3,0,20,8,12,18,denmark,0.62
FC Kobenhavn,8,5,3,0,17,8,9,18,denmark,0.62
Nordsjaelland,8,4,4,0,15,9,6,16,denmark,0.5
Brondby IF,8,4,3,1,10,5,5,15,denmark,0.5
Randers FC,8,4,2,2,14,8,6,14,denmark,0.5
Viborg,8,4,2,2,16,13,3,14,denmark,0.5
Silkeborg,8,3,4,1,16,13,3,13,denmark,0.38
Aalborg BK,8,3,2,3,10,15,-5,11,denmark,0.38
SonderjyskE,8,2,3,3,12,18,-6,9,denmark,0.25
Lyngby,8,1,4,3,6,10,-4,7,denmark,0.12
Vejle BK,8,1,2,5,7,17,-10,5,denmark,0.12
Odense BK,8,6,1,1,17,11,6,19,denmark2,0.75
Hvidovre,8,5,3,0,16,6,10,18,denmark2,0.62
Esbjerg,8,5,1,2,17,12,5,16,denmark2,0.62
AC Horsens,8,4,3,1,13,7,6,15,denmark2,0.5
Fredericia,8,4,1,3,14,10,4,13,denmark2,0.5
Hillerod,8,4,1,3,12,12,0,13,denmark2,0.5
Hobro,8,3,2,3,11,13,-2,11,denmark2,0.38
Kolding IF,8,2,3,3,8,8,0,9,denmark2,0.25
Vendsyssel,8,2,2,4,7,12,-5,8,denmark2,0.25
HB Koge,8,2,0,6,9,19,-10,6,denmark2,0.25
B 93,8,1,1,6,4,17,-13,4,denmark2,0.12
Roskilde,8,1,0,7,5,16,-11,3,denmark2,0.12
I. del Valle,8,6,2,0,15,4,11,20,ecuador,0.75
Barcelona SC,7,5,2,0,13,1,12,17,ecuador,0.71
U. Catolica,8,5,2,1,21,10,11,17,ecuador,0.62
Aucas,8,5,2,1,20,10,10,17,ecuador,0.62
LDU Quito,7,5,1,1,15,7,8,16,ecuador,0.71
Mushuc Runa,8,5,0,3,14,7,7,15,ecuador,0.62
D. Cuenca,8,3,4,1,19,11,8,13,ecuador,0.38
Emelec,8,3,4,1,7,3,4,13,ecuador,0.38
Tecnico U.,8,3,4,1,9,7,2,13,ecuador,0.38
Cumbaya,7,4,1,2,6,5,1,13,ecuador,0.57
El Nacional,7,4,0,3,8,6,2,12,ecuador,0.57
Macara,7,2,3,2,5,4,1,9,ecuador,0.29
Orense,7,2,3,2,7,7,0,9,ecuador,0.29
Imbabura,7,2,2,3,10,8,2,8,ecuador,0.29
Delfin,8,2,2,4,7,9,-2,8,ecuador,0.25
Libertad,7,1,2,4,4,10,-6,5,ecuador,0.14
Guayaquil City,8,6,2,0,17,3,14,20,ecuador3,0.75
Cuniburo,8,6,1,1,15,5,10,19,ecuador3,0.75
Manta,8,6,1,1,14,6,8,19,ecuador3,0.75
Nueve Octubre,8,5,2,1,13,8,5,17,ecuador3,0.62
I. Juniors,8,4,1,3,14,9,5,13,ecuador3,0.5
San Antonio,8,3,3,2,8,6,2,12,ecuador3,0.38
Gualaceo,8,3,3,2,5,5,0,12,ecuador3,0.38
Leones Norte,8,2,4,2,7,6,1,10,ecuador3,0.25
Vargas Torres,8,1,5,2,7,10,-3,8,ecuador3,0.12
Chacaritas,8,0,5,3,4,11,-7,5,ecuador3,0.0
Ceramica C.,2,2,0,0,5,1,4,6,egypt,1.0
Al Ahly,2,1,1,0,6,3,3,4,egypt,0.5
Pyramids FC,2,1,1,0,4,2,2,4,egypt,0.5
Al Masry,2,1,1,0,1,0,1,4,egypt,0.5
Ismaily,2,1,1,0,1,0,1,4,egypt,0.5
ZED FC,2,1,0,1,2,1,1,3,egypt,0.5
Pharco,2,1,0,1,4,4,0,3,egypt,0.5
Zamalek,2,1,0,1,3,3,0,3,egypt,0.5
ENPPI,2,1,0,1,2,2,0,3,egypt,0.5
Al Ittihad,2,1,0,1,1,1,0,3,egypt,0.5
Modern Sport,2,0,2,0,0,0,0,2,egypt,0.0
National Bank,2,0,2,0,0,0,0,2,egypt,0.0
Petrojet,2,0,1,1,2,3,-1,1,egypt,0.0
El Gouna,2,0,1,1,0,1,-1,1,egypt,0.0
Haras El Hodood,2,0,1,1,1,3,-2,1,egypt,0.0
El Geish,2,0,1,1,0,2,-2,1,egypt,0.0
Smouha,2,0,1,1,0,2,-2,1,egypt,0.0
Ghazl El M.,2,0,0,2,2,7,-5,0,egypt,0.0
Brentford,8,7,1,0,26,14,12,22,england,0.88
Liverpool,7,6,0,1,13,3,10,18,england,0.86
Arsenal,7,5,2,0,17,6,11,17,england,0.71
Manchester City,7,5,1,1,15,10,5,16,england,0.71
Aston Villa,8,4,3,1,13,9,4,15,england,0.5
Tottenham,7,4,1,2,17,7,10,13,england,0.57
Bournemouth,7,4,1,2,10,6,4,13,england,0.57
Brighton,7,3,4,0,12,9,3,13,england,0.43
Manchester Utd,8,4,1,3,13,11,2,13,england,0.5
Fulham,7,4,1,2,13,12,1,13,england,0.57
Chelsea,7,3,3,1,12,8,4,12,england,0.43
Nottm Forest,7,3,2,2,8,6,2,11,england,0.43
Newcastle Utd,7,3,2,2,8,8,0,11,england,0.43
Everton,7,2,3,2,9,8,1,9,england,0.29
Leicester City,7,2,2,3,9,10,-1,8,england,0.29
Crystal Palace,8,1,4,3,6,10,-4,7,england,0.12
West Ham Utd,7,2,1,4,10,15,-5,7,england,0.29
Ipswich Town,7,0,4,3,5,10,-5,4,england,0.0
Wolverhampton,7,1,1,5,11,18,-7,4,england,0.14
Southampton,7,1,1,5,7,16,-9,4,england,0.14
Sheffield Utd,8,8,0,0,12,0,12,24,england2,1.0
Leeds Utd,8,7,0,1,17,2,15,21,england2,0.88
Watford,8,6,2,0,10,4,6,20,england2,0.75
Sunderland,8,5,3,0,12,5,7,18,england2,0.62
Burnley,8,4,4,0,8,3,5,16,england2,0.5
Blackburn,8,5,1,2,9,5,4,16,england2,0.62
Norwich City,8,4,3,1,23,11,12,15,england2,0.5
Luton Town,8,4,3,1,12,7,5,15,england2,0.5
Plymouth,8,4,3,1,15,11,4,15,england2,0.5
Millwall,8,4,2,2,8,5,3,14,england2,0.5
Middlesbrough,8,4,1,3,12,9,3,13,england2,0.5
Cardiff City,8,4,0,4,11,10,1,12,england2,0.5
Derby County,8,3,2,3,12,9,3,11,england2,0.38
Preston,8,2,5,1,9,7,2,11,england2,0.25
West Brom,8,2,5,1,4,3,1,11,england2,0.25
Bristol City,8,2,4,2,9,6,3,10,england2,0.25
Stoke City,8,2,4,2,13,11,2,10,england2,0.25
Swansea City,8,2,4,2,9,9,0,10,england2,0.25
Sheffield Wed,8,2,4,2,10,13,-3,10,england2,0.25
Oxford Utd,8,2,4,2,8,11,-3,10,england2,0.25
Portsmouth,8,2,3,3,9,10,-1,9,england2,0.25
Coventry City,8,2,2,4,13,13,0,8,england2,0.25
QP Rangers,8,1,4,3,9,12,-3,7,england2,0.12
Hull City,8,1,2,5,7,11,-4,5,england2,0.12
Wrexham,8,7,1,0,15,2,13,22,england3,0.88
Reading,8,7,0,1,17,4,13,21,england3,0.88
Birmingham City,8,6,2,0,15,6,9,20,england3,0.75
Wycombe,8,6,1,1,15,6,9,19,england3,0.75
Huddersfield,8,6,0,2,12,7,5,18,england3,0.75
Bolton,8,5,1,2,15,13,2,16,england3,0.62
Peterborough,8,4,2,2,21,12,9,14,england3,0.5
Stockport,8,4,2,2,14,11,3,14,england3,0.5
Lincoln City,8,4,2,2,13,10,3,14,england3,0.5
Rotherham,8,4,2,2,10,8,2,14,england3,0.5
Stevenage,8,4,2,2,9,7,2,14,england3,0.5
Cambridge Utd,8,3,3,2,13,10,3,12,england3,0.38
Charlton,8,3,3,2,10,8,2,12,england3,0.38
Leyton Orient,8,3,2,3,10,7,3,11,england3,0.38
Mansfield,8,3,2,3,9,8,1,11,england3,0.38
Wigan Athletic,8,3,2,3,7,6,1,11,england3,0.38
Northampton,8,3,2,3,9,9,0,11,england3,0.38
Exeter City,8,3,2,3,8,8,0,11,england3,0.38
Bristol Rovers,8,3,2,3,8,11,-3,11,england3,0.38
Barnsley,8,2,4,2,12,11,1,10,england3,0.25
Blackpool,8,2,4,2,11,11,0,10,england3,0.25
Crawley Town,8,2,2,4,10,15,-5,8,england3,0.25
Shrewsbury,8,2,1,5,8,12,-4,7,england3,0.25
Burton Albion,8,1,1,6,6,13,-7,4,england3,0.12
Crewe Alexandra,8,5,3,0,13,3,10,18,england4,0.62
Milton Keynes,8,5,2,1,14,7,7,17,england4,0.62
Walsall,8,5,2,1,19,14,5,17,england4,0.62
Bradford,8,4,3,1,12,7,5,15,england4,0.5
Salford City,8,5,0,3,9,7,2,15,england4,0.62
AFC Wimbledon,8,4,2,2,15,6,9,14,england4,0.5
Notts County,8,4,2,2,10,5,5,14,england4,0.5
Port Vale,8,4,2,2,13,10,3,14,england4,0.5
Newport,8,4,2,2,12,11,1,14,england4,0.5
Chesterfield,8,3,4,1,12,10,2,13,england4,0.38
Barrow,8,3,3,2,12,8,4,12,england4,0.38
Gillingham,8,4,0,4,9,7,2,12,england4,0.5
Cheltenham,8,3,3,2,9,9,0,12,england4,0.38
Harrogate,8,4,0,4,9,13,-4,12,england4,0.5
Accrington,8,2,4,2,9,9,0,10,england4,0.25
Doncaster,8,2,4,2,7,9,-2,10,england4,0.25
Colchester Utd,8,2,3,3,11,7,4,9,england4,0.25
Tranmere,8,2,3,3,6,9,-3,9,england4,0.25
Grimsby,8,3,0,5,11,16,-5,9,england4,0.38
Swindon Town,8,2,2,4,12,11,1,8,england4,0.25
Fleetwood,8,1,5,2,7,9,-2,8,england4,0.12
Bromley,8,1,4,3,11,14,-3,7,england4,0.12
Carlisle Utd,8,0,3,5,7,13,-6,3,england4,0.0
Morecambe,8,0,3,5,8,18,-10,3,england4,0.0
York City,8,7,1,0,27,7,20,22,england5,0.88
Barnet,8,7,1,0,21,4,17,22,england5,0.88
Forest Green,8,6,2,0,16,6,10,20,england5,0.75
Oldham,8,5,2,1,15,5,10,17,england5,0.62
Tamworth,8,5,2,1,15,10,5,17,england5,0.62
Altrincham,8,4,4,0,17,7,10,16,england5,0.5
Rochdale,8,5,1,2,12,6,6,16,england5,0.62
Gateshead FC,8,5,1,2,10,6,4,16,england5,0.62
Dagenham & R.,8,4,2,2,23,12,11,14,england5,0.5
Sutton Utd,8,4,1,3,8,9,-1,13,england5,0.5
Hartlepool,8,3,3,2,8,7,1,12,england5,0.38
AFC Fylde,8,3,2,3,15,15,0,11,england5,0.38
Halifax Town,8,3,2,3,11,11,0,11,england5,0.38
Braintree Town,8,3,2,3,7,7,0,11,england5,0.38
Aldershot Town,8,3,2,3,8,10,-2,11,england5,0.38
Eastleigh,8,2,4,2,12,12,0,10,england5,0.25
Wealdstone,8,3,1,4,7,12,-5,10,england5,0.38
Woking,8,2,3,3,6,9,-3,9,england5,0.25
Maidenhead Utd,8,2,3,3,10,16,-6,9,england5,0.25
Yeovil Town,8,2,2,4,6,7,-1,8,england5,0.25
Southend Utd,8,2,2,4,10,13,-3,8,england5,0.25
Solihull Moors,8,2,2,4,15,20,-5,8,england5,0.25
Ebbsfleet Utd,8,1,4,3,6,13,-7,7,england5,0.12
Boston Utd,8,1,2,5,9,13,-4,5,england5,0.12
Flora,8,8,0,0,22,6,16,24,estonia,1.0
Paide,8,6,1,1,22,10,12,19,estonia,0.75
Levadia,8,5,3,0,18,5,13,18,estonia,0.62
Nomme Kalju,8,5,1,2,20,13,7,16,estonia,0.62
Tallinna Kalev,8,3,1,4,8,12,-4,10,estonia,0.38
Tammeka,8,2,2,4,13,16,-3,8,estonia,0.25
Vaprus,8,2,2,4,8,13,-5,8,estonia,0.25
Kuressaare,8,2,1,5,11,13,-2,7,estonia,0.25
Narva Trans,8,1,3,4,6,13,-7,6,estonia,0.12
Nomme Utd,8,0,2,6,4,20,-16,2,estonia,0.0
Viimsi,8,7,1,0,16,4,12,22,estonia2,0.88
Harju JK,8,5,3,0,22,6,16,18,estonia2,0.62
Tallinna K. B,8,5,1,2,20,15,5,16,estonia2,0.62
Flora B,8,5,0,3,22,9,13,15,estonia2,0.62
Elva,8,4,1,3,13,9,4,13,estonia2,0.5
Levadia B,8,4,1,3,13,15,-2,13,estonia2,0.5
Tartu Welco,8,2,3,3,17,15,2,9,estonia2,0.25
Tabasalu,8,2,0,6,8,21,-13,6,estonia2,0.25
FC Tallinn,8,1,2,5,11,16,-5,5,estonia2,0.12
Paide B,8,1,2,5,16,30,-14,5,estonia2,0.12
HB Torshavn,8,7,1,0,15,2,13,22,faroeislands,0.88
Vikingur,8,7,0,1,23,3,20,21,faroeislands,0.88
Klaksvik,8,6,1,1,17,10,7,19,faroeislands,0.75
NSI Runavik,8,5,0,3,21,11,10,15,faroeislands,0.62
Streymur,8,5,0,3,15,14,1,15,faroeislands,0.62
B36 Torshavn,8,3,3,2,15,11,4,12,faroeislands,0.38
07 Vestur,8,4,0,4,12,13,-1,12,faroeislands,0.5
B68 Toftir,8,3,1,4,8,13,-5,10,faroeislands,0.38
Skala,8,2,3,3,12,16,-4,9,faroeislands,0.25
IF Fuglafjordur,8,1,0,7,7,25,-18,3,faroeislands,0.12
Vikingur B,8,6,2,0,27,10,17,20,faroeislands2,0.75
Suduroy,8,5,3,0,20,7,13,18,faroeislands2,0.62
B71 Sandur,8,4,3,1,18,6,12,15,faroeislands2,0.5
TB Tvoroyri,8,4,2,2,12,8,4,14,faroeislands2,0.5
AB Argir,8,2,5,1,14,8,6,11,faroeislands2,0.25
B36 Torshavn B,8,2,2,4,9,13,-4,8,faroeislands2,0.25
NSI Runavik B,8,2,1,5,9,15,-6,7,faroeislands2,0.25
Klaksvik B,8,2,1,5,8,16,-8,7,faroeislands2,0.25
Hoyvik,8,1,3,4,9,16,-7,6,faroeislands2,0.12
HB T. B,8,0,3,5,10,24,-14,3,faroeislands2,0.0
Ilves,8,7,1,0,23,6,17,22,finland,0.88
KuPS,8,7,0,1,14,4,10,21,finland,0.88
Inter Turku,8,6,2,0,21,7,14,20,finland,0.75
Gnistan,8,5,2,1,14,7,7,17,finland,0.62
HJK Helsinki,8,5,1,2,15,6,9,16,finland,0.62
Lahti,8,3,4,1,14,9,5,13,finland,0.38
Oulu,8,4,0,4,9,6,3,12,finland,0.5
SJK,8,3,1,4,14,16,-2,10,finland,0.38
Haka,8,2,3,3,12,14,-2,9,finland,0.25
VPS,8,2,3,3,11,14,-3,9,finland,0.25
Mariehamn,8,2,2,4,6,11,-5,8,finland,0.25
Ekenas IF,8,1,2,5,8,19,-11,5,finland,0.12
Jaro,8,7,0,1,22,7,15,21,finland2,0.88
JIPPO,8,5,1,2,17,10,7,16,finland2,0.62
KTP,8,4,2,2,22,11,11,14,finland2,0.5
PK-35,8,4,1,3,9,7,2,13,finland2,0.5
SJK Akatemia,8,3,3,2,17,10,7,12,finland2,0.38
TPS,8,4,0,4,18,12,6,12,finland2,0.5
JaPS,8,2,4,2,12,12,0,10,finland2,0.25
KaPa,8,2,2,4,11,21,-10,8,finland2,0.25
SalPa,8,1,3,4,8,16,-8,6,finland2,0.12
Mikkelin,8,1,1,6,8,21,-13,4,finland2,0.12
Paris SG,7,6,1,0,21,5,16,19,france,0.86
Monaco,8,5,2,1,12,6,6,17,france,0.62
Auxerre,7,5,1,1,12,5,7,16,france,0.71
Nice,7,4,3,0,18,7,11,15,france,0.57
Lille,7,4,2,1,13,9,4,14,france,0.57
Rennes,7,4,1,2,14,5,9,13,france,0.57
Brest,7,4,1,2,13,8,5,13,france,0.57
Lyon,7,4,1,2,15,11,4,13,france,0.57
Saint-Etienne,6,4,0,2,7,5,2,12,france,0.67
Strasbourg,6,3,2,1,11,8,3,11,france,0.5
Toulouse,7,3,2,2,8,6,2,11,france,0.43
Lens,6,2,2,2,6,7,-1,8,france,0.33
Reims,7,2,2,3,9,11,-2,8,france,0.29
Marseille,6,2,2,2,8,10,-2,8,france,0.33
Montpellier,7,2,2,3,10,17,-7,8,france,0.29
Le Havre,7,2,0,5,5,16,-11,6,france,0.29
Nantes,6,1,2,3,7,9,-2,5,france,0.17
Angers,7,1,1,5,9,18,-9,4,france,0.14
Lorient,7,7,0,0,20,6,14,21,france2,1.0
USL Dunkerque,8,7,0,1,14,7,7,21,france2,0.88
Annecy,7,6,0,1,13,4,9,18,france2,0.86
Amiens,7,5,2,0,11,3,8,17,france2,0.71
Guingamp,8,5,1,2,19,8,11,16,france2,0.62
Metz,7,4,3,0,14,5,9,15,france2,0.57
Pau FC,7,4,2,1,10,4,6,14,france2,0.57
Grenoble,8,4,2,2,11,6,5,14,france2,0.5
Paris FC,7,4,2,1,12,8,4,14,france2,0.57
AC Ajaccio,8,4,2,2,8,5,3,14,france2,0.5
Laval,7,3,2,2,11,9,2,11,france2,0.43
SC Bastia,7,2,5,0,7,5,2,11,france2,0.29
Caen,8,3,2,3,10,10,0,11,france2,0.38
Rodez Aveyron,7,3,1,3,14,13,1,10,france2,0.43
Clermont,8,2,3,3,10,9,1,9,france2,0.25
Troyes,7,2,2,3,5,8,-3,8,france2,0.29
Red Star,7,2,2,3,5,11,-6,8,france2,0.29
Martigues,8,0,1,7,1,16,-15,1,france2,0.0
Concarneau,8,4,3,1,11,6,5,15,france3,0.5
Aubagne,7,4,2,1,14,6,8,14,france3,0.57
Boulogne,6,4,2,0,11,4,7,14,france3,0.67
Valenciennes,7,4,2,1,14,8,6,14,france3,0.57
Sochaux,8,4,2,2,11,7,4,14,france3,0.5
Rouen,8,3,4,1,12,6,6,13,france3,0.38
Dijon,6,4,1,1,6,1,5,13,france3,0.67
Nimes,8,3,3,2,8,7,1,12,france3,0.38
Orleans,6,3,2,1,12,7,5,11,france3,0.5
Nancy,5,3,0,2,7,3,4,9,france3,0.6
Villefranche,7,2,3,2,7,8,-1,9,france3,0.29
Versailles,8,2,3,3,8,10,-2,9,france3,0.25
Quevilly Rouen,6,2,2,2,6,5,1,8,france3,0.33
Chateauroux,6,2,1,3,8,9,-1,7,france3,0.33
Bourg-en-Bresse,5,2,1,2,5,7,-2,7,france3,0.4
Paris 13 A.,6,1,2,3,5,7,-2,5,france3,0.17
Le Mans,5,0,2,3,1,8,-7,2,france3,0.0
Torpedo Kutaisi,8,7,0,1,13,7,6,21,georgia,0.88
Iberia,8,5,3,0,18,6,12,18,georgia,0.62
Samgurali,8,4,2,2,19,14,5,14,georgia,0.5
Telavi,8,4,1,3,13,8,5,13,georgia,0.5
Dila Gori,8,3,3,2,10,10,0,12,georgia,0.38
Samtredia,8,3,2,3,10,10,0,11,georgia,0.38
Kolkheti Poti,8,2,4,2,11,11,0,10,georgia,0.25
Gagra,8,3,1,4,9,15,-6,10,georgia,0.38
Dinamo Batumi,8,2,3,3,7,9,-2,9,georgia,0.25
Dinamo Tbilisi,8,2,2,4,12,12,0,8,georgia,0.25
Gareji Sagarejo,8,7,1,0,28,4,24,22,georgia2,0.88
Shturmi,8,6,2,0,13,5,8,20,georgia2,0.75
Bolnisi,8,6,1,1,21,5,16,19,georgia2,0.75
Rustavi,8,6,0,2,18,8,10,18,georgia2,0.75
L. Tbilisi,8,4,2,2,12,9,3,14,georgia2,0.5
Aragvi Dusheti,8,4,2,2,10,8,2,14,georgia2,0.5
Spaeri,8,2,2,4,9,15,-6,8,georgia2,0.25
WIT Georgia,8,2,1,5,10,15,-5,7,georgia2,0.25
D. Tbilisi B,8,2,1,5,9,17,-8,7,georgia2,0.25
Kolkheti Khobi,8,0,1,7,2,18,-16,1,georgia2,0.0
Dortmund,7,6,1,0,19,7,12,19,germany,0.86
Bayern Munich,6,5,1,0,17,3,14,16,germany,0.83
E. Frankfurt,6,4,2,0,18,8,10,14,germany,0.67
Stuttgart,7,4,2,1,18,11,7,14,germany,0.57
Leverkusen,7,4,2,1,17,12,5,14,germany,0.57
FC Augsburg,7,4,2,1,12,8,4,14,germany,0.57
Monchengladbach,7,4,1,2,14,10,4,13,germany,0.57
Freiburg,6,4,1,1,11,7,4,13,germany,0.67
RB Leipzig,6,3,2,1,9,6,3,11,germany,0.5
Union Berlin,6,3,2,1,7,5,2,11,germany,0.5
Hoffenheim,6,3,0,3,14,16,-2,9,germany,0.5
FSV Mainz,7,2,2,3,8,9,-1,8,germany,0.29
Werder Bremen,6,1,3,2,6,11,-5,6,germany,0.17
Wolfsburg,6,1,2,3,9,12,-3,5,germany,0.17
Sankt Pauli,6,1,2,3,3,7,-4,5,germany,0.17
Heidenheim,6,1,1,4,5,11,-6,4,germany,0.17
Holstein Kiel,7,1,0,6,4,19,-15,3,germany,0.14
Bochum,6,0,2,4,4,14,-10,2,germany,0.0
Hannover 96,8,7,0,1,15,6,9,21,germany2,0.88
Elversberg,8,5,1,2,18,12,6,16,germany2,0.62
Paderborn,7,4,2,1,13,8,5,14,germany2,0.57
Hamburger SV,7,3,4,0,18,8,10,13,germany2,0.43
Kaiserslautern,7,3,3,1,18,13,5,12,germany2,0.43
FC Koln,8,3,2,3,17,12,5,11,germany2,0.38
Braunschweig,7,3,2,2,10,7,3,11,germany2,0.43
FC Nurnberg,7,3,2,2,16,14,2,11,germany2,0.43
Karlsruher SC,7,3,2,2,14,14,0,11,germany2,0.43
Darmstadt,8,2,4,2,12,9,3,10,germany2,0.25
Greuther Furth,8,2,2,4,10,17,-7,8,germany2,0.25
Schalke 04,7,2,1,4,16,18,-2,7,germany2,0.29
Hertha Berlin,7,2,1,4,9,12,-3,7,germany2,0.29
Regensburg,7,2,1,4,2,11,-9,7,germany2,0.29
Preuss. Munster,8,1,3,4,7,10,-3,6,germany2,0.12
Dusseldorf,7,1,3,3,7,12,-5,6,germany2,0.14
Ulm,7,1,2,4,7,9,-2,5,germany2,0.14
Magdeburg,7,0,5,2,7,12,-5,5,germany2,0.0
Energie Cottbus,8,5,2,1,22,9,13,17,germany3,0.62
Hansa Rostock,8,5,2,1,16,6,10,17,germany3,0.62
Bielefeld,8,5,2,1,11,5,6,17,germany3,0.62
VfB Stuttgart B,8,5,1,2,18,11,7,16,germany3,0.62
Wehen Wiesbaden,8,5,1,2,11,11,0,16,germany3,0.62
FC Ingolstadt,8,4,3,1,17,12,5,15,germany3,0.5
Dortmund B,8,4,2,2,15,9,6,14,germany3,0.5
Saarbrucken,8,4,2,2,10,6,4,14,germany3,0.5
Dynamo Dresden,7,3,4,0,13,8,5,13,germany3,0.43
Viktoria Koln,8,4,1,3,17,13,4,13,germany3,0.5
Mannheim,8,4,1,3,12,9,3,13,germany3,0.5
Alemannia A.,8,3,4,1,9,6,3,13,germany3,0.38
Sandhausen,8,4,1,3,16,14,2,13,germany3,0.5
RW Essen,8,3,2,3,12,11,1,11,germany3,0.38
Verl,8,2,4,2,8,11,-3,10,germany3,0.25
Erzgebirge Aue,8,3,1,4,12,16,-4,10,germany3,0.38
Unterhaching,8,1,6,1,10,9,1,9,germany3,0.12
Osnabruck,8,2,3,3,10,15,-5,9,germany3,0.25
1860 Munchen,8,2,1,5,12,14,-2,7,germany3,0.25
Hannover 96 B,8,2,1,5,9,17,-8,7,germany3,0.25
Bibiani GS,6,5,1,0,8,1,7,16,ghana,0.83
Heart of Lions,6,4,2,0,7,0,7,14,ghana,0.67
Bechem Utd,6,4,2,0,5,0,5,14,ghana,0.67
Samartex,6,4,1,1,7,3,4,13,ghana,0.67
Nsoatreman,6,3,3,0,10,4,6,12,ghana,0.5
Berekum Chelsea,6,3,2,1,9,6,3,11,ghana,0.5
Holy Stars,6,3,2,1,6,4,2,11,ghana,0.5
Medeama,6,3,2,1,4,2,2,11,ghana,0.5
Legon Cities,6,3,1,2,6,5,1,10,ghana,0.5
Asante Kotoko,6,3,1,2,4,4,0,10,ghana,0.5
Nations,6,2,3,1,7,2,5,9,ghana,0.33
Hearts of Oak,6,2,2,2,4,3,1,8,ghana,0.33
Aduana Stars,6,2,2,2,7,7,0,8,ghana,0.33
Young Apostles,6,2,2,2,5,5,0,8,ghana,0.33
Accra Lions,6,1,4,1,5,5,0,7,ghana,0.17
Vision,6,1,4,1,3,3,0,7,ghana,0.17
Dreams,6,1,3,2,3,4,-1,6,ghana,0.17
Karela,6,1,2,3,3,5,-2,5,ghana,0.17
St Josephs,6,6,0,0,13,3,10,18,gibraltar,1.0
Lincoln RI,6,5,1,0,16,1,15,16,gibraltar,0.83
Europa FC,6,3,2,1,14,6,8,11,gibraltar,0.5
Manchester 62,6,3,1,2,12,11,1,10,gibraltar,0.5
Magpies,6,3,1,2,9,10,-1,10,gibraltar,0.5
Mons Calpe,6,3,0,3,9,12,-3,9,gibraltar,0.5
Lions FC,6,2,1,3,10,13,-3,7,gibraltar,0.33
Lynx,6,2,1,3,9,12,-3,7,gibraltar,0.33
Glacis Utd,7,2,1,4,9,17,-8,7,gibraltar,0.29
College 1975,7,1,2,4,3,16,-13,5,gibraltar,0.14
Europa Point,6,0,0,6,2,29,-27,0,gibraltar,0.0
AEK Athens,7,5,2,0,16,2,14,17,greece,0.71
Olympiakos,7,5,2,0,15,5,10,17,greece,0.71
Aris,7,5,1,1,12,5,7,16,greece,0.71
Panathinaikos,7,3,3,1,7,4,3,12,greece,0.43
Panaitolikos,7,3,1,3,8,6,2,10,greece,0.43
PAOK,7,2,2,3,10,10,0,8,greece,0.29
Asteras T.,6,2,1,3,7,6,1,7,greece,0.33
Panserraikos,6,2,1,3,9,10,-1,7,greece,0.33
Atromitos,7,2,1,4,9,11,-2,7,greece,0.29
Levadiakos,7,1,4,2,7,11,-4,7,greece,0.14
OFI Crete,6,1,2,3,7,10,-3,5,greece,0.17
Lamia,6,0,3,3,3,8,-5,3,greece,0.0
A. Kallithea,6,0,3,3,5,11,-6,3,greece,0.0
Volos,7,0,2,5,3,12,-9,2,greece,0.0
Municipal,8,6,2,0,20,5,15,20,guatemala,0.75
Xelaju,8,6,2,0,18,4,14,20,guatemala,0.75
Antigua GFC,8,5,2,1,18,9,9,17,guatemala,0.62
Malacateco,8,5,1,2,12,3,9,16,guatemala,0.62
Xinabajul,8,5,1,2,15,9,6,16,guatemala,0.62
Coban Imperial,8,4,3,1,17,8,9,15,guatemala,0.5
Mixco,8,4,3,1,7,3,4,15,guatemala,0.5
Achuapa,8,3,4,1,10,7,3,13,guatemala,0.38
Comunicaciones,8,4,1,3,13,11,2,13,guatemala,0.5
Guastatoya,8,2,4,2,12,8,4,10,guatemala,0.25
Marquense,8,2,4,2,8,7,1,10,guatemala,0.25
Zacapa Tellioz,8,0,4,4,2,7,-5,4,guatemala,0.0
Olimpia,8,6,2,0,23,6,17,20,honduras,0.75
Olancho,8,5,2,1,20,6,14,17,honduras,0.62
Victoria,8,5,1,2,18,10,8,16,honduras,0.62
Motagua,8,4,2,2,16,12,4,14,honduras,0.5
UPNFM,8,4,1,3,11,11,0,13,honduras,0.5
Marathon,8,3,3,2,11,7,4,12,honduras,0.38
Genesis,8,3,3,2,11,8,3,12,honduras,0.38
Real Espana,8,3,3,2,8,8,0,12,honduras,0.38
Juticalpa,8,2,2,4,6,8,-2,8,honduras,0.25
Real Sociedad,8,1,4,3,5,11,-6,7,honduras,0.12
Tai Po,6,5,1,0,14,4,10,16,hongkong,0.83
Eastern,4,4,0,0,13,2,11,12,hongkong,1.0
LM Warriors,5,4,0,1,13,6,7,12,hongkong,0.8
Kitchee,5,3,2,0,20,3,17,11,hongkong,0.6
Kowloon City,4,2,1,1,5,7,-2,7,hongkong,0.5
Southern D.,4,1,1,2,4,5,-1,4,hongkong,0.25
Hong Kong FC,4,1,0,3,6,9,-3,3,hongkong,0.25
North District,4,0,2,2,7,11,-4,2,hongkong,0.0
HK Rangers,1,0,1,0,1,1,0,1,hongkong,0.0
Paks,8,6,1,1,19,12,7,19,hungary,0.75
Ferencvaros,7,5,2,0,14,6,8,17,hungary,0.71
Puskas A.,8,5,2,1,12,7,5,17,hungary,0.62
MTK Budapest,8,4,2,2,17,10,7,14,hungary,0.5
Nyiregyhaza,8,4,2,2,15,14,1,14,hungary,0.5
DVTK,8,4,2,2,9,8,1,14,hungary,0.5
Fehervar,7,4,1,2,14,6,8,13,hungary,0.57
Ujpest,8,3,4,1,9,3,6,13,hungary,0.38
Zalaegerszegi,7,3,0,4,10,10,0,9,hungary,0.43
Debrecen,7,2,2,3,14,18,-4,8,hungary,0.29
Gyor,8,2,2,4,9,13,-4,8,hungary,0.25
Kecskemeti TE,8,1,3,4,4,11,-7,6,hungary,0.12
Kozarmisleny,8,5,2,1,15,8,7,17,hungary2,0.62
Soroksar,8,5,1,2,15,8,7,16,hungary2,0.62
Kisvarda,7,5,1,1,16,10,6,16,hungary2,0.71
Vasas,8,5,1,2,15,10,5,16,hungary2,0.62
Kazincbarcika,8,5,1,2,13,8,5,16,hungary2,0.62
Csakvari,8,4,2,2,13,10,3,14,hungary2,0.5
Szeged,6,3,2,1,10,7,3,11,hungary2,0.5
Ajka,8,2,5,1,11,9,2,11,hungary2,0.25
Bekescsaba,7,3,2,2,10,8,2,11,hungary2,0.43
Szentlorinc,7,3,2,2,10,8,2,11,hungary2,0.43
Gyirmot,5,3,1,1,9,5,4,10,hungary2,0.6
Honved,7,3,1,3,6,6,0,10,hungary2,0.43
Budafoki,8,2,3,3,9,14,-5,9,hungary2,0.25
Tatabanya,8,2,1,5,6,16,-10,7,hungary2,0.25
Mezokovesd,8,1,3,4,11,13,-2,6,hungary2,0.12
BVSC,5,0,4,1,1,3,-2,4,hungary2,0.0
Breidablik,8,6,2,0,22,10,12,20,iceland,0.75
Stjarnan,8,6,1,1,17,10,7,19,iceland,0.75
Valur,8,5,1,2,26,11,15,16,iceland,0.62
KR Reykjavik,8,4,3,1,24,11,13,15,iceland,0.5
IA Akranes,8,5,0,3,22,12,10,15,iceland,0.62
Vikingur R.,8,4,2,2,17,12,5,14,iceland,0.5
HK Kopavogur,8,4,2,2,14,13,1,14,iceland,0.5
KA Akureyri,8,4,2,2,13,14,-1,14,iceland,0.5
Fram,8,4,1,3,16,15,1,13,iceland,0.5
Vestri,8,2,3,3,7,10,-3,9,iceland,0.25
Fylkir,8,2,2,4,10,16,-6,8,iceland,0.25
Hafnarfjordur,8,1,4,3,10,13,-3,7,iceland,0.12
Keflavik,8,6,2,0,19,9,10,20,iceland2,0.75
IBV,8,6,1,1,21,7,14,19,iceland2,0.75
IR Reykjavik,8,5,2,1,12,4,8,17,iceland2,0.62
Throttur R.,8,5,1,2,16,10,6,16,iceland2,0.62
Leiknir R.,8,4,2,2,16,9,7,14,iceland2,0.5
Fjolnir,8,4,2,2,16,11,5,14,iceland2,0.5
Grindavik,8,3,4,1,18,14,4,13,iceland2,0.38
Njardvik,8,3,3,2,10,9,1,12,iceland2,0.38
Thor Akureyri,8,2,4,2,11,11,0,10,iceland2,0.25
Afturelding,8,3,1,4,10,12,-2,10,iceland2,0.38
Grotta,8,2,0,6,12,20,-8,6,iceland2,0.25
Dalvik / Reynir,8,0,3,5,6,20,-14,3,iceland2,0.0
V. Olafsvik,8,8,0,0,23,7,16,24,iceland3,1.0
Throttur Vogar,8,7,0,1,29,7,22,21,iceland3,0.88
Volsungur,8,5,1,2,17,7,10,16,iceland3,0.62
Selfoss,8,4,2,2,20,14,6,14,iceland3,0.5
Fjallabyggd,8,4,2,2,14,12,2,14,iceland3,0.5
Fjardabyggd/L.,8,4,1,3,24,17,7,13,iceland3,0.5
Haukar,8,4,0,4,20,19,1,12,iceland3,0.5
KFG,8,2,3,3,21,23,-2,9,iceland3,0.25
Hottur/Huginn,8,3,0,5,10,12,-2,9,iceland3,0.38
AEggir,8,1,3,4,7,11,-4,6,iceland3,0.12
Reynir,8,1,2,5,6,14,-8,5,iceland3,0.12
Kormakur/Hvot,8,1,1,6,7,18,-11,4,iceland3,0.12
Bengaluru,6,5,1,0,14,4,10,16,india,0.83
Mohun Bagan,5,4,1,0,12,4,8,13,india,0.8
Punjab,5,4,0,1,10,5,5,12,india,0.8
Odisha FC,7,3,3,1,13,10,3,12,india,0.43
Jamshedpur,5,4,0,1,11,9,2,12,india,0.8
Mumbai City,5,2,2,1,6,6,0,8,india,0.4
NorthEast Utd,4,2,1,1,11,6,5,7,india,0.5
Goa,5,2,1,2,10,8,2,7,india,0.4
Kerala Blasters,6,2,0,4,8,9,-1,6,india,0.33
East Bengal,4,1,1,2,3,5,-2,4,india,0.25
Chennaiyin,4,0,2,2,3,6,-3,2,india,0.0
Mohammedan,5,0,1,4,3,10,-7,1,india,0.0
Hyderabad,4,0,1,3,0,10,-10,1,india,0.0
Real Kashmir,3,2,1,0,5,2,3,7,india2,0.67
Inter Kashi,2,2,0,0,6,1,5,6,india2,1.0
Sreenidi Deccan,3,2,0,1,6,5,1,6,india2,0.67
Aizawl,2,1,1,0,2,0,2,4,india2,0.5
SC Bengaluru,2,1,0,1,4,4,0,3,india2,0.5
Shillong Lajong,3,0,2,1,2,4,-2,2,india2,0.0
Gokulam,2,0,1,1,1,2,-1,1,india2,0.0
Namdhari,3,0,1,2,1,4,-3,1,india2,0.0
Churchill B.,0,0,0,0,0,0,0,0,india2,
Delhi FC,0,0,0,0,0,0,0,0,india2,
Dempo,0,0,0,0,0,0,0,0,india2,
Rajasthan,0,0,0,0,0,0,0,0,india2,
Persib,7,5,2,0,13,4,9,17,indonesia,0.71
Persebaya S.,7,5,2,0,11,6,5,17,indonesia,0.71
PSM,8,4,3,1,10,3,7,15,indonesia,0.5
Persija,6,4,2,0,12,3,9,14,indonesia,0.67
Borneo,6,4,2,0,7,0,7,14,indonesia,0.67
Bali Utd,6,3,3,0,9,3,6,12,indonesia,0.5
PSBS Biak N.,7,4,0,3,12,10,2,12,indonesia,0.57
Dewa Utd,6,3,2,1,12,10,2,11,indonesia,0.5
Malut United,6,2,3,1,7,6,1,9,indonesia,0.33
Arema,5,2,1,2,7,5,2,7,indonesia,0.4
Persis Solo,6,2,1,3,7,6,1,7,indonesia,0.33
Persik Kediri,7,2,1,4,3,7,-4,7,indonesia,0.29
PSIS Semarang,6,2,0,4,3,6,-3,6,indonesia,0.33
Persita,5,1,2,2,2,3,-1,5,indonesia,0.2
Madura Utd,6,1,2,3,8,10,-2,5,indonesia,0.17
Barito Putera,6,1,2,3,5,11,-6,5,indonesia,0.17
Semen Padang,7,1,2,4,5,15,-10,5,indonesia,0.14
PSS Sleman,6,1,1,4,5,8,-3,4,indonesia,0.17
Persepolis,5,4,1,0,8,1,7,13,iran,0.8
Sepahan,6,4,1,1,7,3,4,13,iran,0.67
Chadormalu,5,4,1,0,5,1,4,13,iran,0.8
Malavan,5,4,0,1,7,3,4,12,iran,0.8
E. Khuzestan,6,3,2,1,6,4,2,11,iran,0.5
Aluminium Arak,5,2,3,0,6,3,3,9,iran,0.4
Tractor Sazi,5,2,1,2,5,4,1,7,iran,0.4
Shams A. Qazvin,5,1,3,1,6,5,1,6,iran,0.2
Foolad,4,1,3,0,4,3,1,6,iran,0.25
Mes Rafsanjan,5,1,2,2,4,5,-1,5,iran,0.2
K. Khorramabad,6,1,2,3,7,9,-2,5,iran,0.17
Zob Ahan,5,1,2,2,4,7,-3,5,iran,0.2
Gol Gohar,4,1,1,2,2,2,0,4,iran,0.25
Esteghlal,5,1,1,3,3,8,-5,4,iran,0.2
N. Mazandaran,6,0,3,3,3,6,-3,3,iran,0.0
Havadar,6,0,0,6,1,10,-9,0,iran,0.0
Al Talaba,6,4,1,1,5,1,4,13,iraq,0.67
Zakho,5,3,2,0,12,4,8,11,iraq,0.6
Erbil,5,3,2,0,10,4,6,11,iraq,0.6
Al Najaf,5,3,1,1,8,3,5,10,iraq,0.6
Al Minaa Basra,5,3,1,1,7,3,4,10,iraq,0.6
Al Zawraa,5,3,1,1,7,5,2,10,iraq,0.6
Karbala,6,2,4,0,6,4,2,10,iraq,0.33
Al Quwa Al J.,3,2,1,0,4,2,2,7,iraq,0.67
Al Kahrabaa,3,2,1,0,3,1,2,7,iraq,0.67
Al-Karma,5,2,1,2,5,5,0,7,iraq,0.4
Naft Al-Basra,5,2,1,2,4,8,-4,7,iraq,0.4
Al-Qasim,5,1,3,1,5,2,3,6,iraq,0.2
Al Naft,3,2,0,1,3,2,1,6,iraq,0.67
Naft Maysan,4,1,3,0,2,1,1,6,iraq,0.25
Newroz SC,4,2,0,2,5,6,-1,6,iraq,0.5
Al Shorta,3,1,2,0,5,4,1,5,iraq,0.33
Al Karkh,4,1,2,1,4,5,-1,5,iraq,0.25
Diala,5,0,2,3,2,10,-8,2,iraq,0.0
Duhok,4,0,1,3,1,5,-4,1,iraq,0.0
Al Hudod,4,0,0,4,0,4,-4,0,iraq,0.0
St. Patricks,8,6,1,1,17,8,9,19,ireland,0.75
Sligo Rovers,8,6,0,2,12,7,5,18,ireland,0.75
Shamrock Rovers,8,5,2,1,12,6,6,17,ireland,0.62
Shelbourne,8,4,3,1,11,6,5,15,ireland,0.5
Drogheda Utd,8,3,4,1,14,5,9,13,ireland,0.38
Derry City,8,3,4,1,14,6,8,13,ireland,0.38
Galway Utd,8,3,4,1,9,7,2,13,ireland,0.38
Waterford,8,2,2,4,6,8,-2,8,ireland,0.25
Bohemians,8,1,3,4,8,13,-5,6,ireland,0.12
Dundalk,8,1,0,7,5,14,-9,3,ireland,0.12
Cork City,8,5,3,0,16,5,11,18,ireland2,0.62
Wexford,8,5,1,2,14,5,9,16,ireland2,0.62
Bray Wanderers,8,4,2,2,16,8,8,14,ireland2,0.5
Longford Town,8,3,3,2,12,10,2,12,ireland2,0.38
Finn Harps,8,3,2,3,9,9,0,11,ireland2,0.38
UC Dublin,8,2,4,2,10,8,2,10,ireland2,0.25
Athlone Town,8,3,1,4,16,15,1,10,ireland2,0.38
Cobh Ramblers,8,3,1,4,10,11,-1,10,ireland2,0.38
Treaty Utd,8,2,3,3,10,11,-1,9,ireland2,0.25
Kerry,8,2,3,3,10,13,-3,9,ireland2,0.25
B. Jerusalem,7,6,1,0,18,6,12,19,israel,0.86
H. Beer Sheva,7,5,2,0,13,4,9,17,israel,0.71
Kiryat Shmona,7,4,1,2,9,8,1,13,israel,0.57
M. Tel Aviv,6,3,2,1,8,5,3,11,israel,0.5
M. Bnei Raina,7,3,1,3,9,10,-1,10,israel,0.43
Sakhnin,6,3,1,2,7,9,-2,10,israel,0.5
Maccabi Haifa,4,3,0,1,11,4,7,9,israel,0.75
H. Jerusalem,7,2,3,2,11,9,2,9,israel,0.29
Ironi Tiberias,5,2,1,2,3,5,-2,7,israel,0.4
Ashdod,7,2,1,4,5,9,-4,7,israel,0.29
Hapoel Haifa,4,2,0,2,7,7,0,6,israel,0.5
M. Petah Tikva,7,1,2,4,5,12,-7,5,israel,0.14
Maccabi Netanya,6,1,1,4,6,11,-5,4,israel,0.17
Hapoel Hadera,6,0,3,3,2,10,-8,3,israel,0.0
H. Petah Tikva,8,5,2,1,14,8,6,17,israel2,0.62
H. Kfar Shalem,6,5,1,0,13,5,8,16,israel2,0.83
Bnei Yehuda,8,5,1,2,12,7,5,16,israel2,0.62
Maccabi Jaffa,8,3,3,2,14,12,2,12,israel2,0.38
H. Ramat Gan,6,4,0,2,11,9,2,12,israel2,0.67
Hapoel Tel Aviv,6,3,2,1,12,5,7,11,israel2,0.5
Kafr Qasim,6,3,2,1,10,3,7,11,israel2,0.5
M. Herziliya,6,3,2,1,11,11,0,11,israel2,0.5
Ramat Hasharon,7,3,1,3,16,15,1,10,israel2,0.43
H. Ironi Rishon,7,3,0,4,7,7,0,9,israel2,0.43
Hapoel Raanana,8,2,3,3,10,11,-1,9,israel2,0.25
H. Kfar Saba,7,1,4,2,11,13,-2,7,israel2,0.14
H. Umm al-Fahm,6,1,2,3,4,8,-4,5,israel2,0.17
H. Nof Hagalil,7,1,1,5,10,15,-5,4,israel2,0.14
Hapoel Afula,8,0,4,4,6,18,-12,4,israel2,0.0
Hapoel Akko,5,0,0,5,1,8,-7,0,israel2,0.0
Lazio,7,6,1,0,17,6,11,19,italy,0.86
Atalanta,7,6,0,1,22,9,13,18,italy,0.86
Napoli,7,6,0,1,12,5,7,18,italy,0.86
Inter Milan,8,5,2,1,19,10,9,17,italy,0.62
AC Milan,7,4,2,1,13,4,9,14,italy,0.57
Fiorentina,6,4,2,0,14,6,8,14,italy,0.67
Juventus,8,3,5,0,11,5,6,14,italy,0.38
AS Roma,8,4,0,4,13,10,3,12,italy,0.5
Udinese,7,4,0,3,8,8,0,12,italy,0.57
Bologna,6,2,4,0,7,3,4,10,italy,0.33
Cagliari,8,2,3,3,8,14,-6,9,italy,0.25
Hellas Verona,7,3,0,4,10,17,-7,9,italy,0.43
Lecce,7,2,3,2,6,14,-8,9,italy,0.29
Torino,7,2,2,3,6,7,-1,8,italy,0.29
Parma,8,2,2,4,12,14,-2,8,italy,0.25
Empoli,7,1,4,2,2,5,-3,7,italy,0.14
Venezia,6,2,0,4,6,8,-2,6,italy,0.33
Como,6,1,3,2,8,13,-5,6,italy,0.17
Genoa,8,0,5,3,6,12,-6,5,italy,0.0
Monza,7,0,3,4,5,9,-4,3,italy,0.0
Spezia,7,6,1,0,13,4,9,19,italy2,0.86
Pisa,8,5,3,0,16,7,9,18,italy2,0.62
Cesena,8,5,2,1,17,11,6,17,italy2,0.62
Sassuolo,7,5,1,1,16,6,10,16,italy2,0.71
Carrarese,8,4,3,1,8,3,5,15,italy2,0.5
Mantova,8,4,3,1,9,6,3,15,italy2,0.5
Bari,8,3,5,0,11,7,4,14,italy2,0.38
Modena,8,3,3,2,13,10,3,12,italy2,0.38
Catanzaro,8,2,5,1,12,8,4,11,italy2,0.25
Brescia,8,3,2,3,14,13,1,11,italy2,0.38
Salernitana,8,3,2,3,12,12,0,11,italy2,0.38
Cremonese,7,3,2,2,7,7,0,11,italy2,0.43
Juve Stabia,8,3,2,3,9,11,-2,11,italy2,0.38
Palermo,7,2,3,2,6,4,2,9,italy2,0.29
Reggiana,8,2,3,3,9,10,-1,9,italy2,0.25
Sampdoria,7,2,2,3,6,7,-1,8,italy2,0.29
Frosinone,8,1,5,2,7,10,-3,8,italy2,0.12
Cosenza,8,1,4,3,5,8,-3,7,italy2,0.12
Sudtirol,8,2,1,5,9,16,-7,7,italy2,0.25
Cittadella,7,0,4,3,3,9,-6,4,italy2,0.0
Mount Pleasant,6,5,1,0,15,1,14,16,jamaica,0.83
Portmore Utd,7,4,1,2,10,5,5,13,jamaica,0.57
Dunbeholden,6,4,1,1,11,8,3,13,jamaica,0.67
Waterhouse,7,4,1,2,7,5,2,13,jamaica,0.57
Arnett Gardens,5,3,2,0,9,3,6,11,jamaica,0.6
Racing United,6,3,2,1,5,6,-1,11,jamaica,0.5
Cavalier,4,3,1,0,10,5,5,10,jamaica,0.75
Montego Bay,5,3,1,1,8,3,5,10,jamaica,0.6
Tivoli Gardens,5,2,2,1,8,2,6,8,jamaica,0.4
Harbour View,6,2,2,2,7,6,1,8,jamaica,0.33
Chapelton,6,1,3,2,7,7,0,6,jamaica,0.17
Molynes Utd,6,2,0,4,8,11,-3,6,jamaica,0.33
Humble Lions,7,0,5,2,3,5,-2,5,jamaica,0.0
Vere Utd,5,1,2,2,7,13,-6,5,jamaica,0.2
S. Hiroshima,8,7,0,1,21,6,15,21,japan,0.88
Vissel Kobe,8,5,2,1,15,8,7,17,japan,0.62
C. Sapporo,8,4,3,1,14,9,5,15,japan,0.5
Nagoya G.,8,5,0,3,11,8,3,15,japan,0.62
K. Frontale,8,4,2,2,18,12,6,14,japan,0.5
Kashima Antlers,8,3,5,0,10,4,6,14,japan,0.38
Kyoto Sanga,8,3,4,1,13,8,5,13,japan,0.38
Gamba Osaka,8,3,3,2,11,9,2,12,japan,0.38
Machida Zelvia,8,3,2,3,12,9,3,11,japan,0.38
FC Tokyo,8,3,2,3,10,8,2,11,japan,0.38
Tokyo Verdy,8,3,1,4,11,12,-1,10,japan,0.38
Avispa Fukuoka,8,3,0,5,5,10,-5,9,japan,0.38
Urawa RD,8,2,2,4,10,11,-1,8,japan,0.25
Yokohama M.,8,2,2,4,10,11,-1,8,japan,0.25
Shonan Bellmare,8,2,2,4,11,13,-2,8,japan,0.25
Sagan Tosu,8,2,2,4,9,12,-3,8,japan,0.25
Albirex Niigata,8,2,2,4,9,13,-4,8,japan,0.25
Cerezo Osaka,8,2,2,4,7,11,-4,8,japan,0.25
Kashiwa Reysol,8,1,4,3,8,11,-3,7,japan,0.12
Jubilo Iwata,8,2,1,5,12,16,-4,7,japan,0.25
M. Yamagata,8,6,0,2,18,7,11,18,japan2,0.75
Shimizu S-Pulse,8,5,2,1,16,5,11,17,japan2,0.62
V-V. Nagasaki,8,5,1,2,20,9,11,16,japan2,0.62
Vegalta Sendai,8,5,1,2,14,8,6,16,japan2,0.62
Blaublitz Akita,8,5,1,2,8,4,4,16,japan2,0.62
Fagiano Okayama,8,4,3,1,9,3,6,15,japan2,0.5
JEF Utd Chiba,8,5,0,3,16,11,5,15,japan2,0.62
Yokohama FC,8,4,3,1,9,6,3,15,japan2,0.5
Tokushima V.,8,4,2,2,13,7,6,14,japan2,0.5
Ventforet Kofu,8,4,1,3,16,12,4,13,japan2,0.5
R. Yamaguchi,8,4,1,3,10,8,2,13,japan2,0.5
Oita Trinita,8,3,2,3,6,9,-3,11,japan2,0.38
R. Kumamoto,8,3,1,4,13,10,3,10,japan2,0.38
Fujieda MYFC,8,3,1,4,12,10,2,10,japan2,0.38
Iwaki,8,3,1,4,11,10,1,10,japan2,0.38
Mito Hollyhock,8,2,4,2,11,11,0,10,japan2,0.25
Kagoshima Utd,8,2,2,4,11,10,1,8,japan2,0.25
Tochigi SC,8,1,4,3,7,9,-2,7,japan2,0.12
Kusatsu,8,1,2,5,5,10,-5,5,japan2,0.12
Ehime FC,8,1,1,6,7,19,-12,4,japan2,0.12
Al Wihdat,8,7,1,0,18,3,15,22,jordan,0.88
Al Hussein,8,7,0,1,15,3,12,21,jordan,0.88
Al Faysali,8,5,3,0,23,5,18,18,jordan,0.62
Al Ramtha,8,5,1,2,10,9,1,16,jordan,0.62
Al Salt,8,5,0,3,14,9,5,15,jordan,0.62
Maan,8,4,2,2,10,9,1,14,jordan,0.5
Sahab,8,2,2,4,8,13,-5,8,jordan,0.25
Aqaba,8,2,2,4,7,17,-10,8,jordan,0.25
Shabab Al Ordon,8,2,1,5,7,10,-3,7,jordan,0.25
Moghayer Al S.,8,2,0,6,5,11,-6,6,jordan,0.25
Al Ahli,8,0,3,5,7,14,-7,3,jordan,0.0
Al Jalil,8,0,2,6,2,15,-13,2,jordan,0.0
FC Astana,8,6,0,2,18,8,10,18,kazakhstan,0.75
Kairat Almaty,8,5,2,1,19,9,10,17,kazakhstan,0.62
Kaisar K.,8,5,2,1,13,5,8,17,kazakhstan,0.62
Aktobe,8,5,1,2,15,9,6,16,kazakhstan,0.62
Tobol,8,5,1,2,10,5,5,16,kazakhstan,0.62
Ordabasy,8,5,1,2,14,10,4,16,kazakhstan,0.62
Yelimay Semey,8,4,3,1,15,9,6,15,kazakhstan,0.5
Atyrau,8,4,3,1,10,5,5,15,kazakhstan,0.5
Kyzylzhar,8,4,1,3,10,8,2,13,kazakhstan,0.5
Turan,8,3,2,3,8,9,-1,11,kazakhstan,0.38
Zhenys,8,3,1,4,7,9,-2,10,kazakhstan,0.38
Zhetysu,8,1,3,4,7,12,-5,6,kazakhstan,0.12
S. Karagandy,8,0,3,5,5,15,-10,3,kazakhstan,0.0
Aksu,0,0,0,0,0,0,0,0,kazakhstan,
Drita,7,6,1,0,17,6,11,19,kosovo,0.86
Ballkani,8,6,1,1,17,7,10,19,kosovo,0.75
Prishtina,7,4,3,0,11,4,7,15,kosovo,0.57
Malisheva,7,4,2,1,11,9,2,14,kosovo,0.57
Suhareka,7,4,1,2,12,9,3,13,kosovo,0.57
Llapi,8,2,5,1,9,6,3,11,kosovo,0.25
Gjilani,8,3,2,3,10,9,1,11,kosovo,0.38
Dukagjini,8,3,2,3,8,10,-2,11,kosovo,0.38
Ferizaj,7,2,1,4,7,10,-3,7,kosovo,0.29
Feronikeli,8,1,2,5,5,14,-9,5,kosovo,0.12
Al Kuwait,4,4,0,0,9,0,9,12,kuwait,1.0
Al Arabi SC,4,4,0,0,8,2,6,12,kuwait,1.0
Al Qadsia,5,4,0,1,8,3,5,12,kuwait,0.8
Al Salmiyah,6,3,1,2,13,12,1,10,kuwait,0.5
Kazma,4,2,1,1,6,4,2,7,kuwait,0.5
Al Tadhamon,5,2,1,2,7,9,-2,7,kuwait,0.4
Al Fahaheel,5,2,0,3,8,9,-1,6,kuwait,0.4
Khaitan,4,0,2,2,4,10,-6,2,kuwait,0.0
Yarmouk,4,0,1,3,7,13,-6,1,kuwait,0.0
Al Nasar,3,0,1,2,3,9,-6,1,kuwait,0.0
Riga FC,8,7,1,0,29,3,26,22,latvia,0.88
RFS,8,6,0,2,27,7,20,18,latvia,0.75
Auda,8,5,2,1,16,4,12,17,latvia,0.62
Liepaja,8,3,2,3,12,12,0,11,latvia,0.38
Valmiera,8,3,1,4,16,12,4,10,latvia,0.38
Metta,8,3,1,4,11,15,-4,10,latvia,0.38
Daugavpils,8,2,2,4,12,16,-4,8,latvia,0.25
FS Jelgava,8,2,2,4,6,13,-7,8,latvia,0.25
Grobina,8,2,0,6,11,17,-6,6,latvia,0.25
Tukums,8,1,2,5,8,20,-12,5,latvia,0.12
Zalgiris,8,6,1,1,20,9,11,19,lithuania,0.75
Hegelmann L.,8,5,2,1,17,8,9,17,lithuania,0.62
Siauliai,8,5,1,2,10,9,1,16,lithuania,0.62
Suduva,8,2,5,1,6,4,2,11,lithuania,0.25
Kauno Zalgiris,8,3,2,3,8,8,0,11,lithuania,0.38
TransINVEST,8,3,2,3,9,10,-1,11,lithuania,0.38
Banga,8,2,3,3,12,14,-2,9,lithuania,0.25
Panevezys,8,2,3,3,5,7,-2,9,lithuania,0.25
Dainava,8,2,1,5,7,15,-8,7,lithuania,0.25
Dziugas Telsiai,8,1,2,5,8,17,-9,5,lithuania,0.12
Be1 NFA,8,7,1,0,21,3,18,22,lithuania2,0.88
Riteriai,8,7,0,1,25,3,22,21,lithuania2,0.88
Babrungas,8,6,2,0,17,3,14,20,lithuania2,0.75
Hegelmann B,8,6,1,1,14,6,8,19,lithuania2,0.75
Neptuna K.,8,5,1,2,21,14,7,16,lithuania2,0.62
Nevezis,8,4,3,1,20,9,11,15,lithuania2,0.5
Tauras,8,4,1,3,13,6,7,13,lithuania2,0.5
Atmosfera,8,4,0,4,10,10,0,12,lithuania2,0.5
BFA Vilnius,8,3,1,4,16,12,4,10,lithuania2,0.38
Ekranas,8,3,1,4,10,11,-1,10,lithuania2,0.38
Minija,8,2,3,3,5,9,-4,9,lithuania2,0.25
Kauno Z. B,8,2,3,3,9,16,-7,9,lithuania2,0.25
Garliava,8,2,2,4,12,17,-5,8,lithuania2,0.25
Panevezys B,8,2,2,4,7,14,-7,8,lithuania2,0.25
Siauliai B,8,2,0,6,11,16,-5,6,lithuania2,0.25
Banga B,8,0,3,5,5,16,-11,3,lithuania2,0.0
Racing,7,7,0,0,20,5,15,21,luxembourg,1.0
Hesperange,7,6,1,0,21,1,20,19,luxembourg,0.86
Differdange,7,6,1,0,14,1,13,19,luxembourg,0.86
Dudelange,7,6,0,1,22,10,12,18,luxembourg,0.86
Niedercorn,7,5,2,0,20,8,12,17,luxembourg,0.71
Mondorf,7,4,2,1,12,11,1,14,luxembourg,0.57
V. Rosport,7,4,1,2,7,5,2,13,luxembourg,0.57
Jeunesse Esch,6,3,3,0,10,5,5,12,luxembourg,0.5
Petange,7,3,2,2,13,4,9,11,luxembourg,0.43
UNA Strassen,7,3,2,2,12,5,7,11,luxembourg,0.43
Rodange,7,2,2,3,10,16,-6,8,luxembourg,0.29
Fola Esch,7,2,1,4,2,14,-12,7,luxembourg,0.29
Hostert,6,1,1,4,8,17,-9,4,luxembourg,0.17
Bettembourg,8,1,0,7,7,20,-13,3,luxembourg,0.12
Wiltz,6,0,2,4,4,13,-9,2,luxembourg,0.0
Mondercange,7,0,1,6,3,14,-11,1,luxembourg,0.0
Johor Darul,7,7,0,0,26,2,24,21,malaysia,1.0
Selangor,7,6,0,1,17,5,12,18,malaysia,0.86
Sabah,8,4,2,2,16,10,6,14,malaysia,0.5
Terengganu,7,4,2,1,12,6,6,14,malaysia,0.57
Kuala Lumpur,8,4,2,2,15,10,5,14,malaysia,0.5
Kuching,8,3,4,1,13,9,4,13,malaysia,0.38
Kedah,8,2,4,2,10,9,1,10,malaysia,0.25
PDRM,7,2,4,1,7,6,1,10,malaysia,0.29
Pulau Pinang,7,2,2,3,7,8,-1,8,malaysia,0.29
Pahang,6,2,1,3,9,10,-1,7,malaysia,0.33
Perak,8,1,2,5,9,19,-10,5,malaysia,0.12
Kelantan United,7,1,1,5,8,18,-10,4,malaysia,0.14
Negeri Sembilan,5,0,0,5,3,13,-10,0,malaysia,0.0
Sliema,7,5,2,0,13,4,9,17,malta,0.71
Birkirkara,8,5,1,2,10,8,2,16,malta,0.62
Floriana,7,4,3,0,12,5,7,15,malta,0.57
Gzira Utd,7,3,2,2,11,8,3,11,malta,0.43
Mosta,6,3,1,2,8,7,1,10,malta,0.5
Balzan,7,2,2,3,9,10,-1,8,malta,0.29
Marsaxlokk,8,2,2,4,9,13,-4,8,malta,0.25
Hibernians,4,2,1,1,4,2,2,7,malta,0.5
Hamrun Spartans,5,2,1,2,8,8,0,7,malta,0.4
Naxxar Lions,8,1,3,4,4,15,-11,6,malta,0.12
Melita,6,1,0,5,6,14,-8,3,malta,0.17
Zabbar,5,0,1,4,6,14,-8,1,malta,0.0
A. San Luis,8,7,1,0,18,5,13,22,mexico,0.88
Toluca,8,6,2,0,25,5,20,20,mexico,0.75
Cruz Azul,8,6,2,0,19,3,16,20,mexico,0.75
Tigres,8,6,2,0,11,5,6,20,mexico,0.75
CF America,8,6,0,2,14,5,9,18,mexico,0.75
Pumas UNAM,8,6,0,2,14,6,8,18,mexico,0.75
Monterrey,8,5,2,1,16,8,8,17,mexico,0.62
Tijuana,8,5,2,1,14,11,3,17,mexico,0.62
Guadalajara,8,4,2,2,15,7,8,14,mexico,0.5
Atlas,8,3,4,1,8,5,3,13,mexico,0.38
Club Leon,8,2,5,1,9,5,4,11,mexico,0.25
Mazatlan,8,2,4,2,10,11,-1,10,mexico,0.25
Necaxa,8,2,3,3,9,8,1,9,mexico,0.25
Pachuca,8,2,2,4,13,13,0,8,mexico,0.25
Santos Laguna,8,2,2,4,6,12,-6,8,mexico,0.25
Puebla,8,2,1,5,12,15,-3,7,mexico,0.25
Queretaro,8,2,1,5,6,11,-5,7,mexico,0.25
Juarez,8,1,2,5,10,15,-5,5,mexico,0.12
Buducnost,8,5,2,1,18,6,12,17,montenegro,0.62
Mornar Bar,8,4,2,2,11,7,4,14,montenegro,0.5
Jedinstvo,8,4,2,2,12,10,2,14,montenegro,0.5
Petrovac,8,4,2,2,11,9,2,14,montenegro,0.5
Bokelj,8,4,0,4,9,10,-1,12,montenegro,0.5
Decic,8,3,2,3,8,7,1,11,montenegro,0.38
Sutjeska,8,2,3,3,8,8,0,9,montenegro,0.25
Arsenal Tivat,8,1,5,2,7,5,2,8,montenegro,0.12
Jezero,8,1,4,3,4,7,-3,7,montenegro,0.12
Otrant,8,1,1,6,7,16,-9,4,montenegro,0.12
Wydad,6,4,1,1,11,6,5,13,morocco,0.67
Maghreb de Fes,7,4,1,2,5,3,2,13,morocco,0.57
FAR Rabat,6,3,3,0,9,3,6,12,morocco,0.5
Meknes,6,3,2,1,9,4,5,11,morocco,0.5
Difaa El Jadida,6,3,2,1,7,4,3,11,morocco,0.5
R. Zemamra,6,3,1,2,10,7,3,10,morocco,0.5
Union Touarga,7,2,4,1,9,7,2,10,morocco,0.29
Berkane,5,3,1,1,5,3,2,10,morocco,0.6
Hassania Agadir,7,3,1,3,9,8,1,10,morocco,0.43
FUS Rabat,6,2,3,1,11,5,6,9,morocco,0.33
Raja Casablanca,6,2,3,1,4,2,2,9,morocco,0.33
JS Sousalem,6,2,2,2,5,7,-2,8,morocco,0.33
Olympic Safi,6,2,1,3,8,8,0,7,morocco,0.33
Moghreb Tetouan,7,1,4,2,5,6,-1,7,morocco,0.14
Ittihad Tanger,5,1,2,2,6,6,0,5,morocco,0.2
C. Mohammedia,6,0,1,5,2,15,-13,1,morocco,0.0
USM Oujda,5,3,2,0,6,3,3,11,morocco2,0.6
Dcheira,5,3,1,1,13,5,8,10,morocco2,0.6
R. Beni Mellal,3,3,0,0,8,2,6,9,morocco2,1.0
Kawkab M.,4,2,2,0,10,4,6,8,morocco2,0.5
Yacoub El Manso,4,2,2,0,9,5,4,8,morocco2,0.5
Youssoufia B.,4,2,1,1,3,3,0,7,morocco2,0.5
Stade Marocain,4,1,3,0,5,4,1,6,morocco2,0.25
RAC Casablanca,3,2,0,1,5,5,0,6,morocco2,0.67
Chabab Atlas K.,5,1,3,1,3,3,0,6,morocco2,0.2
KAC Kenitra,4,1,2,1,9,6,3,5,morocco2,0.25
El Massira,3,1,1,1,4,4,0,4,morocco2,0.33
C. Benguerir,3,1,1,1,3,3,0,4,morocco2,0.33
Wydad Fes,3,1,1,1,3,3,0,4,morocco2,0.33
Rapide Oued Z.,4,0,3,1,2,3,-1,3,morocco2,0.0
Mouloudia Oujda,3,1,0,2,2,4,-2,3,morocco2,0.33
Khouribga,3,0,1,2,3,5,-2,1,morocco2,0.0
Yangon Utd,8,6,2,0,21,5,16,20,myanmar,0.75
Shan Utd,7,6,1,0,15,3,12,19,myanmar,0.86
Ispe FC,8,6,0,2,20,7,13,18,myanmar,0.75
Hantharwady,8,5,2,1,13,9,4,17,myanmar,0.62
Dagon,6,5,1,0,13,5,8,16,myanmar,0.83
Yadanarbon,7,3,2,2,13,15,-2,11,myanmar,0.43
Sagaing Utd,7,3,1,3,17,16,1,10,myanmar,0.43
Dagon Port,6,2,1,3,10,16,-6,7,myanmar,0.33
Ayeyawady,7,1,1,5,6,9,-3,4,myanmar,0.14
Thitsar Arman,7,1,1,5,10,18,-8,4,myanmar,0.14
Myawady,6,0,1,5,4,11,-7,1,myanmar,0.0
Rakhine Utd,6,0,1,5,4,24,-20,1,myanmar,0.0
PSV Eindhoven,7,7,0,0,29,3,26,21,netherlands,1.0
Ajax Amsterdam,7,6,1,0,17,5,12,19,netherlands,0.86
FC Twente,7,4,3,0,15,6,9,15,netherlands,0.57
Heerenveen,7,4,3,0,12,4,8,15,netherlands,0.57
NAC Breda,7,5,0,2,10,7,3,15,netherlands,0.71
FC Utrecht,7,5,0,2,12,12,0,15,netherlands,0.71
Go Ahead Eagles,8,4,2,2,18,11,7,14,netherlands,0.5
Feyenoord,7,4,2,1,12,7,5,14,netherlands,0.57
Fortuna Sittard,7,4,0,3,10,8,2,12,netherlands,0.57
PEC Zwolle,7,4,0,3,11,10,1,12,netherlands,0.57
FC Groningen,7,3,2,2,9,5,4,11,netherlands,0.43
AZ Alkmaar,7,3,1,3,16,9,7,10,netherlands,0.43
NEC Nijmegen,8,3,1,4,15,9,6,10,netherlands,0.38
Heracles Almelo,8,2,4,2,13,13,0,10,netherlands,0.25
Willem II,7,2,2,3,8,7,1,8,netherlands,0.29
Sparta,8,0,4,4,7,14,-7,4,netherlands,0.0
RKC Waalwijk,8,1,1,6,8,17,-9,4,netherlands,0.12
Almere City,7,1,1,5,4,19,-15,4,netherlands,0.14
FC Volendam,8,7,0,1,22,7,15,21,netherlands2,0.88
Excelsior,8,7,0,1,21,8,13,21,netherlands2,0.88
De Graafschap,8,6,1,1,23,9,14,19,netherlands2,0.75
FC Dordrecht,8,5,3,0,20,9,11,18,netherlands2,0.62
Roda JC,8,5,2,1,12,6,6,17,netherlands2,0.62
ADO Den Haag,8,4,2,2,12,11,1,14,netherlands2,0.5
MVV Maastricht,8,3,4,1,14,11,3,13,netherlands2,0.38
FC Emmen,8,3,3,2,14,10,4,12,netherlands2,0.38
FC Den Bosch,8,3,3,2,13,12,1,12,netherlands2,0.38
Telstar,8,2,5,1,14,9,5,11,netherlands2,0.25
Helmond Sport,8,3,2,3,11,11,0,11,netherlands2,0.38
TOP Oss,8,3,2,3,7,15,-8,11,netherlands2,0.38
Cambuur,8,3,1,4,8,9,-1,10,netherlands2,0.38
FC Eindhoven,8,2,3,3,4,11,-7,9,netherlands2,0.25
Vitesse Arnhem,8,1,4,3,8,16,-8,7,netherlands2,0.12
Jong Ajax,8,1,3,4,5,6,-1,6,netherlands2,0.12
Jong AZ,8,1,2,5,16,19,-3,5,netherlands2,0.12
Jong PSV,8,1,2,5,11,20,-9,5,netherlands2,0.12
Jong Utrecht,8,1,2,5,7,17,-10,5,netherlands2,0.12
VVV,8,1,1,6,6,13,-7,4,netherlands2,0.12
Diriangen,8,7,0,1,26,5,21,21,nicaragua,0.88
Matagalpa,8,5,3,0,20,8,12,18,nicaragua,0.62
Walter Ferreti,8,4,3,1,12,7,5,15,nicaragua,0.5
Real Esteli,8,3,5,0,15,4,11,14,nicaragua,0.38
Export Sebaco,8,4,2,2,15,7,8,14,nicaragua,0.5
Jalapa,8,3,3,2,8,5,3,12,nicaragua,0.38
Managua FC,8,4,0,4,13,11,2,12,nicaragua,0.5
UNAN Managua,8,3,3,2,9,12,-3,12,nicaragua,0.38
D. Ocotal,8,3,0,5,9,14,-5,9,nicaragua,0.38
Rancho Santana,8,2,2,4,9,17,-8,8,nicaragua,0.25
Dungannon,8,6,0,2,13,7,6,18,northernireland,0.75
Linfield,8,5,0,3,15,9,6,15,northernireland,0.62
Portadown,8,4,3,1,11,8,3,15,northernireland,0.5
Cliftonville,8,4,2,2,9,5,4,14,northernireland,0.5
Glentoran,8,4,2,2,7,5,2,14,northernireland,0.5
Coleraine,8,4,1,3,13,11,2,13,northernireland,0.5
Crusaders,8,4,1,3,12,12,0,13,northernireland,0.5
Ballymena Utd,8,4,0,4,12,11,1,12,northernireland,0.5
Larne,8,3,2,3,8,8,0,11,northernireland,0.38
Carrick Rangers,8,3,0,5,11,13,-2,9,northernireland,0.38
Glenavon,8,1,5,2,9,12,-3,8,northernireland,0.12
Loughgall,8,1,2,5,9,22,-13,5,northernireland,0.12
Bangor,8,6,1,1,18,7,11,19,northernireland2,0.75
Annagh Utd,8,5,2,1,13,4,9,17,northernireland2,0.62
Limavady,8,5,0,3,16,10,6,15,northernireland2,0.62
HW Welders,8,5,0,3,16,11,5,15,northernireland2,0.62
Dundela,8,4,1,3,13,11,2,13,northernireland2,0.5
Armagh City,8,3,2,3,17,15,2,11,northernireland2,0.38
Ards,8,3,2,3,10,8,2,11,northernireland2,0.38
Institute,8,3,2,3,12,11,1,11,northernireland2,0.38
Ballinamallard,8,3,1,4,18,12,6,10,northernireland2,0.38
Ballyclare,8,3,1,4,16,24,-8,10,northernireland2,0.38
Newry City,8,2,2,4,13,18,-5,8,northernireland2,0.25
Newington,8,1,4,3,8,13,-5,7,northernireland2,0.12
Shkendija,8,6,2,0,21,7,14,20,northmacedonia,0.75
Rabotnicki,8,6,2,0,14,4,10,20,northmacedonia,0.75
Sileks,8,5,2,1,15,5,10,17,northmacedonia,0.62
Gostivar,8,4,4,0,14,4,10,16,northmacedonia,0.5
Struga,8,5,1,2,9,9,0,16,northmacedonia,0.62
Shkupi,8,4,2,2,14,8,6,14,northmacedonia,0.5
Pelister,8,3,4,1,4,2,2,13,northmacedonia,0.38
Besa,8,3,1,4,8,10,-2,10,northmacedonia,0.38
Brera Strumica,8,2,3,3,10,10,0,9,northmacedonia,0.25
Tikves,8,1,4,3,2,5,-3,7,northmacedonia,0.12
Voska Sport,8,1,4,3,5,9,-4,7,northmacedonia,0.12
Vardar,8,1,2,5,6,14,-8,5,northmacedonia,0.12
Viking,8,6,2,0,21,9,12,20,norway,0.75
Bodo/Glimt,8,6,1,1,29,10,19,19,norway,0.75
Rosenborg,8,6,1,1,16,5,11,19,norway,0.75
Fredrikstad,8,5,2,1,10,8,2,17,norway,0.62
Molde,8,5,1,2,24,12,12,16,norway,0.62
Stromsgodset,8,5,1,2,12,8,4,16,norway,0.62
Brann,8,4,3,1,15,7,8,15,norway,0.5
Sandefjord,8,4,2,2,12,10,2,14,norway,0.5
Haugesund,8,4,1,3,6,6,0,13,norway,0.5
HamKam,8,3,2,3,11,10,1,11,norway,0.38
Tromso,8,2,4,2,11,9,2,10,norway,0.25
KFUM Oslo,8,2,3,3,7,7,0,9,norway,0.25
Sarpsborg 08,8,2,3,3,10,12,-2,9,norway,0.25
Kristiansund,8,2,3,3,6,13,-7,9,norway,0.25
Odd,8,2,1,5,7,14,-7,7,norway,0.25
Lillestrom,8,1,2,5,8,14,-6,5,norway,0.12
Valerenga,8,7,1,0,28,7,21,22,norway2,0.88
Moss,8,6,1,1,20,7,13,19,norway2,0.75
Bryne,8,5,3,0,17,7,10,18,norway2,0.62
Egersund,8,5,0,3,14,12,2,15,norway2,0.62
Lyn,8,4,2,2,17,9,8,14,norway2,0.5
Asane,8,4,1,3,16,12,4,13,norway2,0.5
Aalesund,8,4,0,4,14,12,2,12,norway2,0.5
Start,8,3,2,3,11,12,-1,11,norway2,0.38
Stabaek,8,3,1,4,14,12,2,10,norway2,0.38
Raufoss,8,2,3,3,11,11,0,9,norway2,0.25
Mjondalen,8,2,2,4,8,9,-1,8,norway2,0.25
Levanger,8,2,1,5,12,15,-3,7,norway2,0.25
Kongsvinger,8,1,4,3,9,15,-6,7,norway2,0.12
Ranheim,8,1,3,4,8,13,-5,6,norway2,0.12
Sogndal,8,1,1,6,7,13,-6,4,norway2,0.12
Sandnes Ulf,8,1,0,7,4,21,-17,3,norway2,0.12
Al Seeb,4,4,0,0,11,2,9,12,oman,1.0
Al-Nahda,4,3,1,0,4,0,4,10,oman,0.75
Oman Club,5,3,1,1,5,4,1,10,oman,0.6
Al-Shabab Club,6,3,1,2,6,7,-1,10,oman,0.5
Bahla,5,2,1,2,6,4,2,7,oman,0.4
Al Nasr,5,2,1,2,9,9,0,7,oman,0.4
Sohar,5,2,1,2,5,5,0,7,oman,0.4
Saham,5,2,1,2,4,7,-3,7,oman,0.4
Sur,5,2,0,3,2,3,-1,6,oman,0.4
Ibri,5,2,0,3,3,5,-2,6,oman,0.4
Al-Rustaq,5,1,2,2,5,6,-1,5,oman,0.2
Al-Khabourah,4,1,1,2,4,5,-1,4,oman,0.25
Independiente,8,5,0,3,15,7,8,15,panama,0.62
Costa del Este,8,4,3,1,12,8,4,15,panama,0.5
San Francisco,8,4,3,1,11,8,3,15,panama,0.5
Tauro,8,4,2,2,7,4,3,14,panama,0.5
UMECIT,8,3,4,1,8,6,2,13,panama,0.38
Plaza Amador,8,4,1,3,12,11,1,13,panama,0.5
Herrera,8,3,2,3,13,11,2,11,panama,0.38
Alianza,8,3,2,3,7,8,-1,11,panama,0.38
San Miguelito,8,3,2,3,10,12,-2,11,panama,0.38
Veraguas,7,2,2,3,8,10,-2,8,panama,0.29
Universitario,8,2,2,4,8,14,-6,8,panama,0.25
Arabe Unido,8,1,2,5,4,12,-8,5,panama,0.12
Plaza Amador,8,6,1,1,10,6,4,19,panama2,0.75
Independiente,8,5,2,1,10,6,4,17,panama2,0.62
Arabe Unido,6,5,1,0,13,5,8,16,panama2,0.83
Tauro,8,3,5,0,11,5,6,14,panama2,0.38
Alianza,8,4,2,2,8,5,3,14,panama2,0.5
Universitario,8,4,1,3,12,9,3,13,panama2,0.5
San Miguelito,6,4,1,1,8,5,3,13,panama2,0.67
Costa del Este,8,3,3,2,11,12,-1,12,panama2,0.38
UMECIT,8,3,1,4,6,6,0,10,panama2,0.38
Veraguas,8,2,3,3,7,7,0,9,panama2,0.25
Herrera,6,1,2,3,7,8,-1,5,panama2,0.17
San Francisco,8,1,2,5,5,10,-5,5,panama2,0.12
Olimpia,8,5,3,0,15,7,8,18,paraguay2,0.62
Nacional,8,5,3,0,11,4,7,18,paraguay2,0.62
S. Ameliano,8,5,0,3,7,5,2,15,paraguay2,0.62
S. Trinidense,8,4,1,3,11,11,0,13,paraguay2,0.5
Guarani,8,2,6,0,7,5,2,12,paraguay2,0.25
G. Caballero,8,2,5,1,7,8,-1,11,paraguay2,0.25
Libertad,8,3,1,4,6,7,-1,10,paraguay2,0.38
Sol de America,8,2,3,3,8,9,-1,9,paraguay2,0.25
S. Luqueno,8,2,3,3,8,10,-2,9,paraguay2,0.25
Cerro Porteno,8,2,3,3,10,13,-3,9,paraguay2,0.25
2 de Mayo,8,2,2,4,8,10,-2,8,paraguay2,0.25
Tacuary,8,1,1,6,3,14,-11,4,paraguay2,0.12
Universitario,8,8,0,0,21,1,20,24,peru,1.0
FBC Melgar,8,8,0,0,17,4,13,24,peru,1.0
Cusco,8,7,1,0,16,3,13,22,peru,0.88
S. Cristal,8,7,0,1,25,7,18,21,peru,0.88
ADT,8,6,2,0,16,4,12,20,peru,0.75
Alianza Lima,8,6,0,2,18,6,12,18,peru,0.75
Los Chankas,8,5,1,2,17,5,12,16,peru,0.62
Cesar Vallejo,8,4,4,0,14,9,5,16,peru,0.5
Sport Boys,8,4,3,1,10,3,7,15,peru,0.5
Atletico Grau,8,3,4,1,12,5,7,13,peru,0.38
Comerciantes U.,8,3,3,2,11,9,2,12,peru,0.38
Alianza A.,8,3,2,3,9,6,3,11,peru,0.38
Sport Huancayo,8,3,2,3,11,9,2,11,peru,0.38
Cienciano,8,2,5,1,11,11,0,11,peru,0.25
Carlos Manucci,8,3,2,3,7,13,-6,11,peru,0.38
Cajamarca,8,3,1,4,16,17,-1,10,peru,0.38
Union Comercio,8,1,4,3,11,16,-5,7,peru,0.12
D. Garcilaso,8,1,3,4,9,13,-4,6,peru,0.12
Universitario,8,8,0,0,16,4,12,24,peru2,1.0
S. Cristal,8,7,1,0,23,3,20,22,peru2,0.88
FBC Melgar,8,6,2,0,15,3,12,20,peru2,0.75
Cusco,8,5,2,1,14,7,7,17,peru2,0.62
Alianza Lima,8,5,2,1,11,4,7,17,peru2,0.62
Alianza A.,8,5,2,1,10,6,4,17,peru2,0.62
Cienciano,8,5,1,2,18,5,13,16,peru2,0.62
Atletico Grau,8,4,4,0,16,6,10,16,peru2,0.5
D. Garcilaso,8,5,0,3,9,6,3,15,peru2,0.62
Los Chankas,8,3,4,1,10,7,3,13,peru2,0.38
ADT,8,4,1,3,10,8,2,13,peru2,0.5
Cajamarca,8,3,3,2,11,8,3,12,peru2,0.38
Comerciantes U.,8,3,3,2,8,8,0,12,peru2,0.38
Sport Huancayo,8,3,2,3,12,13,-1,11,peru2,0.38
Sport Boys,8,3,2,3,9,14,-5,11,peru2,0.38
Carlos Manucci,8,2,4,2,13,11,2,10,peru2,0.25
Cesar Vallejo,8,2,4,2,7,8,-1,10,peru2,0.25
Union Comercio,8,2,1,5,10,25,-15,7,peru2,0.25
Kaya FC,3,3,0,0,16,4,12,9,philippines,1.0
One Taguig,4,2,0,2,11,3,8,6,philippines,0.5
Manila Digger,4,2,0,2,9,4,5,6,philippines,0.5
PFF Development,3,2,0,1,5,4,1,6,philippines,0.67
DH Cebu,3,1,1,1,1,1,0,4,philippines,0.33
Stallion,4,1,0,3,5,9,-4,3,philippines,0.25
Maharlika,4,0,2,2,5,12,-7,2,philippines,0.0
Davao Aguilas,4,0,1,3,4,7,-3,1,philippines,0.0
Loyola,3,0,1,2,3,9,-6,1,philippines,0.0
Mendiola,2,0,0,2,2,9,-7,0,philippines,0.0
Lech Poznan,8,7,0,1,21,6,15,21,poland,0.88
Pogon Szczecin,8,6,1,1,13,6,7,19,poland,0.75
Legia Warsaw,8,5,1,2,20,11,9,16,poland,0.62
Rakow C.,8,4,3,1,12,5,7,15,poland,0.5
Jagiellonia,8,4,3,1,16,12,4,15,poland,0.5
Stal Mielec,8,4,2,2,11,8,3,14,poland,0.5
Motor Lublin,8,4,2,2,12,10,2,14,poland,0.5
Gornik Zabrze,8,4,1,3,11,8,3,13,poland,0.5
Zaglebie Lubin,8,4,1,3,10,8,2,13,poland,0.5
Widzew Lodz,8,4,1,3,10,9,1,13,poland,0.5
Katowice,8,3,3,2,11,7,4,12,poland,0.38
Puszcza Niepolo,8,3,3,2,13,13,0,12,poland,0.38
Radomiak Radom,8,3,2,3,12,9,3,11,poland,0.38
Cracovia Krakow,8,3,2,3,17,16,1,11,poland,0.38
Piast Gliwice,8,2,4,2,11,10,1,10,poland,0.25
Lechia Gdansk,8,2,2,4,6,11,-5,8,poland,0.25
Slask Wroclaw,8,1,4,3,7,10,-3,7,poland,0.12
Korona Kielce,8,2,1,5,8,13,-5,7,poland,0.25
Arka Gdynia,8,6,1,1,20,6,14,19,poland2,0.75
Polonia Warszaw,8,6,0,2,11,3,8,18,poland2,0.75
Ruch Chorzow,7,5,2,0,18,4,14,17,poland2,0.71
Wisla Krakow,8,4,3,1,15,6,9,15,poland2,0.5
T. Nieciecza,8,4,3,1,17,11,6,15,poland2,0.5
Wisla Plock,8,4,3,1,14,10,4,15,poland2,0.5
Miedz Legnica,8,4,2,2,17,9,8,14,poland2,0.5
Gornik Leczna,8,3,3,2,12,10,2,12,poland2,0.38
Znicz Pruszkow,8,3,2,3,15,12,3,11,poland2,0.38
LKS Lodz,8,3,2,3,8,5,3,11,poland2,0.38
Stal Rzeszow,8,3,1,4,16,15,1,10,poland2,0.38
Warta Poznan,8,3,1,4,8,12,-4,10,poland2,0.38
Chrobry Glogow,8,2,3,3,8,12,-4,9,poland2,0.25
Odra Opole,8,2,2,4,8,14,-6,8,poland2,0.25
K. Kolobrzeg,8,2,2,4,6,12,-6,8,poland2,0.25
Tychy,8,1,4,3,6,8,-2,7,poland2,0.12
Stalowa Wola,8,1,3,4,9,17,-8,6,poland2,0.12
Pogon Siedlce,8,1,2,5,9,15,-6,5,poland2,0.12
Polonia Bytom,8,7,0,1,23,5,18,21,poland3,0.88
Wieczysta K.,8,6,2,0,20,4,16,20,poland3,0.75
Pogon Grodzisk,8,6,2,0,18,7,11,20,poland3,0.75
Chojniczanka,8,5,2,1,13,5,8,17,poland3,0.62
Hutnik Krakow,8,5,2,1,12,9,3,17,poland3,0.62
SKRA Czestochow,8,5,1,2,11,7,4,16,poland3,0.62
Swit Skolwin,8,4,2,2,16,14,2,14,poland3,0.5
Zaglebie L. B,8,3,3,2,17,10,7,12,poland3,0.38
Wisla Pulawy,8,4,0,4,10,14,-4,12,poland3,0.5
Resovia Rzeszow,8,3,2,3,15,15,0,11,poland3,0.38
Kalisz,8,3,2,3,10,11,-1,11,poland3,0.38
Podbeskidzie,8,3,2,3,7,8,-1,11,poland3,0.38
Z. Sosnowiec,8,3,2,3,15,18,-3,11,poland3,0.38
O. Grudziadz,8,2,2,4,12,12,0,8,poland3,0.25
Olimpia Elblag,8,2,2,4,9,13,-4,8,poland3,0.25
LKS Lodz B,8,1,3,4,6,10,-4,6,poland3,0.12
Jastrzebie,8,1,2,5,7,13,-6,5,poland3,0.12
Rekord Bielsko,8,0,3,5,9,16,-7,3,poland3,0.0
Benfica,7,7,0,0,23,3,20,21,portugal,1.0
FC Porto,7,7,0,0,19,2,17,21,portugal,1.0
Santa Clara,7,6,0,1,8,4,4,18,portugal,0.86
Sporting CP,6,5,0,1,15,3,12,15,portugal,0.83
Moreirense,6,4,2,0,10,5,5,14,portugal,0.67
Guimaraes,6,4,1,1,10,6,4,13,portugal,0.67
Rio Ave,6,3,3,0,10,7,3,12,portugal,0.5
Gil Vicente,6,3,2,1,11,6,5,11,portugal,0.5
Sporting Braga,7,3,2,2,14,10,4,11,portugal,0.43
Estoril,7,3,2,2,8,9,-1,11,portugal,0.43
Famalicao,7,2,4,1,5,5,0,10,portugal,0.29
Casa Pia,6,2,2,2,6,6,0,8,portugal,0.33
Estrela Amadora,6,2,2,2,8,9,-1,8,portugal,0.33
AVS,7,2,2,3,5,10,-5,8,portugal,0.29
Nacional,5,2,1,2,5,9,-4,7,portugal,0.4
Farense,6,2,0,4,4,10,-6,6,portugal,0.33
Arouca,6,1,1,4,3,9,-6,4,portugal,0.17
Boavista,5,0,1,4,0,8,-8,1,portugal,0.0
Torreense,7,5,0,2,10,6,4,15,portugal2,0.71
Leixoes,7,4,2,1,15,8,7,14,portugal2,0.57
Tondela,6,4,2,0,13,6,7,14,portugal2,0.67
Feirense,8,3,4,1,12,7,5,13,portugal2,0.38
Benfica B,7,4,1,2,9,11,-2,13,portugal2,0.57
Penafiel,7,3,3,1,11,10,1,12,portugal2,0.43
Academico Viseu,6,3,1,2,7,5,2,10,portugal2,0.5
FC Porto B,6,2,3,1,7,7,0,9,portugal2,0.33
Alverca,6,2,3,1,9,10,-1,9,portugal2,0.33
Chaves,5,2,2,1,4,5,-1,8,portugal2,0.4
Uniao de Leiria,6,2,2,2,5,7,-2,8,portugal2,0.33
Maritimo,6,1,3,2,7,8,-1,6,portugal2,0.17
Pacos Ferreira,6,1,2,3,6,11,-5,5,portugal2,0.17
Mafra,6,1,2,3,5,11,-6,5,portugal2,0.17
Vizela,5,1,1,3,5,5,0,4,portugal2,0.2
Portimonense,6,1,1,4,7,11,-4,4,portugal2,0.17
Felgueiras,7,0,4,3,5,9,-4,4,portugal2,0.0
Oliveirense,6,1,1,4,1,8,-7,4,portugal2,0.17
Al Gharafa,5,4,1,0,12,5,7,13,qatar,0.8
Al Sadd,5,4,0,1,16,8,8,12,qatar,0.8
Al Ahli Doha,6,3,2,1,10,8,2,11,qatar,0.5
Al Duhail,5,3,1,1,12,4,8,10,qatar,0.6
Umm Salal,5,2,2,1,9,9,0,8,qatar,0.4
Al Arabi,5,2,2,1,8,9,-1,8,qatar,0.4
Al Shahaniya,4,2,1,1,4,2,2,7,qatar,0.5
Al Rayyan,5,2,1,2,10,9,1,7,qatar,0.4
Al Wakrah,5,2,1,2,8,8,0,7,qatar,0.4
Al Shamal,5,2,0,3,11,14,-3,6,qatar,0.4
Qatar SC,7,1,0,6,7,21,-14,3,qatar,0.14
Al Khor,6,0,2,4,5,11,-6,2,qatar,0.0
Din. Bucharest,8,4,3,1,12,8,4,15,romania,0.5
U. Cluj,8,4,2,2,12,6,6,14,romania,0.5
FCSB,8,4,2,2,12,8,4,14,romania,0.5
Hermannstadt,8,4,2,2,13,11,2,14,romania,0.5
Univ. Craiova,8,3,4,1,13,6,7,13,romania,0.38
Rapid Bucharest,8,3,4,1,12,6,6,13,romania,0.38
Sepsi OSK,8,4,1,3,10,5,5,13,romania,0.5
P. Iasi,8,4,1,3,11,9,2,13,romania,0.5
Farul Constanta,8,4,1,3,11,11,0,13,romania,0.5
CFR Cluj,8,3,3,2,17,13,4,12,romania,0.38
Botosani,8,3,3,2,9,8,1,12,romania,0.38
Petrolul,8,2,5,1,9,5,4,11,romania,0.25
UTA Arad,8,2,5,1,8,6,2,11,romania,0.25
FC Buzau,8,3,1,4,6,5,1,10,romania,0.38
Otelul,8,2,3,3,6,9,-3,9,romania,0.25
Unirea Slobozia,8,2,1,5,8,11,-3,7,romania,0.25
Spartak Moscow,8,6,1,1,21,7,14,19,russia,0.75
FC Krasnodar,8,6,1,1,16,5,11,19,russia,0.75
Lokomotiv M.,8,6,0,2,13,10,3,18,russia,0.75
Rostov,8,5,1,2,19,10,9,16,russia,0.62
Dinamo Moscow,8,5,1,2,16,9,7,16,russia,0.62
Zenit,8,4,2,2,11,8,3,14,russia,0.5
Rubin Kazan,8,3,2,3,11,11,0,11,russia,0.38
Krylya Sovetov,8,3,1,4,10,10,0,10,russia,0.38
Akron,8,3,1,4,11,16,-5,10,russia,0.38
Makhachkala,8,2,3,3,7,8,-1,9,russia,0.25
Fakel Voronezh,8,1,6,1,4,5,-1,9,russia,0.12
CSKA Moscow,8,2,2,4,10,8,2,8,russia,0.25
Khimki,8,1,4,3,10,13,-3,7,russia,0.12
Nizhny Novgorod,8,1,2,5,5,16,-11,5,russia,0.12
Orenburg,8,0,4,4,10,15,-5,4,russia,0.0
Akhmat Grozny,8,0,4,4,8,17,-9,4,russia,0.0
PFC Sochi,8,7,1,0,21,5,16,22,russia2,0.88
Baltika,8,6,2,0,12,3,9,20,russia2,0.75
Torpedo Moscow,8,5,3,0,18,6,12,18,russia2,0.62
SKA Khabarovsk,8,5,3,0,19,9,10,18,russia2,0.62
Yenisey,8,5,2,1,12,4,8,17,russia2,0.62
Chernomorets,8,5,2,1,13,7,6,17,russia2,0.62
Ural,8,4,4,0,12,6,6,16,russia2,0.5
Kamaz,8,4,1,3,10,5,5,13,russia2,0.5
Ufa,8,4,1,3,11,9,2,13,russia2,0.5
Shinnik,8,3,3,2,7,6,1,12,russia2,0.38
Chayka,8,2,5,1,10,6,4,11,russia2,0.25
Arsenal Tula,8,2,5,1,6,5,1,11,russia2,0.25
Rotor Volgograd,8,2,5,1,6,5,1,11,russia2,0.25
Rodina Moskva,8,2,4,2,9,9,0,10,russia2,0.25
Neftekhimik,8,2,4,2,7,7,0,10,russia2,0.25
Sokol Saratov,8,1,2,5,3,7,-4,5,russia2,0.12
Tyumen,8,1,2,5,7,13,-6,5,russia2,0.12
A. Vladikavkaz,8,1,2,5,6,12,-6,5,russia2,0.12
Al Ittihad,7,7,0,0,21,5,16,21,saudiarabia,1.0
Al Hilal,6,6,0,0,17,6,11,18,saudiarabia,1.0
Al Quadisiya,6,5,0,1,9,2,7,15,saudiarabia,0.83
Al Taawon,7,4,2,1,10,6,4,14,saudiarabia,0.57
Al Ahli Jeddah,6,4,1,1,11,5,6,13,saudiarabia,0.67
Al Nassr,7,3,3,1,11,5,6,12,saudiarabia,0.43
Damak,7,3,3,1,12,9,3,12,saudiarabia,0.43
Al Shabab,7,3,1,3,10,9,1,10,saudiarabia,0.43
Al Khaleej,7,3,1,3,9,8,1,10,saudiarabia,0.43
Al Wahda,8,2,2,4,13,16,-3,8,saudiarabia,0.25
Al Raed,6,2,1,3,8,8,0,7,saudiarabia,0.33
Al Riyadh,6,2,1,3,5,7,-2,7,saudiarabia,0.33
Al Orubah,5,2,0,3,2,6,-4,6,saudiarabia,0.4
Al Akhdoud,7,1,2,4,7,9,-2,5,saudiarabia,0.14
Al Fateh,7,1,2,4,8,12,-4,5,saudiarabia,0.14
Al Feiha,6,1,1,4,4,12,-8,4,saudiarabia,0.17
Al Ittifaq,6,1,0,5,3,13,-10,3,saudiarabia,0.17
Al Kholood,6,0,2,4,8,16,-8,2,saudiarabia,0.0
Al Hazm,6,5,1,0,12,3,9,16,saudiarabia2,0.83
Al Najma,7,5,0,2,13,6,7,15,saudiarabia2,0.71
Al Adalha,5,4,1,0,10,4,6,13,saudiarabia2,0.8
Jeddah,6,3,3,0,7,2,5,12,saudiarabia2,0.5
Neom SC,5,3,2,0,8,1,7,11,saudiarabia2,0.6
Al Arabi,6,3,2,1,13,8,5,11,saudiarabia2,0.5
Al Zulfi,6,3,2,1,6,1,5,11,saudiarabia2,0.5
Abha,6,3,2,1,11,9,2,11,saudiarabia2,0.5
Al Tai,5,3,1,1,12,4,8,10,saudiarabia2,0.6
Al Jabalain,6,2,3,1,6,5,1,9,saudiarabia2,0.33
Al Faisaly,7,2,2,3,7,6,1,8,saudiarabia2,0.29
Al Jandal,5,2,1,2,6,5,1,7,saudiarabia2,0.4
Al Safa,6,2,0,4,8,11,-3,6,saudiarabia2,0.33
Ohod,7,2,0,5,8,12,-4,6,saudiarabia2,0.29
Al Jubail,7,2,0,5,7,12,-5,6,saudiarabia2,0.29
Al Bukayriyah,6,1,2,3,3,5,-2,5,saudiarabia2,0.17
Al Batin,5,1,1,3,5,10,-5,4,saudiarabia2,0.2
Al Ain,6,0,3,3,1,5,-4,3,saudiarabia2,0.0
Rangers,8,7,1,0,21,3,18,22,scotland,0.88
Celtic,7,6,1,0,21,2,19,19,scotland,0.86
Aberdeen,8,6,1,1,15,7,8,19,scotland,0.75
Dundee Utd,8,4,2,2,14,8,6,14,scotland,0.5
Dundee FC,8,4,1,3,20,14,6,13,scotland,0.5
Ross County,8,3,3,2,11,9,2,12,scotland,0.38
St. Mirren,8,3,2,3,9,10,-1,11,scotland,0.38
Motherwell,7,3,1,3,7,10,-3,10,scotland,0.43
Hearts,8,2,3,3,10,9,1,9,scotland,0.25
Hibernian,8,1,4,3,11,13,-2,7,scotland,0.12
Kilmarnock,6,1,3,2,6,10,-4,6,scotland,0.17
St. Johnstone,7,2,0,5,7,13,-6,6,scotland,0.29
Falkirk,8,7,1,0,19,3,16,22,scotland2,0.88
Ayr Utd,8,6,1,1,17,7,10,19,scotland2,0.75
Partick Thistle,8,5,3,0,14,4,10,18,scotland2,0.62
Livingston,7,5,2,0,12,4,8,17,scotland2,0.71
Dunfermline,8,4,2,2,11,6,5,14,scotland2,0.5
Raith Rovers,8,4,2,2,11,8,3,14,scotland2,0.5
Queens Park,8,4,2,2,8,5,3,14,scotland2,0.5
Hamilton,7,3,1,3,9,10,-1,10,scotland2,0.43
Greenock Morton,7,2,3,2,7,5,2,9,scotland2,0.29
Airdrieonians,6,1,1,4,2,10,-8,4,scotland2,0.17
Stenhousemuir,8,6,1,1,17,6,11,19,scotland3,0.75
Queen of South,7,5,1,1,11,8,3,16,scotland3,0.71
Arbroath,8,5,1,2,9,8,1,16,scotland3,0.62
Inverness,8,3,5,0,7,4,3,14,scotland3,0.38
Alloa Athletic,8,3,3,2,11,7,4,12,scotland3,0.38
Montrose,8,3,3,2,12,10,2,12,scotland3,0.38
Annan Athletic,8,3,3,2,6,6,0,12,scotland3,0.38
Kelty Hearts,7,3,1,3,8,7,1,10,scotland3,0.43
Dumbarton,8,2,3,3,13,16,-3,9,scotland3,0.25
Cove Rangers,7,2,1,4,8,13,-5,7,scotland3,0.29
East Fife,8,6,1,1,20,6,14,19,scotland4,0.75
Bonnyrigg Rose,8,5,1,2,11,5,6,16,scotland4,0.62
Elgin City,6,4,2,0,13,8,5,14,scotland4,0.67
Clyde,8,3,4,1,11,9,2,13,scotland4,0.38
Peterhead,7,4,1,2,11,9,2,13,scotland4,0.57
Spartans,6,3,1,2,7,4,3,10,scotland4,0.5
Edinburgh City,7,3,1,3,9,10,-1,10,scotland4,0.43
Stirling Albion,8,3,0,5,8,15,-7,9,scotland4,0.38
Stranraer,6,1,3,2,6,8,-2,6,scotland4,0.17
Forfar Athletic,6,1,3,2,3,8,-5,6,scotland4,0.17
Red Star,8,7,1,0,27,6,21,22,serbia,0.88
Radnicki Nis,8,5,3,0,15,9,6,18,serbia,0.62
Partizan,8,4,3,1,15,9,6,15,serbia,0.5
Radnicki 1923,8,4,2,2,14,7,7,14,serbia,0.5
Cukaricki,8,4,1,3,13,10,3,13,serbia,0.5
Mladost Lucani,8,4,1,3,10,10,0,13,serbia,0.5
Novi Pazar,8,3,2,3,13,13,0,11,serbia,0.38
OFK Beograd,8,3,2,3,13,14,-1,11,serbia,0.38
Tekstilac Odzac,8,3,2,3,8,12,-4,11,serbia,0.38
S. Subotica,7,3,2,2,7,11,-4,11,serbia,0.43
Backa Topola,8,3,1,4,13,10,3,10,serbia,0.38
Napredak,8,3,1,4,10,13,-3,10,serbia,0.38
Z. Pancevo,8,2,3,3,10,10,0,9,serbia,0.25
Vojvodina,8,2,3,3,9,10,-1,9,serbia,0.25
IMT N. Beograd,7,2,2,3,8,12,-4,8,serbia,0.29
Jedinstvo U.,7,1,1,5,5,12,-7,4,serbia,0.14
Mladost,8,6,2,0,11,3,8,20,serbia2,0.75
Macva Sabac,8,6,1,1,14,4,10,19,serbia2,0.75
Vrsac,8,6,1,1,12,3,9,19,serbia2,0.75
Borac Cacak,8,5,3,0,15,6,9,18,serbia2,0.62
Graficar,8,5,3,0,13,4,9,18,serbia2,0.62
Javor Ivanjica,8,5,2,1,9,4,5,17,serbia2,0.62
R. Surdulica,8,4,4,0,15,2,13,16,serbia2,0.5
Smederevo,8,4,2,2,11,8,3,14,serbia2,0.5
Vozdovac,8,3,3,2,10,5,5,12,serbia2,0.38
S. Mitrovica,8,3,3,2,7,4,3,12,serbia2,0.38
Sloven Ruma,8,3,3,2,10,9,1,12,serbia2,0.38
Trajal Krusevac,8,3,2,3,11,7,4,11,serbia2,0.38
Zemun,8,3,2,3,9,8,1,11,serbia2,0.38
Sloboda Uzice,8,2,4,2,6,5,1,10,serbia2,0.25
Indija,8,2,2,4,12,13,-1,8,serbia2,0.25
Dubocica,8,0,3,5,6,18,-12,3,serbia2,0.0
Lion City,8,6,1,1,28,11,17,19,singapore,0.75
Tampines Rovers,8,4,3,1,24,11,13,15,singapore,0.5
A. Niigata (S),8,5,0,3,22,19,3,15,singapore,0.62
Hougang,8,3,4,1,22,12,10,13,singapore,0.38
Khalsa,8,4,1,3,22,20,2,13,singapore,0.5
Geylang,8,3,2,3,21,17,4,11,singapore,0.38
DPMM FC,8,1,5,2,11,15,-4,8,singapore,0.12
Young Lions,8,2,1,5,12,27,-15,7,singapore,0.25
Tanjong Pagar,8,2,1,5,9,28,-19,7,singapore,0.25
Zilina,8,7,1,0,21,9,12,22,slovakia,0.88
S. Bratislava,8,6,1,1,18,10,8,19,slovakia,0.75
Spartak Trnava,8,4,3,1,11,6,5,15,slovakia,0.5
Banska Bystrica,8,4,0,4,14,12,2,12,slovakia,0.5
Z. Michalovce,8,3,3,2,13,14,-1,12,slovakia,0.38
Ruzomberok,8,3,2,3,8,10,-2,11,slovakia,0.38
Podbrezova,8,2,4,2,13,10,3,10,slovakia,0.25
FC Kosice,8,2,4,2,10,8,2,10,slovakia,0.25
Trencin,8,2,3,3,11,14,-3,9,slovakia,0.25
Skalica,8,2,2,4,9,10,-1,8,slovakia,0.25
DAC Streda,8,2,2,4,7,9,-2,8,slovakia,0.25
Komarno,8,1,1,6,8,16,-8,4,slovakia,0.12
Presov,7,6,1,0,17,3,14,19,slovakia2,0.86
Malzenice,8,5,1,2,14,8,6,16,slovakia2,0.62
L. Mikulas,7,5,0,2,10,6,4,15,slovakia2,0.71
P. Bystrica,7,5,0,2,17,14,3,15,slovakia2,0.71
Pohronie,7,4,1,2,14,12,2,13,slovakia2,0.57
Zlate Moravce,7,3,2,2,12,7,5,11,slovakia2,0.43
Zilina B,7,3,2,2,10,5,5,11,slovakia2,0.43
Zvolen,7,3,2,2,10,12,-2,11,slovakia2,0.43
Samorin,6,3,1,2,9,6,3,10,slovakia2,0.5
Puchov,7,3,1,3,9,7,2,10,slovakia2,0.43
S. Lubovna,7,2,4,1,8,6,2,10,slovakia2,0.29
Petrzalka,7,3,0,4,10,7,3,9,slovakia2,0.43
S. Bratislava B,6,3,0,3,7,7,0,9,slovakia2,0.5
Humenne,7,2,2,3,6,7,-1,8,slovakia2,0.29
Maribor,8,5,2,1,16,7,9,17,slovenia,0.62
NK Celje,8,5,1,2,16,13,3,16,slovenia,0.62
NK Olimpija,8,4,3,1,14,4,10,15,slovenia,0.5
Koper,8,4,3,1,15,7,8,15,slovenia,0.5
Bravo,8,4,3,1,9,5,4,15,slovenia,0.5
Mura,8,4,1,3,10,6,4,13,slovenia,0.5
Primorje,8,4,1,3,8,8,0,13,slovenia,0.5
Radomlje,8,3,2,3,11,11,0,11,slovenia,0.38
Nafta,8,1,2,5,6,12,-6,5,slovenia,0.12
Domzale,8,1,2,5,5,17,-12,5,slovenia,0.12
Mamelodi S.,6,6,0,0,16,2,14,18,southafrica,1.0
Orlando Pirates,6,5,0,1,10,3,7,15,southafrica,0.83
Sekhukhune,6,4,1,1,8,4,4,13,southafrica,0.67
Chippa Utd,6,4,1,1,7,3,4,13,southafrica,0.67
Polokwane,4,2,2,0,5,3,2,8,southafrica,0.5
Tshakhuma,4,2,1,1,6,4,2,7,southafrica,0.5
Golden Arrows,4,2,1,1,5,3,2,7,southafrica,0.5
Stellenbosch,4,2,1,1,5,3,2,7,southafrica,0.5
Cape Town City,3,2,1,0,2,0,2,7,southafrica,0.67
SuperSport Utd,4,2,1,1,2,1,1,7,southafrica,0.5
Royal AM,5,1,2,2,5,5,0,5,southafrica,0.2
Kaizer Chiefs,3,1,1,1,5,5,0,4,southafrica,0.33
Richards Bay,5,1,1,3,2,5,-3,4,southafrica,0.2
AmaZulu,2,1,0,1,3,3,0,3,southafrica,0.5
TS Galaxy,2,1,0,1,1,2,-1,3,southafrica,0.5
Magesi,3,0,2,1,2,4,-2,2,southafrica,0.0
Durban City,7,5,1,1,13,5,8,16,southafrica2,0.71
JDR Stars,6,5,0,1,8,4,4,15,southafrica2,0.83
Milford,6,4,1,1,7,2,5,13,southafrica2,0.67
Black Leopards,8,3,4,1,9,5,4,13,southafrica2,0.38
Hungry Lions,6,3,2,1,9,4,5,11,southafrica2,0.5
Baroka,6,3,2,1,11,7,4,11,southafrica2,0.5
Kruger United,7,3,2,2,7,6,1,11,southafrica2,0.43
Orbit College,6,3,1,2,7,4,3,10,southafrica2,0.5
Pretoria U.,7,2,4,1,10,9,1,10,southafrica2,0.29
Highbury,7,3,1,3,5,6,-1,10,southafrica2,0.43
Casric Stars,5,3,0,2,7,5,2,9,southafrica2,0.6
Upington City,6,2,2,2,9,8,1,8,southafrica2,0.33
Cape Town Spurs,6,2,2,2,6,6,0,8,southafrica2,0.33
Leruma United,8,2,1,5,6,12,-6,7,southafrica2,0.25
Pretoria C.,5,1,2,2,1,4,-3,5,southafrica2,0.2
Venda FC,6,1,2,3,2,6,-4,5,southafrica2,0.17
Ulsan,8,7,0,1,18,10,8,21,southkorea,0.88
Gangwon,8,6,2,0,17,7,10,20,southkorea,0.75
Seoul,8,5,2,1,11,6,5,17,southkorea,0.62
Jeju Utd,8,5,1,2,7,7,0,16,southkorea,0.62
Gimcheon Sangmu,8,4,2,2,13,7,6,14,southkorea,0.5
Daejeon Citizen,8,4,2,2,9,6,3,14,southkorea,0.5
Jeonbuk Motors,8,4,2,2,9,6,3,14,southkorea,0.5
Gwangju,8,3,3,2,8,7,1,12,southkorea,0.38
Daegu,8,2,3,3,13,13,0,9,southkorea,0.25
Suwon City,8,2,2,4,15,16,-1,8,southkorea,0.25
Pohang Steelers,8,2,2,4,7,12,-5,8,southkorea,0.25
Incheon Utd,8,1,1,6,5,13,-8,4,southkorea,0.12
Asan,8,5,2,1,14,5,9,17,southkorea2,0.62
Suwon Bluewings,8,5,1,2,10,7,3,16,southkorea2,0.62
Gimpo,8,4,3,1,13,8,5,15,southkorea2,0.5
Bucheon FC,8,4,3,1,9,4,5,15,southkorea2,0.5
Ansan Greeners,8,4,3,1,11,12,-1,15,southkorea2,0.5
Anyang,8,3,3,2,11,9,2,12,southkorea2,0.38
Busan IPark,8,3,3,2,9,7,2,12,southkorea2,0.38
Seoul E-Land,8,4,0,4,10,13,-3,12,southkorea2,0.5
Cheonan City,8,3,1,4,11,13,-2,10,southkorea2,0.38
Jeonnam,8,2,3,3,12,11,1,9,southkorea2,0.25
Gyeongnam,8,1,5,2,13,15,-2,8,southkorea2,0.12
Seongnam,8,0,3,5,8,13,-5,3,southkorea2,0.0
Cheongju,8,0,3,5,6,16,-10,3,southkorea2,0.0
Real Madrid,8,7,0,1,20,7,13,21,spain,0.88
Atletico Madrid,7,5,2,0,14,3,11,17,spain,0.71
Athletic Bilbao,8,5,2,1,13,6,7,17,spain,0.62
Osasuna,8,5,2,1,15,10,5,17,spain,0.62
FC Barcelona,6,5,0,1,19,5,14,15,spain,0.83
Real Betis,8,4,3,1,12,8,4,15,spain,0.5
Celta Vigo,8,4,2,2,13,8,5,14,spain,0.5
Girona,8,4,1,3,15,13,2,13,spain,0.5
Sevilla FC,8,4,1,3,7,8,-1,13,spain,0.5
Villarreal,7,3,3,1,16,14,2,12,spain,0.43
Espanyol,7,4,0,3,11,10,1,12,spain,0.57
Getafe,8,2,5,1,7,4,3,11,spain,0.25
Alaves,7,3,2,2,8,8,0,11,spain,0.43
Mallorca,8,3,2,3,6,9,-3,11,spain,0.38
Real Sociedad,8,3,1,4,9,9,0,10,spain,0.38
Leganes,7,3,1,3,6,7,-1,10,spain,0.43
Las Palmas,8,2,3,3,11,12,-1,9,spain,0.25
Valencia,7,2,2,3,10,9,1,8,spain,0.29
Rayo Vallecano,7,2,2,3,9,10,-1,8,spain,0.29
Valladolid,8,1,3,4,5,12,-7,6,spain,0.12
Sporting Gijon,8,6,1,1,13,5,8,19,spain2,0.75
Mirandes,8,6,1,1,12,5,7,19,spain2,0.75
Levante,8,5,3,0,18,9,9,18,spain2,0.62
Real Oviedo,8,6,0,2,16,11,5,18,spain2,0.75
Almeria,8,5,2,1,18,11,7,17,spain2,0.62
Elche,8,5,2,1,13,6,7,17,spain2,0.62
Cordoba,8,4,4,0,15,8,7,16,spain2,0.5
Eibar,8,5,1,2,9,7,2,16,spain2,0.62
Granada,8,4,3,1,15,7,8,15,spain2,0.5
Malaga,8,4,3,1,6,5,1,15,spain2,0.5
Racing,8,4,2,2,10,6,4,14,spain2,0.5
Huesca,8,3,4,1,15,10,5,13,spain2,0.38
Albacete,8,3,3,2,13,13,0,12,spain2,0.38
Eldense,8,3,2,3,11,10,1,11,spain2,0.38
Burgos,8,3,2,3,8,9,-1,11,spain2,0.38
Real Zaragoza,8,3,1,4,11,10,1,10,spain2,0.38
Castellon,8,3,1,4,10,11,-1,10,spain2,0.38
Deportivo,8,2,4,2,6,7,-1,10,spain2,0.25
Cadiz,8,2,3,3,11,11,0,9,spain2,0.25
Tenerife,8,2,3,3,7,7,0,9,spain2,0.25
Racing Ferrol,8,1,4,3,4,8,-4,7,spain2,0.12
Cartagena,8,1,1,6,5,13,-8,4,spain2,0.12
Malmo FF,8,6,1,1,17,5,12,19,sweden,0.75
Mjallby,8,5,3,0,14,8,6,18,sweden,0.62
Hammarby,8,4,4,0,14,6,8,16,sweden,0.5
AIK,8,5,1,2,11,6,5,16,sweden,0.62
GAIS,8,4,3,1,11,4,7,15,sweden,0.5
Djurgarden,8,4,3,1,11,8,3,15,sweden,0.5
Elfsborg,8,4,2,2,13,10,3,14,sweden,0.5
Brommapojkarna,8,3,2,3,13,11,2,11,sweden,0.38
Halmstad,8,3,2,3,7,6,1,11,sweden,0.38
Vasteras,8,3,2,3,11,11,0,11,sweden,0.38
Norrkoping,8,3,2,3,10,11,-1,11,sweden,0.38
Sirius,8,3,1,4,14,14,0,10,sweden,0.38
Kalmar,8,3,1,4,10,15,-5,10,sweden,0.38
Hacken,8,2,2,4,15,14,1,8,sweden,0.25
IFK Goteborg,8,1,4,3,9,10,-1,7,sweden,0.12
Varnamo,8,1,3,4,8,13,-5,6,sweden,0.12
Orgryte,8,6,1,1,21,13,8,19,sweden2,0.75
Orebro,8,5,2,1,12,4,8,17,sweden2,0.62
Oster,8,5,1,2,22,13,9,16,sweden2,0.62
Utsikten,8,5,1,2,16,10,6,16,sweden2,0.62
Sandviken,8,4,2,2,18,8,10,14,sweden2,0.5
Degerfors,8,4,2,2,12,7,5,14,sweden2,0.5
GIF Sundsvall,8,4,2,2,11,6,5,14,sweden2,0.5
Helsingborg,8,4,2,2,12,9,3,14,sweden2,0.5
Trelleborg,8,4,1,3,8,10,-2,13,sweden2,0.5
Ostersunds,8,3,3,2,9,9,0,12,sweden2,0.38
Gefle,8,3,3,2,11,12,-1,12,sweden2,0.38
Varberg BoIS,8,2,4,2,8,8,0,10,sweden2,0.25
Brage,8,3,1,4,7,9,-2,10,sweden2,0.38
Oddevold,8,2,4,2,10,14,-4,10,sweden2,0.25
Landskrona,8,2,3,3,9,9,0,9,sweden2,0.25
Skovde AIK,8,1,3,4,7,13,-6,6,sweden2,0.12
Lugano,8,6,1,1,18,8,10,19,switzerland,0.75
Lausanne Sport,8,6,0,2,17,9,8,18,switzerland,0.75
Servette,8,5,2,1,16,12,4,17,switzerland,0.62
FC Basel,8,5,1,2,15,7,8,16,switzerland,0.62
BSC Young Boys,8,4,2,2,14,11,3,14,switzerland,0.5
Luzern,8,4,2,2,13,10,3,14,switzerland,0.5
St. Gallen,8,3,4,1,15,8,7,13,switzerland,0.38
Sion,8,3,4,1,13,9,4,13,switzerland,0.38
FC Zurich,8,3,4,1,11,8,3,13,switzerland,0.38
Yverdon,8,3,1,4,8,13,-5,10,switzerland,0.38
Winterthur,8,3,1,4,6,14,-8,10,switzerland,0.38
Grasshopper,8,1,4,3,10,13,-3,7,switzerland,0.12
Prachuap,8,5,3,0,18,6,12,18,thailand,0.62
Ratchaburi,8,5,3,0,18,6,12,18,thailand,0.62
Muang Thong Utd,8,5,2,1,13,7,6,17,thailand,0.62
Buriram Utd,6,5,1,0,17,3,14,16,thailand,0.83
Sukhothai,7,5,0,2,18,9,9,15,thailand,0.71
Port FC,7,4,2,1,15,6,9,14,thailand,0.57
Bangkok Utd,6,4,2,0,11,4,7,14,thailand,0.67
Pathum Utd,6,4,1,1,9,4,5,13,thailand,0.67
N. Bua Pitchaya,8,4,1,3,18,16,2,13,thailand,0.5
Lamphun Warrior,7,3,3,1,11,7,4,12,thailand,0.43
Uthai Thani,5,3,2,0,10,4,6,11,thailand,0.6
N. Ratchasima,6,3,2,1,9,7,2,11,thailand,0.5
Rayong,8,2,4,2,11,12,-1,10,thailand,0.25
Chiangrai Utd,7,2,2,3,6,10,-4,8,thailand,0.29
Nakhon Pathom,6,1,1,4,4,11,-7,4,thailand,0.17
Khon Kaen Utd,8,0,2,6,3,13,-10,2,thailand,0.0
Mahasarakham,8,8,0,0,18,6,12,24,thailand2,1.0
Ayutthaya Utd,8,5,2,1,14,7,7,17,thailand2,0.62
Phrae Utd,7,5,1,1,17,7,10,16,thailand2,0.71
Chonburi,7,5,1,1,11,3,8,16,thailand2,0.71
Lampang,8,4,2,2,14,8,6,14,thailand2,0.5
Chanthaburi,7,4,1,2,11,8,3,13,thailand2,0.57
Sisaket Utd,8,3,4,1,10,7,3,13,thailand2,0.38
Trat FC,7,4,1,2,10,8,2,13,thailand2,0.57
Bangkok FC,7,4,1,2,7,5,2,13,thailand2,0.57
Police Tero,8,3,3,2,9,9,0,12,thailand2,0.38
Kanchanaburi,7,3,2,2,9,4,5,11,thailand2,0.43
Nakhon Si,6,3,1,2,11,10,1,10,thailand2,0.5
Chainat,7,2,4,1,8,7,1,10,thailand2,0.29
Pattaya United,7,2,4,1,8,9,-1,10,thailand2,0.29
Samut Prakan,8,2,4,2,10,12,-2,10,thailand2,0.25
Kasetsart,7,2,3,2,7,9,-2,9,thailand2,0.29
Chiangmai Utd,6,2,2,2,7,7,0,8,thailand2,0.33
Suphanburi,7,0,2,5,6,16,-10,2,thailand2,0.0
Galatasaray,8,6,2,0,21,10,11,20,turkey,0.75
Goztepe,7,6,1,0,17,6,11,19,turkey,0.86
Fenerbahce,6,5,0,1,14,4,10,15,turkey,0.83
Besiktas,7,5,0,2,14,10,4,15,turkey,0.71
Samsunspor,8,4,2,2,15,9,6,14,turkey,0.5
Eyupspor,6,4,1,1,11,5,6,13,turkey,0.67
Antalyaspor,7,4,1,2,10,11,-1,13,turkey,0.57
Basaksehir,6,3,3,0,15,7,8,12,turkey,0.5
Trabzonspor,7,3,3,1,16,10,6,12,turkey,0.43
Gaziantep,6,3,2,1,9,4,5,11,turkey,0.5
Sivasspor,7,3,2,2,9,8,1,11,turkey,0.43
Konyaspor,7,2,4,1,8,7,1,10,turkey,0.29
Rizespor,7,3,1,3,9,10,-1,10,turkey,0.43
Alanyaspor,7,2,3,2,7,7,0,9,turkey,0.29
Bodrumspor,7,2,1,4,6,6,0,7,turkey,0.29
Hatayspor,7,1,3,3,6,9,-3,6,turkey,0.14
Kasimpasa,7,0,3,4,6,13,-7,3,turkey,0.0
Kayserispor,6,0,3,3,7,15,-8,3,turkey,0.0
Adana Demirspor,7,0,0,7,5,18,-13,0,turkey,0.0
Erzurum BB,8,7,0,1,15,3,12,21,turkey2,0.88
F. Karagumruk,8,6,1,1,19,5,14,19,turkey2,0.75
Bandirmaspor,8,6,1,1,13,5,8,19,turkey2,0.75
Ankaragucu,8,5,2,1,14,6,8,17,turkey2,0.62
Kocaelispor,8,5,2,1,11,6,5,17,turkey2,0.62
Boluspor,7,5,0,2,11,4,7,15,turkey2,0.71
Istanbulspor,8,4,2,2,14,7,7,14,turkey2,0.5
Sanliurfaspor,7,4,1,2,16,12,4,13,turkey2,0.57
Umraniyespor,7,3,3,1,16,9,7,12,turkey2,0.43
Manisa BB,7,3,2,2,10,5,5,11,turkey2,0.43
Igdir,8,3,2,3,11,7,4,11,turkey2,0.38
Sakaryaspor,7,3,2,2,9,7,2,11,turkey2,0.43
Genclerbirligi,6,3,2,1,6,4,2,11,turkey2,0.5
Erokspor,6,2,3,1,12,8,4,9,turkey2,0.33
Corum,7,2,3,2,5,6,-1,9,turkey2,0.29
Keciorengucu,6,2,2,2,11,7,4,8,turkey2,0.33
Amed SK,7,2,2,3,7,9,-2,8,turkey2,0.29
Pendikspor,6,1,2,3,4,7,-3,5,turkey2,0.17
Adanaspor,7,1,2,4,8,14,-6,5,turkey2,0.14
Y. Malatyaspor,8,0,0,8,4,24,-20,0,turkey2,0.0
Al Jazira,4,4,0,0,13,3,10,12,uae,1.0
Al Sharjah,4,4,0,0,10,1,9,12,uae,1.0
Al Wahda,5,3,2,0,11,5,6,11,uae,0.6
Al Ain,5,3,1,1,15,6,9,10,uae,0.6
Shabab Al Ahli,4,3,1,0,9,6,3,10,uae,0.75
Ittihad Kalba,4,2,2,0,9,3,6,8,uae,0.5
Al Nasr,3,2,1,0,7,2,5,7,uae,0.67
Ajman,4,2,1,1,8,4,4,7,uae,0.5
Al Wasl,4,2,1,1,9,7,2,7,uae,0.5
Bani Yas,4,2,0,2,7,10,-3,6,uae,0.5
Dibba Al Hisn,4,1,0,3,4,12,-8,3,uae,0.25
Al Urooba,5,1,0,4,6,15,-9,3,uae,0.2
Khorfakkan,3,0,1,2,1,4,-3,1,uae,0.0
Al Bataeh,4,0,1,3,7,12,-5,1,uae,0.0
Shakhtar,8,7,1,0,29,7,22,22,ukraine,0.88
Oleksandria,8,6,2,0,13,2,11,20,ukraine,0.75
Dynamo Kyiv,8,6,2,0,17,7,10,20,ukraine,0.75
Karpaty Lviv,8,4,2,2,13,7,6,14,ukraine,0.5
Polessya,8,3,5,0,12,6,6,14,ukraine,0.38
LNZ Cherkasy,8,4,1,3,10,8,2,13,ukraine,0.5
Rukh Lviv,7,3,3,1,11,3,8,12,ukraine,0.43
Kryvbas KR,7,3,3,1,10,6,4,12,ukraine,0.43
Veres,8,2,4,2,11,12,-1,10,ukraine,0.25
Chornomorets,8,3,1,4,6,10,-4,10,ukraine,0.38
Zorya Luhansk,7,3,0,4,8,9,-1,9,ukraine,0.43
Kolos Kovalivka,8,1,5,2,4,5,-1,8,ukraine,0.12
Livyi Bereh,8,2,2,4,5,9,-4,8,ukraine,0.25
Vorskla Poltava,6,2,1,3,4,9,-5,7,ukraine,0.33
Obolon,8,1,3,4,5,15,-10,6,ukraine,0.12
Dnipro-1,0,0,0,0,0,0,0,0,ukraine,
Inhulets,0,0,0,0,0,0,0,0,ukraine,
Nacional,4,3,1,0,8,2,6,10,uruguay2,0.75
Wanderers,4,3,0,1,8,5,3,9,uruguay2,0.75
Penarol,4,2,2,0,5,2,3,8,uruguay2,0.5
Cerro,4,2,1,1,7,2,5,7,uruguay2,0.5
Fenix,4,2,1,1,6,4,2,7,uruguay2,0.5
Boston River,4,2,0,2,5,5,0,6,uruguay2,0.5
Progreso,4,2,0,2,4,5,-1,6,uruguay2,0.5
Danubio,3,2,0,1,4,6,-2,6,uruguay2,0.67
Rampla Juniors,3,1,1,1,5,5,0,4,uruguay2,0.33
Miramar Misione,3,1,1,1,3,3,0,4,uruguay2,0.33
Cerro Largo,4,1,1,2,3,7,-4,4,uruguay2,0.25
Racing CM,3,1,0,2,2,3,-1,3,uruguay2,0.33
Liverpool M.,3,1,0,2,1,2,-1,3,uruguay2,0.33
Defensor S.,3,0,2,1,2,3,-1,2,uruguay2,0.0
River Plate,3,0,2,1,4,6,-2,2,uruguay2,0.0
D. Maldonado,3,0,1,2,2,6,-4,1,uruguay2,0.0
LA Galaxy,8,7,0,1,21,12,9,21,usa,0.88
Inter Miami,8,6,2,0,22,10,12,20,usa,0.75
Orlando City,8,6,1,1,21,6,15,19,usa,0.75
Portland,8,5,2,1,19,10,9,17,usa,0.62
Real Salt Lake,8,5,2,1,18,12,6,17,usa,0.62
Seattle,8,5,2,1,12,7,5,17,usa,0.62
Columbus Crew,8,5,1,2,22,15,7,16,usa,0.62
Colorado Rapids,8,5,1,2,15,10,5,16,usa,0.62
CF Montreal,8,5,1,2,11,8,3,16,usa,0.62
Houston Dynamo,8,4,3,1,11,6,5,15,usa,0.5
Dallas,8,5,0,3,16,12,4,15,usa,0.62
Charlotte,8,4,2,2,15,9,6,14,usa,0.5
Los Angeles FC,8,4,2,2,16,12,4,14,usa,0.5
New York City,8,4,2,2,18,16,2,14,usa,0.5
Sporting KC,8,4,1,3,16,13,3,13,usa,0.5
St. Louis City,8,4,1,3,13,13,0,13,usa,0.5
Atlanta Utd,8,3,3,2,13,13,0,12,usa,0.38
Philadelphia,8,3,2,3,14,7,7,11,usa,0.38
Chicago Fire,8,3,2,3,11,15,-4,11,usa,0.38
Minnesota Utd,8,3,0,5,15,13,2,9,usa,0.38
Austin,8,2,3,3,10,11,-1,9,usa,0.25
New England,8,2,3,3,11,16,-5,9,usa,0.25
Vancouver,8,2,2,4,9,12,-3,8,usa,0.25
Cincinnati,8,2,1,5,14,13,1,7,usa,0.25
New York RB,8,1,4,3,13,18,-5,7,usa,0.12
Nashville SC,8,2,1,5,9,15,-6,7,usa,0.25
SJ Earthquakes,8,2,0,6,7,13,-6,6,usa,0.25
Toronto,8,2,0,6,8,16,-8,6,usa,0.25
DC United,8,1,2,5,11,19,-8,5,usa,0.12
Louisville City,8,8,0,0,25,9,16,24,usa2,1.0
Charleston,8,6,2,0,24,7,17,20,usa2,0.75
Rhode Island,8,6,2,0,21,5,16,20,usa2,0.75
North Carolina,8,6,1,1,24,10,14,19,usa2,0.75
Hartford A.,8,5,2,1,11,7,4,17,usa2,0.62
Memphis,8,4,4,0,12,2,10,16,usa2,0.5
Pittsburgh,8,4,4,0,13,5,8,16,usa2,0.5
Sacramento R.,8,4,2,2,11,4,7,14,usa2,0.5
Colorado S.,8,4,2,2,14,8,6,14,usa2,0.5
Indy Eleven,8,4,2,2,15,11,4,14,usa2,0.5
Detroit City,8,3,4,1,8,4,4,13,usa2,0.38
Tampa Bay,8,4,1,3,15,12,3,13,usa2,0.5
Las Vegas L.,8,3,4,1,12,9,3,13,usa2,0.38
Orange County,8,4,1,3,10,7,3,13,usa2,0.5
New Mexico,8,4,1,3,14,12,2,13,usa2,0.5
El Paso,8,3,3,2,9,9,0,12,usa2,0.38
Phoenix Rising,8,3,2,3,9,5,4,11,usa2,0.38
San Antonio,8,3,2,3,10,14,-4,11,usa2,0.38
Loudoun Utd,8,3,1,4,12,9,3,10,usa2,0.38
Birmingham L.,8,3,1,4,10,12,-2,10,usa2,0.38
Oakland Roots,8,2,1,5,7,15,-8,7,usa2,0.25
FC Tulsa,8,1,3,4,6,11,-5,6,usa2,0.12
Monterey Bay,8,0,4,4,3,8,-5,4,usa2,0.0
Miami FC,8,1,1,6,7,23,-16,4,usa2,0.12
N. Colorado,8,6,1,1,19,5,14,19,usa3,0.75
Union Omaha,8,6,1,1,18,6,12,19,usa3,0.75
Forward Madison,8,4,3,1,8,3,5,15,usa3,0.5
Greenville,8,3,3,2,13,9,4,12,usa3,0.38
One Knoxville,8,3,3,2,11,9,2,12,usa3,0.38
Spokane V.,8,3,3,2,12,12,0,12,usa3,0.38
Richmond K.,8,3,2,3,8,7,1,11,usa3,0.38
Central Valley,8,3,1,4,8,12,-4,10,usa3,0.38
Lexington,8,2,3,3,16,13,3,9,usa3,0.25
Charlotte I.,8,2,2,4,16,17,-1,8,usa3,0.25
Tormenta,8,1,4,3,15,16,-1,7,usa3,0.12
Chattanooga RW,8,1,1,6,8,18,-10,4,usa3,0.12
AGMK,8,6,1,1,13,7,6,19,uzbekistan,0.75
Pakhtakor,8,5,1,2,17,7,10,16,uzbekistan,0.62
Nasaf Qarshi,8,5,1,2,12,6,6,16,uzbekistan,0.62
Termez Surkhon,8,5,1,2,9,4,5,16,uzbekistan,0.62
Neftchi,8,4,2,2,14,12,2,14,uzbekistan,0.5
Qizilqum,8,4,1,3,8,9,-1,13,uzbekistan,0.5
Sogdiana,8,3,3,2,13,11,2,12,uzbekistan,0.38
Andijan,8,3,2,3,12,8,4,11,uzbekistan,0.38
Dinamo Samarqan,8,3,1,4,12,11,1,10,uzbekistan,0.38
Navbahor,8,2,4,2,11,11,0,10,uzbekistan,0.25
Bunyodkor,8,2,4,2,9,9,0,10,uzbekistan,0.25
Metallurg,8,2,4,2,7,9,-2,10,uzbekistan,0.25
FK Olympic,8,2,1,5,5,10,-5,7,uzbekistan,0.25
L. Tashkent,8,1,1,6,10,15,-5,4,uzbekistan,0.12
Nam Dinh,4,3,0,1,10,4,6,9,vietnam,0.75
Cong An Nhan,4,3,0,1,7,1,6,9,vietnam,0.75
Ha Noi,5,2,3,0,6,4,2,9,vietnam,0.4
Hong Linh Ha T.,5,2,3,0,3,1,2,9,vietnam,0.4
Gia Lai,4,2,2,0,4,1,3,8,vietnam,0.5
Binh Duong,4,2,1,1,9,6,3,7,vietnam,0.5
Thanh Hoa,4,2,1,1,6,4,2,7,vietnam,0.5
Viettel,5,2,1,2,5,5,0,7,vietnam,0.4
Binh Dinh,5,2,1,2,6,8,-2,7,vietnam,0.4
Quang Nam,5,1,3,1,5,8,-3,6,vietnam,0.2
Ho Chi Minh,5,1,2,2,2,6,-4,5,vietnam,0.2
Hai Phong,4,1,1,2,6,6,0,4,vietnam,0.25
Da Nang,4,0,3,1,3,5,-2,3,vietnam,0.0
Song Lam Nghe,5,0,3,2,1,7,-6,3,vietnam,0.0
Ba Ria Vung Tau,3,2,0,1,7,4,3,6,vietnam2,0.67
Binh Phuoc,2,2,0,0,5,2,3,6,vietnam2,1.0
Phu Dong,2,2,0,0,4,1,3,6,vietnam2,1.0
Dong Thap,3,1,2,0,1,0,1,5,vietnam2,0.33
S. Khanh Hoa,2,1,0,1,2,2,0,3,vietnam2,0.5
PVF-CAND,2,1,0,1,2,4,-2,3,vietnam2,0.5
Long An,2,0,2,0,1,1,0,2,vietnam2,0.0
Hoa Binh,2,0,2,0,0,0,0,2,vietnam2,0.0
Ho Chi Minh B,2,0,1,1,0,1,-1,1,vietnam2,0.0
Dong Nai,2,0,1,1,1,3,-2,1,vietnam2,0.0
Hue,3,0,1,2,1,5,-4,1,vietnam2,0.0
Penybont,8,6,1,1,18,6,12,19,wales,0.75
The New Saints,8,6,0,2,22,8,14,18,wales,0.75
Barry,8,4,2,2,14,13,1,14,wales,0.5
Haverfordwest,8,3,4,1,9,3,6,13,wales,0.38
Cardiff MU,8,3,4,1,13,9,4,13,wales,0.38
Connahs Quay,8,3,2,3,10,8,2,11,wales,0.38
Bala Town,8,3,2,3,9,7,2,11,wales,0.38
Briton Ferry,8,3,2,3,14,13,1,11,wales,0.38
Flint,8,3,1,4,10,9,1,10,wales,0.38
Caernarfon,8,2,1,5,11,18,-7,7,wales,0.25
Aberystwyth,8,2,1,5,8,16,-8,7,wales,0.25
Newtown,8,2,1,5,8,22,-14,7,wales,0.25
