Home,2,3,4,5,6,7,8,9,Liga
,GP,W,D,L,GF,GA,GD,Pts,algeria
MC Alger,4,3,1,0,5,2,+3,10,algeria
CR Belouizdad,6,2,3,1,5,2,+3,9,algeria
JS Kabylie,3,2,0,1,4,2,+2,6,algeria
USM Alger,5,1,3,1,1,1,0,6,algeria
Biskra,5,1,2,2,4,5,-1,5,algeria
ASO Chlef,5,1,2,2,2,4,-2,5,algeria
Mostaganem,6,1,2,3,3,6,-3,5,algeria
O. Akbou,5,1,1,3,5,6,-1,4,algeria
CS Constantine,4,1,1,2,3,4,-1,4,algeria
ES Setif,5,1,1,3,4,6,-2,4,algeria
El Bayadh,5,1,0,4,3,7,-4,3,algeria
Khenchela,5,0,3,2,2,7,-5,3,algeria
Paradou AC,3,0,2,1,3,4,-1,2,algeria
NC Magra,6,0,2,4,2,9,-7,2,algeria
MC Oran,5,0,1,4,5,10,-5,1,algeria
JS Saoura,5,0,1,4,3,9,-6,1,algeria
Rangers,5,3,2,0,12,1,+11,11,andorra
UE Santa Coloma,5,2,2,1,11,5,+6,8,andorra
Inter Escaldes,5,2,2,1,11,6,+5,8,andorra
Ordino,5,2,1,2,6,7,-1,7,andorra
Pas de la Casa,4,2,0,2,8,4,+4,6,andorra
FC Santa Coloma,5,2,0,3,5,8,-3,6,andorra
AC Escaldes,4,1,1,2,9,5,+4,4,andorra
Penya Encarnada,4,1,0,3,6,10,-4,3,andorra
Esperanca,4,0,1,3,3,12,-9,1,andorra
La Massana,4,0,0,4,2,16,-14,0,andorra
Central Cordoba,8,3,4,1,10,6,+4,13,argentina
River Plate,8,3,4,1,8,6,+2,13,argentina
Huracan,8,3,3,2,10,9,+1,12,argentina
Racing Club,8,4,0,4,8,7,+1,12,argentina
T. de Cordoba,8,3,3,2,8,10,-2,12,argentina
Velez Sarsfield,8,2,5,1,11,8,+3,11,argentina
Belgrano,8,2,5,1,9,6,+3,11,argentina
Tigre,8,3,2,3,8,7,+1,11,argentina
San Lorenzo,8,3,2,3,7,8,-1,11,argentina
Independiente,8,2,4,2,7,5,+2,10,argentina
Platense,8,2,4,2,5,5,0,10,argentina
Gimnasia,8,2,4,2,5,7,-2,10,argentina
Barracas C.,8,3,1,4,4,7,-3,10,argentina
Estudiantes,8,2,3,3,9,10,-1,9,argentina
Godoy Cruz,8,2,2,4,8,12,-4,8,argentina
Lanus,8,2,2,4,5,10,-5,8,argentina
Defensa y J.,8,2,1,5,10,13,-3,7,argentina
Rosario Central,8,1,3,4,5,8,-3,6,argentina
Banfield,8,1,3,4,5,9,-4,6,argentina
Boca Juniors,8,1,3,4,5,10,-5,6,argentina
Instituto,8,1,2,5,7,13,-6,5,argentina
D. Riestra,8,0,5,3,5,11,-6,5,argentina
A. Tucuman,8,1,2,5,3,10,-7,5,argentina
I. Rivadavia,8,1,2,5,6,14,-8,5,argentina
Union Santa Fe,8,1,2,5,7,16,-9,5,argentina
Sarmiento,8,0,3,5,4,11,-7,3,argentina
Newells,8,0,3,5,4,13,-9,3,argentina
Argentinos Jrs,8,0,1,7,2,11,-9,1,argentina
SM Tucuman,8,7,1,0,12,3,+9,22,argentina3
Quilmes,8,4,4,0,11,2,+9,16,argentina3
Nueva Chicago,8,4,2,2,11,6,+5,14,argentina3
D. Madryn,8,3,5,0,6,3,+3,14,argentina3
All Boys,8,4,2,2,9,7,+2,14,argentina3
Atletico Mitre,8,2,6,0,7,5,+2,12,argentina3
G. Mendoza,8,3,3,2,5,3,+2,12,argentina3
SM San Juan,8,3,3,2,6,5,+1,12,argentina3
Tristan Suarez,8,3,2,3,11,10,+1,11,argentina3
Almagro,8,3,2,3,11,11,0,11,argentina3
Gimnasia y Tiro,8,3,2,3,7,7,0,11,argentina3
Temperley,8,2,4,2,4,5,-1,10,argentina3
Almirante Brown,8,3,1,4,7,13,-6,10,argentina3
Aldosivi,8,2,3,3,8,9,-1,9,argentina3
Ferro Carril,8,2,3,3,6,8,-2,9,argentina3
D. de Belgrano,8,2,3,3,3,5,-2,9,argentina3
Gimnasia Jujuy,8,2,3,3,3,5,-2,9,argentina3
San Telmo,8,2,2,4,5,7,-2,8,argentina3
Atlanta,8,2,2,4,5,8,-3,8,argentina3
Alvarado,8,2,1,5,8,10,-2,7,argentina3
A. Rafaela,8,1,4,3,6,8,-2,7,argentina3
Deportivo Moron,8,1,4,3,4,8,-4,7,argentina3
Chaco For Ever,8,1,4,3,1,5,-4,7,argentina3
E. Rio Cuarto,8,1,4,3,2,7,-5,7,argentina3
Racing Cordoba,8,2,1,5,5,11,-6,7,argentina3
Brown de A.,8,2,1,5,5,12,-7,7,argentina3
Patronato,8,2,0,6,9,13,-4,6,argentina3
CA Estudiantes,8,1,3,4,5,12,-7,6,argentina3
Colon Santa Fe,8,1,2,5,2,5,-3,5,argentina3
Pyunik,8,6,0,2,18,7,+11,18,armenia
Ararat-Armenia,8,5,2,1,17,8,+9,17,armenia
Noah,8,5,1,2,20,7,+13,16,armenia
Shirak,8,5,1,2,11,10,+1,16,armenia
Urartu,8,4,1,3,15,9,+6,13,armenia
Van,8,4,1,3,10,10,0,13,armenia
BKMA,8,3,1,4,19,19,0,10,armenia
West Armenia,6,3,0,3,5,12,-7,9,armenia
Alashkert,8,2,1,5,4,12,-8,7,armenia
Ararat Yerevan,8,2,1,5,7,17,-10,7,armenia
Gandzasar,6,0,2,4,3,15,-12,2,armenia
Melbourne City,3,3,0,0,7,0,+7,9,australia
Melbourne V.,4,2,1,1,6,3,+3,7,australia
Wellington,2,2,0,0,5,0,+5,6,australia
Auckland,2,2,0,0,3,0,+3,6,australia
Adelaide Utd,2,2,0,0,7,5,+2,6,australia
Sydney FC,3,2,0,1,5,4,+1,6,australia
Western United,3,1,1,1,5,4,+1,4,australia
Central Coast,2,1,1,0,3,2,+1,4,australia
WS Wanderers,3,1,1,1,5,5,0,4,australia
Macarthur FC,2,1,0,1,3,3,0,3,australia
Newcastle Jets,3,1,0,2,3,7,-4,3,australia
Perth Glory,3,0,2,1,3,8,-5,2,australia
Brisbane Roar,3,0,1,2,4,8,-4,1,australia
Sturm Graz,7,4,2,1,11,7,+4,14,austria
LASK Linz,7,4,1,2,10,8,+2,13,austria
Wolfsberger AC,7,4,0,3,15,11,+4,12,austria
Salzburg,8,2,3,3,7,13,-6,9,austria
Austria Wien,7,2,2,3,5,7,-2,8,austria
Rapid Wien,7,1,5,1,5,7,-2,8,austria
A. Klagenfurt,7,2,1,4,5,19,-14,7,austria
Tirol,7,2,0,5,8,14,-6,6,austria
Grazer AK,8,1,3,4,10,17,-7,6,austria
Hartberg,6,1,2,3,7,10,-3,5,austria
BW Linz,7,1,2,4,8,15,-7,5,austria
Altach,7,1,1,5,5,11,-6,4,austria
Ried,8,6,1,1,13,4,+9,19,austria2
First Vienna,7,5,1,1,17,10,+7,16,austria2
Admira Wacker,7,5,1,1,10,5,+5,16,austria2
St. Polten,8,5,0,3,16,10,+6,15,austria2
Liefering,7,4,1,2,9,10,-1,13,austria2
Kapfenberger,7,4,1,2,8,10,-2,13,austria2
Sturm Graz B,8,3,3,2,17,13,+4,12,austria2
A. Lustenau,8,3,3,2,6,6,0,12,austria2
Amstetten,7,3,2,2,10,8,+2,11,austria2
Rapid Wien B,8,3,2,3,15,17,-2,11,austria2
Bregenz,7,2,4,1,8,8,0,10,austria2
Voitsberg,7,2,2,3,8,9,-1,8,austria2
Floridsdorfer,8,2,2,4,8,10,-2,8,austria2
SV Horn,7,2,0,5,5,17,-12,6,austria2
Stripfing,7,0,4,3,4,9,-5,4,austria2
Lafnitz,8,1,1,6,6,20,-14,4,austria2
Araz,7,6,1,0,9,2,+7,19,azerbaijan
Qarabag,6,5,1,0,16,2,+14,16,azerbaijan
Turan,8,3,4,1,13,8,+5,13,azerbaijan
Sabah,7,3,2,2,13,10,+3,11,azerbaijan
Zira,7,3,1,3,8,8,0,10,azerbaijan
Shamakhi,8,2,2,4,8,12,-4,8,azerbaijan
Neftci,7,0,4,3,5,12,-7,4,azerbaijan
Sumqayit,7,1,1,5,4,11,-7,4,azerbaijan
Kapaz,8,1,1,6,4,17,-13,4,azerbaijan
Sebail,8,0,0,8,6,17,-11,0,azerbaijan
Al-Najma,3,2,0,1,6,5,+1,6,bahrain
Al Shabbab,3,2,0,1,4,5,-1,6,bahrain
Malkiya,3,1,1,1,3,3,0,4,bahrain
Khalidiya,2,1,0,1,6,3,+3,3,bahrain
Sitra,1,1,0,0,2,0,+2,3,bahrain
Al Ahli M.,2,1,0,1,4,5,-1,3,bahrain
Bahrain SC,2,1,0,1,3,7,-4,3,bahrain
Al-Muharraq,2,0,2,0,1,1,0,2,bahrain
Al Riffa,2,0,1,1,0,1,-1,1,bahrain
AAli FC,3,0,1,2,3,7,-4,1,bahrain
East Riffa,2,0,0,2,2,4,-2,0,bahrain
Manama,2,0,0,2,1,6,-5,0,bahrain
Neman Grodno,8,5,3,0,15,3,+12,18,belarus
Dinamo Minsk,8,5,2,1,15,4,+11,17,belarus
T. Zhodino,8,4,2,2,10,5,+5,14,belarus
Slutsk,8,4,2,2,8,8,0,14,belarus
Vitebsk,8,4,1,3,12,9,+3,13,belarus
FC Minsk,8,3,3,2,8,7,+1,12,belarus
BATE Borisov,8,3,2,3,7,9,-2,11,belarus
Naftan,8,3,1,4,9,8,+1,10,belarus
Isloch,8,3,1,4,12,12,0,10,belarus
Dinamo Brest,8,3,0,5,15,14,+1,9,belarus
Gomel,8,2,3,3,7,10,-3,9,belarus
Slavia Mozyr,8,1,4,3,4,9,-5,7,belarus
Arsenal D.,8,1,3,4,7,9,-2,6,belarus
S. Soligorsk,8,1,3,4,3,9,-6,6,belarus
Dnepr Mogilev,8,0,3,5,8,20,-12,3,belarus
Smorgon,8,0,2,6,9,18,-9,2,belarus
Maxline,8,8,0,0,24,6,+18,24,belarus2
Dinamo Minsk B,8,5,1,2,17,6,+11,16,belarus2
Niva,8,5,1,2,11,5,+6,16,belarus2
Belshina,8,4,2,2,26,16,+10,14,belarus2
Molodechno,8,4,1,3,11,11,0,13,belarus2
ABFF U17,8,4,1,3,9,9,0,13,belarus2
Orsha,8,3,3,2,15,13,+2,12,belarus2
Volna Pinsk,8,4,0,4,13,13,0,12,belarus2
Lida,8,3,2,3,12,10,+2,11,belarus2
BATE B,8,3,1,4,9,17,-8,10,belarus2
Baranovichi,8,2,3,3,9,12,-3,9,belarus2
Ostrovets,8,3,0,5,11,16,-5,9,belarus2
S. Soligorsk B,8,2,1,5,5,14,-9,7,belarus2
Bumprom,8,0,4,4,1,9,-8,4,belarus2
Energetik-BGU,8,1,1,6,6,15,-9,4,belarus2
Lokomotiv Gomel,8,0,3,5,4,13,-9,3,belarus2
T. Zhodhino B,8,1,0,7,3,23,-20,3,belarus2
Slonim,8,1,0,7,3,25,-22,3,belarus2
Club Brugge,8,4,2,2,13,9,+4,14,belgium
KRC Genk,7,4,0,3,13,14,-1,12,belgium
Anderlecht,7,3,2,2,13,7,+6,11,belgium
Antwerp,7,3,2,2,7,7,0,11,belgium
Gent,8,2,3,3,7,12,-5,9,belgium
Dender,8,2,3,3,9,16,-7,9,belgium
KV Mechelen,8,2,2,4,10,12,-2,8,belgium
Westerlo,7,2,1,4,9,13,-4,7,belgium
OH Leuven,8,1,4,3,6,13,-7,7,belgium
Royale Union SG,8,0,6,2,6,9,-3,6,belgium
Sint-Truiden,8,1,2,5,9,21,-12,5,belgium
Charleroi,8,1,1,6,7,15,-8,4,belgium
Cercle Brugge,7,1,1,5,4,14,-10,4,belgium
Standard Liege,7,1,1,5,2,14,-12,4,belgium
Kortrijk,8,1,1,6,4,21,-17,4,belgium
Beerschot,8,0,1,7,4,22,-18,1,belgium
Bolivar,4,2,0,2,6,5,+1,6,bolivia
Royal Pari,4,2,0,2,5,6,-1,6,bolivia
Blooming,4,1,2,1,7,8,-1,5,bolivia
SA Bulo Bulo,4,1,1,2,5,5,0,4,bolivia
Gualberto V. SJ,4,1,1,2,6,8,-2,4,bolivia
Nacional Potosi,4,1,1,2,4,7,-3,4,bolivia
Real Tomayapo,4,1,1,2,4,7,-3,4,bolivia
The Strongest,4,1,1,2,8,13,-5,4,bolivia
I. Petrolero,4,1,0,3,4,7,-3,3,bolivia
Oriente P.,4,1,0,3,6,10,-4,3,bolivia
Santa Cruz,4,1,0,3,4,8,-4,3,bolivia
Aurora,4,0,2,2,1,3,-2,2,bolivia
U. de Vinto,4,0,2,2,2,5,-3,2,bolivia
Wilstermann,4,0,1,3,4,7,-3,1,bolivia
Guabira,4,0,1,3,3,6,-3,1,bolivia
Always Ready,4,0,1,3,3,7,-4,1,bolivia
Bolivar,8,5,2,1,18,9,+9,17,bolivia2
The Strongest,8,3,2,3,10,8,+2,11,bolivia2
Aurora,8,2,5,1,13,15,-2,11,bolivia2
I. Petrolero,8,3,2,3,9,11,-2,11,bolivia2
Oriente P.,8,3,1,4,9,15,-6,10,bolivia2
SA Bulo Bulo,8,2,3,3,8,8,0,9,bolivia2
U. de Vinto,8,2,3,3,9,11,-2,9,bolivia2
Wilstermann,8,2,3,3,6,8,-2,9,bolivia2
Nacional Potosi,8,2,3,3,16,20,-4,9,bolivia2
Always Ready,8,2,2,4,9,12,-3,8,bolivia2
Gualberto V. SJ,8,2,2,4,10,15,-5,8,bolivia2
Blooming,8,2,2,4,8,17,-9,8,bolivia2
Santa Cruz,8,2,0,6,8,22,-14,6,bolivia2
Real Tomayapo,8,1,1,6,7,16,-9,4,bolivia2
Royal Pari,8,0,2,6,6,22,-16,2,bolivia2
Guabira,8,0,1,7,5,22,-17,1,bolivia2
Botafogo,8,5,2,1,12,5,+7,17,brazil
Palmeiras,8,5,2,1,12,7,+5,17,brazil
Internacional,8,4,3,1,14,8,+6,15,brazil
Flamengo,8,3,2,3,10,11,-1,11,brazil
Vitoria,8,3,2,3,10,11,-1,11,brazil
Corinthians,8,3,1,4,10,11,-1,10,brazil
Fortaleza,8,2,3,3,12,13,-1,9,brazil
Juventude,8,2,3,3,11,13,-2,9,brazil
Fluminense,8,3,0,5,7,9,-2,9,brazil
Sao Paulo,8,2,2,4,7,9,-2,8,brazil
Gremio,8,1,4,3,7,9,-2,7,brazil
Bahia,8,2,1,5,10,14,-4,7,brazil
Atletico MG,8,1,3,4,7,12,-5,6,brazil
Vasco da Gama,8,1,3,4,6,16,-10,6,brazil
Cruzeiro,8,1,2,5,6,11,-5,5,brazil
Criciuma,8,1,2,5,5,14,-9,5,brazil
Cuiaba,8,0,4,4,1,11,-10,4,brazil
Athletico PR,8,0,3,5,7,14,-7,3,brazil
Bragantino,8,0,3,5,4,13,-9,3,brazil
Atletico GO,8,0,1,7,4,18,-14,1,brazil
Sport Recife,8,4,2,2,13,6,+7,14,brazil2
Santos,8,4,1,3,11,9,+2,13,brazil2
Goias,8,3,3,2,12,5,+7,12,brazil2
Botafogo SP,8,3,2,3,8,9,-1,11,brazil2
CRB,8,3,1,4,8,9,-1,10,brazil2
Ituano,8,3,0,5,13,14,-1,9,brazil2
Mirassol,8,2,3,3,7,8,-1,9,brazil2
Novorizontino,8,2,2,4,7,7,0,8,brazil2
Ceara,8,2,2,4,10,11,-1,8,brazil2
Chapecoense,8,2,2,4,8,10,-2,8,brazil2
Operario PR,8,2,2,4,6,10,-4,8,brazil2
Avai,8,2,1,5,7,11,-4,7,brazil2
Coritiba,8,2,0,6,10,14,-4,6,brazil2
Paysandu,8,1,3,4,8,12,-4,6,brazil2
Amazonas,8,1,2,5,2,8,-6,5,brazil2
America MG,8,1,1,6,6,10,-4,4,brazil2
Ponte Preta,8,1,1,6,7,14,-7,4,brazil2
Guarani,8,1,0,7,5,14,-9,3,brazil2
Vila Nova,8,1,0,7,3,18,-15,3,brazil2
Brusque,8,0,2,6,1,12,-11,2,brazil2
Ludogorets,7,6,1,0,14,3,+11,19,bulgaria
Botev Plovdiv,8,6,0,2,8,3,+5,18,bulgaria
Cherno More,8,5,1,2,11,4,+7,16,bulgaria
Spartak Varna,8,4,2,2,9,9,0,14,bulgaria
Levski Sofia,8,4,1,3,10,6,+4,13,bulgaria
CSKA 1948 Sofia,8,2,5,1,9,7,+2,11,bulgaria
CSKA Sofia,8,3,2,3,10,9,+1,11,bulgaria
Beroe,8,3,2,3,9,9,0,11,bulgaria
L. Krumovgrad,8,2,3,3,5,9,-4,9,bulgaria
Septemvri Sofia,8,3,0,5,7,13,-6,9,bulgaria
Lok. Plovdiv,8,2,2,4,10,12,-2,8,bulgaria
Arda,8,2,2,4,8,12,-4,8,bulgaria
Lokomotiv Sofia,8,1,2,5,6,13,-7,5,bulgaria
Slavia Sofia,8,1,1,6,6,12,-6,4,bulgaria
Botev Vratsa,8,1,1,6,4,17,-13,4,bulgaria
Hebar,8,0,2,6,5,17,-12,2,bulgaria
Cavalry,8,7,0,1,15,6,+9,21,canada
Forge,8,3,2,3,8,9,-1,11,canada
York Utd,8,3,2,3,8,9,-1,11,canada
A. Ottawa,8,2,3,3,10,12,-2,9,canada
Valour,8,1,5,2,12,12,0,8,canada
Vancouver FC,8,1,4,3,8,12,-4,7,canada
Pacific,8,1,2,5,6,11,-5,5,canada
HFX Wanderers,8,0,2,6,6,17,-11,2,canada
Colo-Colo,8,6,2,0,12,4,+8,20,chile
U. de Chile,8,5,1,2,16,10,+6,16,chile
Nublense,8,4,1,3,8,6,+2,13,chile
Everton,8,3,3,2,16,12,+4,12,chile
Union Espanola,8,3,2,3,10,10,0,11,chile
Union La Calera,8,2,3,3,4,7,-3,9,chile
U. Catolica,8,2,2,4,8,11,-3,8,chile
Audax Italiano,8,2,1,5,7,11,-4,7,chile
OHiggins,8,2,1,5,8,14,-6,7,chile
Coquimbo Unido,8,2,1,5,7,14,-7,7,chile
Palestino,8,1,3,4,9,13,-4,6,chile
Huachipato,8,2,0,6,8,15,-7,6,chile
D. Iquique,8,1,2,5,9,17,-8,5,chile
Copiapo,8,1,1,6,8,20,-12,4,chile
Cobreloa,8,1,1,6,7,19,-12,4,chile
Cobresal,8,0,2,6,3,15,-12,2,chile
La Serena,8,4,4,0,10,4,+6,16,chile2
Barnechea,8,4,2,2,16,11,+5,14,chile2
Magallanes,8,4,2,2,11,8,+3,14,chile2
S. Morning,8,3,3,2,9,8,+1,12,chile2
Rangers,8,3,3,2,9,10,-1,12,chile2
Curico Unido,8,3,2,3,8,8,0,11,chile2
U. San Felipe,8,3,2,3,7,12,-5,11,chile2
Antofagasta,8,2,4,2,12,10,+2,10,chile2
San Marcos,8,2,4,2,5,5,0,10,chile2
S. Wanderers,8,2,3,3,9,11,-2,9,chile2
U. Concepcion,8,2,3,3,7,10,-3,9,chile2
Recoleta,8,2,2,4,9,9,0,8,chile2
Deportes Temuco,8,2,1,5,8,13,-5,7,chile2
D. Limache,8,2,1,5,6,14,-8,7,chile2
San Luis,8,1,3,4,6,15,-9,6,chile2
CD Santa Cruz,8,1,2,5,9,16,-7,5,chile2
S. Shenhua,8,7,0,1,17,6,+11,21,china
Shanghai Port,8,6,0,2,13,10,+3,18,china
Chengdu,8,4,2,2,14,9,+5,14,china
Henan SL,8,2,3,3,8,6,+2,9,china
Beijing Guoan,8,2,3,3,13,15,-2,9,china
Wuhan Three T.,8,2,3,3,5,7,-2,9,china
Qingdao West C.,8,3,0,5,10,13,-3,9,china
Shandong T.,8,2,2,4,12,18,-6,8,china
Zhejiang,8,1,2,5,12,18,-6,5,china
Cangzhou,8,1,2,5,7,16,-9,5,china
Sichuan Jiuniu,8,1,2,5,7,16,-9,5,china
Nantong Zhiyun,8,1,1,6,10,26,-16,4,china
Qingdao Hainiu,8,1,1,6,6,24,-18,4,china
Meizhou Hakka,8,0,2,6,9,24,-15,2,china
Changchun Yatai,8,0,2,6,8,24,-16,2,china
Tianjin T.,8,0,1,7,7,22,-15,1,china
Liaoning Tieren,8,5,2,1,12,10,+2,17,china2
Guangzhou FC,8,4,2,2,14,7,+7,14,china2
Yunnan Yukun,8,4,1,3,17,9,+8,13,china2
S. Gongfu,8,2,5,1,6,5,+1,11,china2
Wuxi Wugou,8,3,2,3,9,11,-2,11,china2
Yanbian Longdin,8,3,1,4,8,11,-3,10,china2
Dalian Yingbo,8,3,1,4,9,13,-4,10,china2
Heilongjiang IC,8,2,3,3,3,9,-6,9,china2
Guangxi Baoyun,8,1,5,2,6,9,-3,8,china2
Foshan Nanshi,8,2,2,4,5,13,-8,8,china2
Suzhou Dongwu,8,1,4,3,9,11,-2,7,china2
Shanghai Jiadin,8,0,6,2,6,9,-3,6,china2
Chongqing T.,8,1,2,5,2,8,-6,5,china2
Jiangxi Lushan,8,1,2,5,7,18,-11,5,china2
Qingdao RL,8,0,3,5,6,18,-12,3,china2
Nanjing City,8,0,1,7,5,16,-11,1,china2
A. Bucaramanga,8,5,2,1,13,5,+8,17,colombia2
Santa Fe,8,4,4,0,11,5,+6,16,colombia2
Millonarios,8,4,2,2,13,7,+6,14,colombia2
A. Nacional,8,4,1,3,8,7,+1,13,colombia2
Deportes Tolima,8,4,0,4,7,5,+2,12,colombia2
America de Cali,8,3,2,3,11,12,-1,11,colombia2
Junior,8,2,4,2,5,3,+2,10,colombia2
I. Medelin,8,2,4,2,10,9,+1,10,colombia2
Fortaleza CEIF,8,2,3,3,9,9,0,9,colombia2
Deportivo Pasto,8,2,3,3,6,6,0,9,colombia2
R. Aguilas,8,2,3,3,7,13,-6,9,colombia2
Once Caldas,8,2,2,4,6,11,-5,8,colombia2
D. Pereira,8,1,4,3,6,9,-3,7,colombia2
Deportivo Cali,8,1,4,3,7,13,-6,7,colombia2
La Equidad,8,1,3,4,7,13,-6,6,colombia2
Patriotas,8,1,1,6,8,18,-10,4,colombia2
Jaguares de C.,8,1,1,6,4,15,-11,4,colombia2
Boyaca Chico,8,1,0,7,5,20,-15,3,colombia2
A. Petrolera,8,0,2,6,4,13,-9,2,colombia2
Envigado,8,0,1,7,2,15,-13,1,colombia2
San Carlos,8,5,1,2,22,17,+5,16,costarica
Saprissa,8,4,2,2,10,7,+3,14,costarica
Alajuelense,8,3,3,2,10,9,+1,12,costarica
Herediano,8,3,2,3,11,11,0,11,costarica
M. Liberia,8,2,1,5,10,14,-4,7,costarica
Zeledon,8,1,4,3,6,11,-5,7,costarica
Santa Ana,8,2,0,6,8,15,-7,6,costarica
Guanacasteca,8,1,3,4,6,15,-9,6,costarica
Cartagines,8,1,1,6,6,12,-6,4,costarica
Santos Guapiles,8,0,4,4,9,17,-8,4,costarica
Puntarenas,8,1,1,6,8,17,-9,4,costarica
Sporting SJ,8,0,1,7,3,12,-9,1,costarica
Slavia Prague,7,5,2,0,14,2,+12,17,czechrepublic
Sparta Prague,8,4,2,2,12,8,+4,14,czechrepublic
Viktoria Plzen,8,4,2,2,11,7,+4,14,czechrepublic
Banik Ostrava,8,3,3,2,12,11,+1,12,czechrepublic
Bohemians,8,3,3,2,9,8,+1,12,czechrepublic
Jablonec,8,3,2,3,9,5,+4,11,czechrepublic
Slovan Liberec,7,3,1,3,13,9,+4,10,czechrepublic
Mlada Boleslav,8,2,3,3,10,12,-2,9,czechrepublic
Sigma Olomouc,8,2,2,4,9,11,-2,8,czechrepublic
Slovacko,8,2,2,4,9,17,-8,8,czechrepublic
Teplice,7,2,1,4,6,9,-3,7,czechrepublic
Karvina,7,2,1,4,8,16,-8,7,czechrepublic
Hradec Kralove,7,1,2,4,3,6,-3,5,czechrepublic
Pardubice,8,1,2,5,6,13,-7,5,czechrepublic
Dukla Praha,8,0,2,6,3,18,-15,2,czechrepublic
C. Budejovice,6,0,0,6,4,22,-18,0,czechrepublic
Randers FC,8,3,4,1,15,10,+5,13,denmark
FC Kobenhavn,8,3,3,2,12,9,+3,12,denmark
Brondby IF,8,3,2,3,18,14,+4,11,denmark
Silkeborg,8,2,4,2,12,10,+2,10,denmark
FC Midtjylland,8,2,3,3,12,13,-1,9,denmark
AGF Aarhus,7,2,2,3,8,7,+1,8,denmark
Viborg,8,1,4,3,12,11,+1,7,denmark
Nordsjaelland,7,2,1,4,11,17,-6,7,denmark
Aalborg BK,8,1,3,4,8,13,-5,6,denmark
SonderjyskE,8,1,1,6,7,19,-12,4,denmark
Lyngby,8,0,3,5,6,12,-6,3,denmark
Vejle BK,8,0,1,7,7,20,-13,1,denmark
Odense BK,8,6,2,0,24,7,+17,20,denmark2
Fredericia,8,6,0,2,21,8,+13,18,denmark2
Esbjerg,8,5,0,3,19,15,+4,15,denmark2
Kolding IF,8,4,1,3,7,4,+3,13,denmark2
AC Horsens,8,4,1,3,13,12,+1,13,denmark2
B 93,8,4,0,4,12,16,-4,12,denmark2
Hobro,8,3,1,4,11,12,-1,10,denmark2
HB Koge,8,2,3,3,11,12,-1,9,denmark2
Vendsyssel,8,2,3,3,9,12,-3,9,denmark2
Hillerod,8,1,4,3,9,10,-1,7,denmark2
Hvidovre,8,2,1,5,4,9,-5,7,denmark2
Roskilde,8,1,1,6,6,16,-10,4,denmark2
I. del Valle,7,4,3,0,8,4,+4,15,ecuador
Barcelona SC,8,4,2,2,11,7,+4,14,ecuador
LDU Quito,8,4,2,2,12,10,+2,14,ecuador
Aucas,7,3,3,1,11,8,+3,12,ecuador
Emelec,7,3,3,1,10,9,+1,12,ecuador
El Nacional,8,4,0,4,9,10,-1,12,ecuador
Macara,8,2,3,3,6,9,-3,9,ecuador
U. Catolica,7,2,2,3,10,10,0,8,ecuador
Orense,8,1,3,4,3,10,-7,6,ecuador
Imbabura,8,1,2,5,7,21,-14,5,ecuador
D. Cuenca,7,0,3,4,6,13,-7,3,ecuador
Mushuc Runa,7,0,3,4,4,12,-8,3,ecuador
Tecnico U.,7,1,0,6,5,14,-9,3,ecuador
Libertad,8,0,3,5,4,15,-11,3,ecuador
Cumbaya,8,0,1,7,2,14,-12,1,ecuador
Delfin,7,0,1,6,1,14,-13,1,ecuador
Guayaquil City,8,3,3,2,7,6,+1,12,ecuador3
Manta,8,3,3,2,7,8,-1,12,ecuador3
San Antonio,8,2,5,1,4,3,+1,11,ecuador3
I. Juniors,8,2,4,2,9,8,+1,10,ecuador3
Cuniburo,8,2,3,3,17,12,+5,9,ecuador3
Leones Norte,8,2,2,4,5,7,-2,8,ecuador3
Gualaceo,8,2,1,5,5,12,-7,7,ecuador3
Nueve Octubre,8,1,2,5,6,12,-6,5,ecuador3
Vargas Torres,8,0,3,5,3,16,-13,3,ecuador3
Chacaritas,8,0,2,6,5,18,-13,2,ecuador3
Al Masry,2,2,0,0,3,0,+3,6,egypt
El Geish,2,2,0,0,4,2,+2,6,egypt
Smouha,2,1,1,0,3,1,+2,4,egypt
Al Ittihad,2,1,1,0,2,1,+1,4,egypt
Ghazl El M.,2,1,1,0,1,0,+1,4,egypt
Zamalek,1,1,0,0,2,0,+2,3,egypt
Pyramids FC,1,1,0,0,2,1,+1,3,egypt
Al Ahly,1,1,0,0,1,0,+1,3,egypt
ZED FC,2,0,2,0,0,0,0,2,egypt
El Gouna,1,0,1,0,0,0,0,1,egypt
Pharco,1,0,1,0,0,0,0,1,egypt
ENPPI,2,0,1,1,3,4,-1,1,egypt
Petrojet,2,0,1,1,1,2,-1,1,egypt
Ceramica C.,2,0,1,1,2,5,-3,1,egypt
Modern Sport,2,0,1,1,2,5,-3,1,egypt
Ismaily,1,0,0,1,0,1,-1,0,egypt
National Bank,2,0,0,2,3,6,-3,0,egypt
Haras El Hodood,2,0,0,2,0,3,-3,0,egypt
Liverpool,6,5,1,0,13,5,+8,16,england
Chelsea,6,4,1,1,14,6,+8,13,england
Arsenal,7,3,2,2,11,8,+3,11,england
Nottm Forest,6,3,2,1,8,7,+1,11,england
Manchester City,6,3,1,2,10,7,+3,10,england
Brighton,6,3,1,2,10,8,+2,10,england
Aston Villa,6,3,1,2,10,11,-1,10,england
Newcastle Utd,7,2,3,2,9,9,0,9,england
Fulham,6,2,2,2,7,6,+1,8,england
Bournemouth,7,2,2,3,11,13,-2,8,england
West Ham Utd,6,2,2,2,7,9,-2,8,england
Tottenham,6,2,1,3,11,7,+4,7,england
Manchester Utd,6,1,3,2,6,5,+1,6,england
Wolverhampton,6,1,2,3,11,14,-3,5,england
Everton,6,1,2,3,5,9,-4,5,england
Ipswich Town,7,1,2,4,8,15,-7,5,england
Leicester City,7,1,2,4,10,18,-8,5,england
Crystal Palace,6,0,3,3,7,10,-3,3,england
Brentford,6,0,1,5,4,11,-7,1,england
Southampton,7,0,1,6,4,14,-10,1,england
Burnley,8,4,3,1,7,2,+5,15,england2
Middlesbrough,8,4,1,3,17,10,+7,13,england2
Leeds Utd,8,3,3,2,11,8,+3,12,england2
Sheffield Utd,8,3,3,2,9,7,+2,12,england2
West Brom,8,2,5,1,10,7,+3,11,england2
Bristol City,8,3,2,3,10,11,-1,11,england2
Swansea City,8,3,1,4,6,7,-1,10,england2
Sheffield Wed,8,3,1,4,7,12,-5,10,england2
Sunderland,8,2,3,3,7,8,-1,9,england2
Norwich City,8,2,3,3,10,12,-2,9,england2
Blackburn,8,2,3,3,8,10,-2,9,england2
QP Rangers,8,2,3,3,5,8,-3,9,england2
Millwall,8,1,5,2,7,8,-1,8,england2
Stoke City,8,2,2,4,4,9,-5,8,england2
Coventry City,8,1,4,3,8,11,-3,7,england2
Hull City,8,2,1,5,8,14,-6,7,england2
Derby County,8,1,3,4,7,11,-4,6,england2
Portsmouth,8,1,3,4,9,17,-8,6,england2
Cardiff City,8,0,5,3,6,11,-5,5,england2
Watford,8,1,1,6,10,18,-8,4,england2
Preston,8,0,4,4,7,16,-9,4,england2
Luton Town,8,1,0,7,7,21,-14,3,england2
Oxford Utd,8,0,2,6,7,16,-9,2,england2
Plymouth,8,0,1,7,2,22,-20,1,england2
Wycombe,8,6,2,0,20,10,+10,20,england3
Birmingham City,8,5,1,2,15,9,+6,16,england3
Barnsley,8,5,1,2,12,9,+3,16,england3
Stockport,8,3,4,1,13,6,+7,13,england3
Bolton,8,4,1,3,13,14,-1,13,england3
Mansfield,7,4,0,3,9,8,+1,12,england3
Huddersfield,8,3,2,3,12,7,+5,11,england3
Lincoln City,8,2,4,2,6,7,-1,10,england3
Exeter City,8,3,1,4,7,9,-2,10,england3
Blackpool,8,3,1,4,12,17,-5,10,england3
Wigan Athletic,8,2,3,3,8,8,0,9,england3
Wrexham,8,2,3,3,6,7,-1,9,england3
Reading,8,2,2,4,11,19,-8,8,england3
Peterborough,7,2,1,4,11,14,-3,7,england3
Northampton,8,1,4,3,10,13,-3,7,england3
Bristol Rovers,8,2,1,5,8,12,-4,7,england3
Charlton,8,2,1,5,7,11,-4,7,england3
Leyton Orient,8,2,1,5,6,11,-5,7,england3
Rotherham,8,1,3,4,6,11,-5,6,england3
Stevenage,7,1,2,4,3,8,-5,5,england3
Crawley Town,8,1,2,5,3,11,-8,5,england3
Shrewsbury,8,1,1,6,8,15,-7,4,england3
Cambridge Utd,8,1,1,6,5,15,-10,4,england3
Burton Albion,7,0,3,4,7,14,-7,3,england3
Port Vale,8,5,1,2,10,8,+2,16,england4
Grimsby,8,5,1,2,10,9,+1,16,england4
Walsall,8,4,2,2,13,5,+8,14,england4
Doncaster,8,4,2,2,12,10,+2,14,england4
Chesterfield,8,4,1,3,19,8,+11,13,england4
Notts County,8,3,4,1,13,10,+3,13,england4
Crewe Alexandra,8,3,4,1,9,7,+2,13,england4
Fleetwood,7,3,2,2,14,10,+4,11,england4
Milton Keynes,7,3,1,3,12,10,+2,10,england4
AFC Wimbledon,8,3,1,4,8,8,0,10,england4
Bromley,8,2,4,2,8,8,0,10,england4
Morecambe,8,3,1,4,9,12,-3,10,england4
Salford City,8,1,6,1,8,9,-1,9,england4
Colchester Utd,8,1,6,1,8,11,-3,9,england4
Harrogate,8,2,3,3,7,10,-3,9,england4
Gillingham,7,2,2,3,4,6,-2,8,england4
Carlisle Utd,8,2,2,4,6,13,-7,8,england4
Tranmere,8,2,2,4,6,13,-7,8,england4
Cheltenham,8,2,1,5,11,14,-3,7,england4
Swindon Town,8,1,4,3,10,13,-3,7,england4
Barrow,8,2,1,5,4,8,-4,7,england4
Accrington,8,2,1,5,11,16,-5,7,england4
Newport,8,2,1,5,5,12,-7,7,england4
Bradford,8,1,3,4,8,10,-2,6,england4
Forest Green,8,5,2,1,15,7,+8,17,england5
Solihull Moors,8,5,1,2,14,6,+8,16,england5
York City,8,4,2,2,10,7,+3,14,england5
Yeovil Town,8,4,2,2,10,8,+2,14,england5
Halifax Town,8,4,2,2,6,4,+2,14,england5
Oldham,8,3,4,1,13,11,+2,13,england5
Rochdale,8,4,1,3,12,10,+2,13,england5
Barnet,8,4,1,3,14,13,+1,13,england5
Sutton Utd,8,4,1,3,12,12,0,13,england5
Southend Utd,8,3,3,2,9,7,+2,12,england5
Gateshead FC,8,3,2,3,15,17,-2,11,england5
Maidenhead Utd,8,3,0,5,12,18,-6,9,england5
Altrincham,8,2,2,4,13,12,+1,8,england5
Wealdstone,8,1,5,2,10,10,0,8,england5
Hartlepool,8,2,2,4,13,16,-3,8,england5
Tamworth,8,2,1,5,6,19,-13,7,england5
Dagenham & R.,8,1,3,4,7,10,-3,6,england5
Eastleigh,8,1,3,4,6,11,-5,6,england5
Boston Utd,8,1,3,4,7,13,-6,6,england5
Aldershot Town,8,0,4,4,10,17,-7,4,england5
Braintree Town,8,1,1,6,8,15,-7,4,england5
Woking,8,0,3,5,6,14,-8,3,england5
AFC Fylde,8,1,0,7,2,18,-16,3,england5
Ebbsfleet Utd,8,0,2,6,7,20,-13,2,england5
Paide,8,7,0,1,21,6,+15,21,estonia
Levadia,8,6,0,2,16,6,+10,18,estonia
Nomme Kalju,8,5,1,2,18,10,+8,16,estonia
Narva Trans,8,4,3,1,15,10,+5,15,estonia
Flora,8,3,1,4,13,15,-2,10,estonia
Tammeka,8,3,1,4,9,14,-5,10,estonia
Vaprus,8,2,1,5,6,11,-5,7,estonia
Kuressaare,8,2,1,5,13,19,-6,7,estonia
Nomme Utd,8,0,2,6,6,20,-14,2,estonia
Tallinna Kalev,8,0,2,6,7,23,-16,2,estonia
Harju JK,8,6,0,2,28,11,+17,18,estonia2
Viimsi,8,5,1,2,14,11,+3,16,estonia2
Flora B,8,4,2,2,22,17,+5,14,estonia2
Tartu Welco,8,4,2,2,13,8,+5,14,estonia2
Elva,8,3,2,3,12,11,+1,11,estonia2
FC Tallinn,8,3,2,3,9,11,-2,11,estonia2
Tallinna K. B,8,3,2,3,18,21,-3,11,estonia2
Paide B,8,2,1,5,9,20,-11,7,estonia2
Levadia B,8,1,0,7,7,23,-16,3,estonia2
Tabasalu,8,0,1,7,9,27,-18,1,estonia2
Vikingur,8,7,1,0,24,4,+20,22,faroeislands
Klaksvik,8,7,0,1,17,7,+10,21,faroeislands
B36 Torshavn,8,4,2,2,20,12,+8,14,faroeislands
B68 Toftir,8,2,2,4,9,12,-3,8,faroeislands
NSI Runavik,8,2,2,4,11,16,-5,8,faroeislands
HB Torshavn,8,2,1,5,13,12,+1,7,faroeislands
Streymur,8,2,0,6,6,16,-10,6,faroeislands
07 Vestur,8,1,1,6,8,25,-17,4,faroeislands
IF Fuglafjordur,8,0,1,7,8,24,-16,1,faroeislands
Skala,8,0,1,7,2,20,-18,1,faroeislands
Vikingur B,8,5,3,0,22,7,+15,18,faroeislands2
TB Tvoroyri,8,3,5,0,9,5,+4,14,faroeislands2
B71 Sandur,8,3,3,2,11,9,+2,12,faroeislands2
Suduroy,8,2,5,1,17,13,+4,11,faroeislands2
AB Argir,8,3,2,3,11,14,-3,11,faroeislands2
B36 Torshavn B,8,3,1,4,16,15,+1,10,faroeislands2
Hoyvik,8,2,4,2,9,10,-1,10,faroeislands2
Klaksvik B,8,3,0,5,10,18,-8,9,faroeislands2
NSI Runavik B,8,2,1,5,10,19,-9,7,faroeislands2
HB T. B,8,1,1,6,6,26,-20,4,faroeislands2
Ilves,8,4,2,2,12,8,+4,14,finland
Inter Turku,8,4,1,3,12,4,+8,13,finland
HJK Helsinki,8,4,1,3,14,9,+5,13,finland
KuPS,8,4,1,3,11,10,+1,13,finland
Haka,8,4,0,4,11,11,0,12,finland
SJK,8,3,2,3,13,13,0,11,finland
Gnistan,8,2,2,4,12,16,-4,8,finland
Ekenas IF,8,2,2,4,6,18,-12,8,finland
VPS,8,2,1,5,12,18,-6,7,finland
Oulu,8,1,2,5,6,15,-9,5,finland
Lahti,8,0,4,4,9,18,-9,4,finland
Mariehamn,8,1,0,7,6,17,-11,3,finland
KTP,8,5,1,2,24,12,+12,16,finland2
JIPPO,8,5,0,3,15,8,+7,15,finland2
Jaro,8,4,1,3,13,13,0,13,finland2
JaPS,8,4,1,3,15,19,-4,13,finland2
SalPa,8,4,0,4,8,16,-8,12,finland2
TPS,8,2,5,1,7,5,+2,11,finland2
PK-35,8,2,3,3,8,11,-3,9,finland2
Mikkelin,8,2,2,4,11,16,-5,8,finland2
KaPa,8,2,1,5,19,26,-7,7,finland2
SJK Akatemia,8,1,3,4,10,15,-5,6,finland2
Marseille,7,6,0,1,21,7,+14,18,france
Paris SG,6,4,2,0,16,6,+10,14,france
Monaco,5,4,0,1,11,4,+7,12,france
Lens,7,3,3,1,9,5,+4,12,france
Lille,6,3,2,1,9,3,+6,11,france
Reims,6,3,1,2,11,7,+4,10,france
Lyon,6,2,3,1,8,6,+2,9,france
Nice,6,2,2,2,7,6,+1,8,france
Toulouse,6,2,1,3,7,8,-1,7,france
Angers,6,1,3,2,4,6,-2,6,france
Nantes,7,1,3,3,8,11,-3,6,france
Le Havre,6,2,0,4,5,8,-3,6,france
Auxerre,6,1,1,4,9,14,-5,4,france
Brest,6,1,0,5,6,15,-9,3,france
Strasbourg,7,0,2,5,11,19,-8,2,france
Rennes,6,0,1,5,4,14,-10,1,france
Saint-Etienne,7,0,1,6,4,25,-21,1,france
Montpellier,6,0,0,6,3,17,-14,0,france
Paris FC,7,4,2,1,10,3,+7,14,france2
Laval,8,3,2,3,11,7,+4,11,france2
Metz,7,3,1,3,8,8,0,10,france2
Rodez Aveyron,8,2,3,3,14,12,+2,9,france2
Lorient,8,2,3,3,8,9,-1,9,france2
Annecy,8,1,5,2,10,14,-4,8,france2
Martigues,6,2,2,2,7,13,-6,8,france2
USL Dunkerque,6,2,1,3,9,11,-2,7,france2
Troyes,7,2,1,4,6,9,-3,7,france2
Clermont,6,2,1,3,3,7,-4,7,france2
Red Star,8,2,1,5,8,16,-8,7,france2
SC Bastia,6,1,3,2,6,8,-2,6,france2
Guingamp,6,2,0,4,5,11,-6,6,france2
Pau FC,7,1,2,4,7,14,-7,5,france2
Caen,6,1,1,4,7,10,-3,4,france2
Grenoble,7,1,1,5,6,11,-5,4,france2
Amiens,7,1,0,6,6,15,-9,3,france2
AC Ajaccio,7,0,1,6,2,11,-9,1,france2
Nancy,7,4,3,0,13,5,+8,15,france3
Orleans,7,4,2,1,10,6,+4,14,france3
Le Mans,7,4,0,3,10,9,+1,12,france3
Bourg-en-Bresse,7,3,1,3,5,6,-1,10,france3
Paris 13 A.,6,2,2,2,7,7,0,8,france3
Dijon,6,2,2,2,5,6,-1,8,france3
Sochaux,5,1,4,0,4,3,+1,7,france3
Quevilly Rouen,6,2,1,3,7,9,-2,7,france3
Concarneau,6,2,1,3,9,12,-3,7,france3
Boulogne,6,2,1,3,4,9,-5,7,france3
Versailles,6,1,3,2,7,8,-1,6,france3
Rouen,6,1,2,3,6,8,-2,5,france3
Villefranche,6,0,4,2,5,8,-3,4,france3
Aubagne,6,1,1,4,2,5,-3,4,france3
Valenciennes,6,0,3,3,3,10,-7,3,france3
Nimes,5,0,2,3,1,5,-4,2,france3
Chateauroux,6,0,1,5,4,14,-10,1,france3
Iberia,8,7,0,1,20,9,+11,21,georgia
Dila Gori,8,4,2,2,17,8,+9,14,georgia
Torpedo Kutaisi,8,3,2,3,11,12,-1,11,georgia
Dinamo Batumi,8,3,2,3,10,12,-2,11,georgia
Samgurali,8,2,4,2,8,7,+1,10,georgia
Dinamo Tbilisi,8,2,3,3,5,9,-4,9,georgia
Samtredia,8,1,2,5,8,13,-5,5,georgia
Gagra,8,1,2,5,7,14,-7,5,georgia
Kolkheti Poti,8,1,2,5,7,16,-9,5,georgia
Telavi,8,0,4,4,6,14,-8,4,georgia
L. Tbilisi,8,5,1,2,14,7,+7,16,georgia2
Gareji Sagarejo,8,4,3,1,17,12,+5,15,georgia2
Spaeri,8,4,1,3,13,10,+3,13,georgia2
Aragvi Dusheti,8,4,0,4,11,11,0,12,georgia2
Bolnisi,8,3,1,4,9,13,-4,10,georgia2
WIT Georgia,8,2,2,4,10,10,0,8,georgia2
Rustavi,8,2,1,5,10,15,-5,7,georgia2
Shturmi,8,2,1,5,8,13,-5,7,georgia2
D. Tbilisi B,8,1,2,5,4,17,-13,5,georgia2
Kolkheti Khobi,8,1,1,6,6,21,-15,4,georgia2
Bayern Munich,7,5,2,0,24,7,+17,17,germany
Wolfsburg,6,4,1,1,16,7,+9,13,germany
Leverkusen,6,3,3,0,13,8,+5,12,germany
FSV Mainz,5,3,2,0,12,5,+7,11,germany
RB Leipzig,6,3,1,2,10,8,+2,10,germany
E. Frankfurt,6,3,1,2,11,10,+1,10,germany
Werder Bremen,6,3,1,2,13,13,0,10,germany
Freiburg,6,2,1,3,5,9,-4,7,germany
Sankt Pauli,6,2,0,4,7,8,-1,6,germany
Heidenheim,6,2,0,4,10,13,-3,6,germany
Stuttgart,6,1,3,2,8,12,-4,6,germany
Monchengladbach,6,1,2,3,5,8,-3,5,germany
Union Berlin,6,1,2,3,3,6,-3,5,germany
Hoffenheim,5,0,3,2,3,6,-3,3,germany
Holstein Kiel,6,0,2,4,9,14,-5,2,germany
Dortmund,5,0,1,4,4,12,-8,1,germany
FC Augsburg,5,0,1,4,2,15,-13,1,germany
Bochum,7,0,0,7,6,20,-14,0,germany
Magdeburg,7,5,1,1,15,8,+7,16,germany2
Dusseldorf,6,5,0,1,11,3,+8,15,germany2
Hertha Berlin,7,4,2,1,16,11,+5,14,germany2
Kaiserslautern,8,4,2,2,11,8,+3,14,germany2
Paderborn,8,3,4,1,14,13,+1,13,germany2
Karlsruher SC,7,3,3,1,13,11,+2,12,germany2
FC Koln,6,3,2,1,10,10,0,11,germany2
Darmstadt,6,3,1,2,16,15,+1,10,germany2
Elversberg,7,2,3,2,9,6,+3,9,germany2
Greuther Furth,6,2,2,2,12,10,+2,8,germany2
FC Nurnberg,7,2,2,3,12,11,+1,8,germany2
Hamburger SV,6,2,1,3,10,11,-1,7,germany2
Ulm,7,1,4,2,6,7,-1,7,germany2
Preuss. Munster,7,1,3,3,9,12,-3,6,germany2
Schalke 04,7,1,3,3,7,11,-4,6,germany2
Hannover 96,7,1,2,4,7,10,-3,5,germany2
Braunschweig,7,0,2,5,6,20,-14,2,germany2
Regensburg,7,0,1,6,3,22,-19,1,germany2
Saarbrucken,8,4,3,1,12,10,+2,15,germany3
1860 Munchen,8,4,2,2,13,13,0,14,germany3
Dynamo Dresden,8,4,1,3,15,10,+5,13,germany3
Energie Cottbus,8,4,1,3,15,13,+2,13,germany3
Bielefeld,8,3,3,2,10,8,+2,12,germany3
Sandhausen,7,2,5,0,8,5,+3,11,germany3
Verl,8,3,2,3,15,13,+2,11,germany3
Wehen Wiesbaden,8,2,4,2,15,14,+1,10,germany3
Erzgebirge Aue,7,3,1,3,8,11,-3,10,germany3
FC Ingolstadt,8,2,2,4,18,17,+1,8,germany3
Hannover 96 B,8,2,2,4,10,9,+1,8,germany3
Alemannia A.,7,2,2,3,6,12,-6,8,germany3
Viktoria Koln,7,2,1,4,7,9,-2,7,germany3
Mannheim,8,1,4,3,5,10,-5,7,germany3
Hansa Rostock,8,2,1,5,6,12,-6,7,germany3
RW Essen,7,1,2,4,9,15,-6,5,germany3
Dortmund B,8,1,2,5,14,21,-7,5,germany3
VfB Stuttgart B,8,0,3,5,5,16,-11,3,germany3
Osnabruck,8,0,2,6,9,18,-9,2,germany3
Unterhaching,8,0,1,7,7,22,-15,1,germany3
Nations,6,4,1,1,6,2,+4,13,ghana
Hearts of Oak,6,3,2,1,5,3,+2,11,ghana
Medeama,6,3,1,2,7,6,+1,10,ghana
Asante Kotoko,6,2,2,2,6,5,+1,8,ghana
Heart of Lions,6,1,4,1,4,4,0,7,ghana
Karela,6,2,1,3,3,3,0,7,ghana
Bibiani GS,6,1,4,1,3,4,-1,7,ghana
Berekum Chelsea,6,1,3,2,2,3,-1,6,ghana
Bechem Utd,6,1,3,2,5,7,-2,6,ghana
Dreams,6,1,2,3,1,4,-3,5,ghana
Young Apostles,6,1,2,3,2,6,-4,5,ghana
Samartex,6,0,4,2,2,4,-2,4,ghana
Holy Stars,6,1,1,4,4,8,-4,4,ghana
Aduana Stars,6,0,4,2,2,6,-4,4,ghana
Vision,6,1,1,4,3,8,-5,4,ghana
Accra Lions,6,0,2,4,2,6,-4,2,ghana
Legon Cities,6,0,1,5,4,13,-9,1,ghana
Nsoatreman,6,0,1,5,2,11,-9,1,ghana
Lincoln RI,6,5,1,0,20,1,+19,16,gibraltar
Europa FC,6,5,1,0,17,5,+12,16,gibraltar
St Josephs,6,4,2,0,14,4,+10,14,gibraltar
Magpies,6,4,0,2,22,6,+16,12,gibraltar
Manchester 62,5,3,1,1,11,4,+7,10,gibraltar
Glacis Utd,5,2,0,3,8,7,+1,6,gibraltar
Lions FC,5,1,1,3,8,8,0,4,gibraltar
College 1975,6,1,1,4,3,11,-8,4,gibraltar
Europa Point,6,0,2,4,5,13,-8,2,gibraltar
Lynx,6,0,0,6,6,17,-11,0,gibraltar
Mons Calpe,5,0,0,5,5,16,-11,0,gibraltar
PAOK,6,5,1,0,13,5,+8,16,greece
Volos,6,4,0,2,7,6,+1,12,greece
Panathinaikos,6,3,2,1,6,5,+1,11,greece
OFI Crete,7,3,2,2,10,12,-2,11,greece
Olympiakos,6,3,1,2,9,5,+4,10,greece
Atromitos,5,3,1,1,9,6,+3,10,greece
Panaitolikos,6,2,3,1,6,5,+1,9,greece
Asteras T.,6,2,3,1,6,6,0,9,greece
Panserraikos,7,3,0,4,9,13,-4,9,greece
Aris,7,2,2,3,7,11,-4,8,greece
AEK Athens,6,2,1,3,5,6,-1,7,greece
Lamia,7,1,3,3,6,10,-4,6,greece
A. Kallithea,6,0,4,2,4,7,-3,4,greece
Levadiakos,6,0,3,3,7,11,-4,3,greece
Comunicaciones,8,3,2,3,11,12,-1,11,guatemala
Xelaju,8,2,4,2,8,5,+3,10,guatemala
Coban Imperial,8,3,1,4,8,8,0,10,guatemala
Municipal,8,2,4,2,5,10,-5,10,guatemala
Malacateco,8,2,3,3,7,10,-3,9,guatemala
Xinabajul,8,2,3,3,11,15,-4,9,guatemala
Achuapa,8,2,2,4,5,10,-5,8,guatemala
Mixco,8,2,1,5,8,16,-8,7,guatemala
Antigua GFC,8,1,3,4,9,15,-6,6,guatemala
Guastatoya,8,0,4,4,3,11,-8,4,guatemala
Marquense,8,0,2,6,3,19,-16,2,guatemala
Zacapa Tellioz,8,0,2,6,3,21,-18,2,guatemala
Motagua,8,5,2,1,17,6,+11,17,honduras
Olimpia,8,4,2,2,10,7,+3,14,honduras
Real Espana,8,3,2,3,8,6,+2,11,honduras
Marathon,8,3,2,3,8,10,-2,11,honduras
Genesis,8,2,2,4,10,15,-5,8,honduras
Olancho,8,1,4,3,6,12,-6,7,honduras
Real Sociedad,8,1,3,4,11,19,-8,6,honduras
UPNFM,8,1,2,5,4,16,-12,5,honduras
Juticalpa,8,1,2,5,5,20,-15,5,honduras
Victoria,8,0,2,6,8,18,-10,2,honduras
Eastern,4,2,2,0,6,3,+3,8,hongkong
Kowloon City,5,2,0,3,8,16,-8,6,hongkong
Southern D.,4,1,2,1,7,7,0,5,hongkong
Kitchee,3,1,1,1,7,3,+4,4,hongkong
Tai Po,2,1,1,0,4,1,+3,4,hongkong
LM Warriors,3,1,1,1,4,4,0,4,hongkong
HK Rangers,7,1,1,5,7,21,-14,4,hongkong
Hong Kong FC,4,0,0,4,2,13,-11,0,hongkong
North District,5,0,0,5,3,15,-12,0,hongkong
DVTK,7,3,3,1,12,10,+2,12,hungary
Puskas A.,7,4,0,3,12,10,+2,12,hungary
MTK Budapest,7,4,0,3,8,7,+1,12,hungary
Ferencvaros,5,3,1,1,8,5,+3,10,hungary
Ujpest,7,3,1,3,9,9,0,10,hungary
Paks,7,2,2,3,13,12,+1,8,hungary
Gyor,7,1,4,2,8,9,-1,7,hungary
Debrecen,8,1,2,5,9,15,-6,5,hungary
Zalaegerszegi,7,0,4,3,8,12,-4,4,hungary
Nyiregyhaza,7,1,1,5,6,12,-6,4,hungary
Kecskemeti TE,8,1,1,6,7,17,-10,4,hungary
Fehervar,7,0,2,5,5,16,-11,2,hungary
BVSC,8,4,2,2,10,8,+2,14,hungary2
Kazincbarcika,7,3,3,1,20,8,+12,12,hungary2
Szentlorinc,8,3,2,3,8,9,-1,11,hungary2
Mezokovesd,6,3,1,2,8,7,+1,10,hungary2
Budafoki,6,2,3,1,11,10,+1,9,hungary2
Vasas,7,3,0,4,10,11,-1,9,hungary2
Kisvarda,7,3,0,4,10,13,-3,9,hungary2
Kozarmisleny,5,2,2,1,8,7,+1,8,hungary2
Szeged,8,1,5,2,4,5,-1,8,hungary2
Ajka,6,2,1,3,9,13,-4,7,hungary2
Bekescsaba,8,1,2,5,3,8,-5,5,hungary2
Gyirmot,8,1,2,5,12,18,-6,5,hungary2
Tatabanya,5,1,1,3,5,8,-3,4,hungary2
Soroksar,6,1,1,4,6,10,-4,4,hungary2
Honved,8,0,3,5,8,18,-10,3,hungary2
Csakvari,6,0,2,4,5,12,-7,2,hungary2
Vikingur R.,8,6,1,1,25,10,+15,19,iceland
Breidablik,8,5,2,1,15,8,+7,17,iceland
KA Akureyri,8,4,3,1,15,8,+7,15,iceland
Stjarnan,8,2,4,2,14,11,+3,10,iceland
Fylkir,8,2,2,4,7,14,-7,8,iceland
KR Reykjavik,8,2,1,5,11,15,-4,7,iceland
Hafnarfjordur,8,2,1,5,13,20,-7,7,iceland
Valur,8,1,3,4,15,17,-2,6,iceland
Vestri,8,1,3,4,12,15,-3,6,iceland
IA Akranes,8,1,2,5,6,20,-14,5,iceland
Fram,8,1,1,6,7,17,-10,4,iceland
HK Kopavogur,8,0,1,7,10,32,-22,1,iceland
Afturelding,8,6,0,2,20,12,+8,18,iceland2
IBV,8,4,1,3,19,10,+9,13,iceland2
Leiknir R.,8,3,2,3,12,12,0,11,iceland2
Thor Akureyri,8,3,1,4,12,15,-3,10,iceland2
Keflavik,8,2,4,2,6,9,-3,10,iceland2
Throttur R.,8,2,3,3,11,11,0,9,iceland2
Fjolnir,8,2,3,3,5,10,-5,9,iceland2
IR Reykjavik,8,2,3,3,9,17,-8,9,iceland2
Njardvik,8,1,5,2,11,14,-3,8,iceland2
Grindavik,8,2,1,5,13,22,-9,7,iceland2
Dalvik / Reynir,8,1,1,6,8,18,-10,4,iceland2
Grotta,8,0,0,8,8,21,-13,0,iceland2
Selfoss,8,7,0,1,16,8,+8,21,iceland3
Throttur Vogar,8,5,2,1,26,14,+12,17,iceland3
Volsungur,8,5,2,1,19,14,+5,17,iceland3
Hottur/Huginn,8,4,1,3,19,24,-5,13,iceland3
Fjardabyggd/L.,8,4,0,4,12,15,-3,12,iceland3
KFG,8,3,2,3,12,12,0,11,iceland3
Haukar,8,3,1,4,11,15,-4,10,iceland3
AEggir,8,2,2,4,9,16,-7,8,iceland3
Kormakur/Hvot,8,2,2,4,5,16,-11,8,iceland3
V. Olafsvik,8,1,3,4,14,18,-4,6,iceland3
Reynir,8,2,0,6,14,22,-8,6,iceland3
Fjallabyggd,8,0,1,7,5,23,-18,1,iceland3
Chennaiyin,7,3,1,3,13,12,+1,10,india
Goa,4,2,2,0,7,5,+2,8,india
NorthEast Utd,6,2,2,2,10,10,0,8,india
Mohun Bagan,4,2,1,1,5,4,+1,7,india
Bengaluru,4,2,1,1,5,5,0,7,india
Punjab,4,2,0,2,6,4,+2,6,india
Hyderabad,6,2,0,4,7,9,-2,6,india
Mumbai City,4,1,2,1,7,7,0,5,india
Kerala Blasters,4,1,2,1,7,8,-1,5,india
Odisha FC,4,1,1,2,10,6,+4,4,india
Mohammedan,3,1,1,1,1,3,-2,4,india
Jamshedpur,4,1,0,3,3,11,-8,3,india
East Bengal,4,0,0,4,2,7,-5,0,india
Dempo,2,1,1,0,2,0,+2,4,india2
Gokulam,2,1,1,0,4,3,+1,4,india2
Rajasthan,2,1,0,1,3,3,0,3,india2
Churchill B.,1,0,1,0,2,2,0,1,india2
Delhi FC,1,0,1,0,0,0,0,1,india2
Aizawl,0,0,0,0,0,0,0,0,india2
Inter Kashi,0,0,0,0,0,0,0,0,india2
Namdhari,0,0,0,0,0,0,0,0,india2
Real Kashmir,0,0,0,0,0,0,0,0,india2
Shillong Lajong,0,0,0,0,0,0,0,0,india2
Sreenidi Deccan,0,0,0,0,0,0,0,0,india2
SC Bengaluru,2,0,0,2,0,3,-3,0,india2
Arema,7,4,2,1,12,8,+4,14,indonesia
Persita,6,4,1,1,6,2,+4,13,indonesia
Persik Kediri,5,3,2,0,9,5,+4,11,indonesia
Persebaya S.,5,3,1,1,3,2,+1,10,indonesia
Bali Utd,6,3,0,3,8,7,+1,9,indonesia
Borneo,6,2,2,2,9,7,+2,8,indonesia
PSS Sleman,5,2,1,2,5,2,+3,7,indonesia
Persija,6,2,1,3,6,8,-2,7,indonesia
PSIS Semarang,6,2,1,3,4,6,-2,7,indonesia
Dewa Utd,6,1,3,2,9,5,+4,6,indonesia
Persib,4,1,3,0,6,4,+2,6,indonesia
PSM,4,1,3,0,5,4,+1,6,indonesia
Malut United,6,1,3,2,4,6,-2,6,indonesia
PSBS Biak N.,5,2,0,3,3,8,-5,6,indonesia
Barito Putera,5,1,1,3,5,9,-4,4,indonesia
Semen Padang,5,0,1,4,4,9,-5,1,indonesia
Madura Utd,6,0,1,5,5,16,-11,1,indonesia
Persis Solo,6,0,1,5,2,13,-11,1,indonesia
Tractor Sazi,5,5,0,0,11,1,+10,15,iran
Foolad,6,4,0,2,7,7,0,12,iran
Sepahan,4,2,2,0,6,4,+2,8,iran
Zob Ahan,6,2,2,2,6,4,+2,8,iran
Gol Gohar,5,2,2,1,3,1,+2,8,iran
Havadar,5,1,4,0,3,1,+2,7,iran
Persepolis,4,2,1,1,3,2,+1,7,iran
Esteghlal,5,2,1,2,7,8,-1,7,iran
Mes Rafsanjan,5,1,1,3,3,5,-2,4,iran
Aluminium Arak,6,1,1,4,5,8,-3,4,iran
K. Khorramabad,5,1,1,3,2,5,-3,4,iran
Chadormalu,5,1,1,3,4,8,-4,4,iran
Shams A. Qazvin,5,1,1,3,2,6,-4,4,iran
Malavan,4,0,3,1,4,5,-1,3,iran
N. Mazandaran,4,0,3,1,2,3,-1,3,iran
E. Khuzestan,4,0,2,2,2,5,-3,2,iran
Al Shorta,3,3,0,0,9,0,+9,9,iraq
Al Naft,5,2,3,0,4,1,+3,9,iraq
Al-Karma,4,2,1,1,10,5,+5,7,iraq
Al Karkh,5,2,0,3,6,6,0,6,iraq
Naft Maysan,4,2,0,2,5,6,-1,6,iraq
Al Quwa Al J.,3,1,2,0,3,2,+1,5,iraq
Al Kahrabaa,4,1,2,1,3,3,0,5,iraq
Al Najaf,4,1,2,1,3,3,0,5,iraq
Zakho,4,1,2,1,3,3,0,5,iraq
Al Zawraa,4,1,2,1,2,2,0,5,iraq
Duhok,2,1,1,0,3,2,+1,4,iraq
Al-Qasim,3,1,1,1,3,3,0,4,iraq
Karbala,4,1,1,2,2,7,-5,4,iraq
Erbil,3,1,0,2,2,7,-5,3,iraq
Naft Al-Basra,4,1,0,3,2,7,-5,3,iraq
Newroz SC,4,0,2,2,2,4,-2,2,iraq
Diala,4,0,2,2,4,7,-3,2,iraq
Al Minaa Basra,4,0,1,3,2,5,-3,1,iraq
Al Talaba,3,0,0,3,0,3,-3,0,iraq
Al Hudod,4,0,0,4,3,9,-6,0,iraq
St. Patricks,8,5,2,1,14,6,+8,17,ireland
Shamrock Rovers,8,4,1,3,9,9,0,13,ireland
Bohemians,8,2,5,1,10,7,+3,11,ireland
Shelbourne,8,3,2,3,6,7,-1,11,ireland
Derry City,8,3,1,4,7,7,0,10,ireland
Galway Utd,8,2,3,3,7,9,-2,9,ireland
Waterford,8,2,0,6,7,15,-8,6,ireland
Sligo Rovers,8,1,3,4,7,18,-11,6,ireland
Drogheda Utd,8,1,2,5,7,19,-12,5,ireland
Dundalk,8,0,4,4,5,9,-4,4,ireland
Cork City,8,4,2,2,14,11,+3,14,ireland2
Treaty Utd,8,4,2,2,12,10,+2,14,ireland2
Wexford,8,4,1,3,13,18,-5,13,ireland2
UC Dublin,8,3,3,2,9,9,0,12,ireland2
Athlone Town,8,3,2,3,8,9,-1,11,ireland2
Bray Wanderers,8,2,3,3,7,10,-3,9,ireland2
Cobh Ramblers,8,3,0,5,6,14,-8,9,ireland2
Finn Harps,8,1,3,4,9,12,-3,6,ireland2
Longford Town,8,1,1,6,8,16,-8,4,ireland2
Kerry,8,0,3,5,7,17,-10,3,ireland2
Maccabi Haifa,8,4,2,2,16,9,+7,14,israel
M. Tel Aviv,5,4,0,1,12,4,+8,12,israel
M. Bnei Raina,5,3,1,1,8,5,+3,10,israel
H. Beer Sheva,4,3,0,1,8,3,+5,9,israel
Hapoel Haifa,7,2,2,3,5,6,-1,8,israel
M. Petah Tikva,5,2,1,2,4,7,-3,7,israel
B. Jerusalem,4,2,0,2,7,3,+4,6,israel
Sakhnin,6,1,2,3,2,6,-4,5,israel
Ashdod,5,1,1,3,8,9,-1,4,israel
Kiryat Shmona,5,1,1,3,3,6,-3,4,israel
Maccabi Netanya,6,1,1,4,8,12,-4,4,israel
Hapoel Hadera,5,0,3,2,6,9,-3,3,israel
H. Jerusalem,4,1,0,3,4,9,-5,3,israel
Ironi Tiberias,6,0,2,4,1,9,-8,2,israel
H. Kfar Shalem,7,5,1,1,19,10,+9,16,israel2
H. Ramat Gan,7,5,1,1,15,6,+9,16,israel2
H. Petah Tikva,6,4,2,0,11,5,+6,14,israel2
Hapoel Tel Aviv,7,4,2,1,14,10,+4,14,israel2
H. Kfar Saba,7,3,2,2,8,8,0,11,israel2
H. Nof Hagalil,6,3,1,2,9,6,+3,10,israel2
Hapoel Akko,8,3,1,4,8,14,-6,10,israel2
Bnei Yehuda,6,2,2,2,9,10,-1,8,israel2
Kafr Qasim,7,2,2,3,5,8,-3,8,israel2
M. Herziliya,7,2,1,4,7,11,-4,7,israel2
Ramat Hasharon,6,2,0,4,10,12,-2,6,israel2
Hapoel Raanana,5,1,2,2,8,8,0,5,israel2
H. Ironi Rishon,6,1,1,4,9,13,-4,4,israel2
Hapoel Afula,6,0,4,2,6,10,-4,4,israel2
Maccabi Jaffa,6,0,2,4,4,11,-7,2,israel2
H. Umm al-Fahm,7,0,2,5,6,14,-8,2,israel2
Inter Milan,6,4,2,0,15,5,+10,14,italy
Fiorentina,7,4,2,1,13,4,+9,14,italy
Atalanta,7,4,1,2,14,8,+6,13,italy
Juventus,6,3,3,0,12,4,+8,12,italy
Napoli,6,3,2,1,8,4,+4,11,italy
Bologna,7,3,2,2,11,13,-2,11,italy
Lazio,6,3,0,3,11,8,+3,9,italy
Empoli,7,2,3,2,8,9,-1,9,italy
AC Milan,6,2,2,2,10,10,0,8,italy
Parma,6,1,4,1,8,8,0,7,italy
Monza,7,1,4,2,7,8,-1,7,italy
Torino,7,2,1,4,10,13,-3,7,italy
Genoa,5,2,0,3,3,10,-7,6,italy
Cagliari,6,1,2,3,7,10,-3,5,italy
Udinese,7,1,2,4,8,13,-5,5,italy
Como,8,1,2,5,6,13,-7,5,italy
AS Roma,7,0,4,3,5,11,-6,4,italy
Lecce,7,1,1,5,1,8,-7,4,italy
Hellas Verona,7,1,0,6,7,16,-9,3,italy
Venezia,8,0,2,6,5,17,-12,2,italy
Sassuolo,8,5,3,0,15,6,+9,18,italy2
Cremonese,8,4,1,3,16,10,+6,13,italy2
Pisa,7,4,1,2,11,7,+4,13,italy2
Palermo,8,3,3,2,10,8,+2,12,italy2
Spezia,7,2,5,0,9,4,+5,11,italy2
Juve Stabia,8,2,5,1,8,8,0,11,italy2
Bari,7,2,4,1,8,4,+4,10,italy2
Cosenza,6,2,3,1,8,7,+1,9,italy2
Sampdoria,8,2,3,3,14,15,-1,9,italy2
Cittadella,8,3,0,5,7,15,-8,9,italy2
Brescia,7,2,2,3,5,8,-3,8,italy2
Catanzaro,7,0,6,1,6,8,-2,6,italy2
Reggiana,7,1,3,3,5,8,-3,6,italy2
Sudtirol,7,2,0,5,5,11,-6,6,italy2
Cesena,6,1,2,3,6,8,-2,5,italy2
Modena,8,0,5,3,7,11,-4,5,italy2
Salernitana,7,1,2,4,5,11,-6,5,italy2
Frosinone,7,1,2,4,4,11,-7,5,italy2
Carrarese,7,1,1,5,5,12,-7,4,italy2
Mantova,8,0,3,5,7,14,-7,3,italy2
Montego Bay,6,3,2,1,10,5,+5,11,jamaica
Arnett Gardens,5,3,1,1,7,3,+4,10,jamaica
Mount Pleasant,6,2,3,1,14,7,+7,9,jamaica
Waterhouse,5,2,3,0,5,2,+3,9,jamaica
Portmore Utd,4,2,1,1,4,3,+1,7,jamaica
Cavalier,5,1,3,1,4,3,+1,6,jamaica
Humble Lions,4,1,1,2,2,5,-3,4,jamaica
Vere Utd,6,1,1,4,6,10,-4,4,jamaica
Molynes Utd,5,1,1,3,3,10,-7,4,jamaica
Harbour View,6,1,1,4,4,13,-9,4,jamaica
Chapelton,5,1,0,4,3,10,-7,3,jamaica
Tivoli Gardens,6,0,2,4,5,9,-4,2,jamaica
Racing United,6,0,1,5,3,12,-9,1,jamaica
Dunbeholden,6,0,1,5,2,13,-11,1,jamaica
Shonan Bellmare,8,6,1,1,13,7,+6,19,japan
Tokyo Verdy,8,5,2,1,11,5,+6,17,japan
Vissel Kobe,8,4,3,1,13,11,+2,15,japan
Kyoto Sanga,8,5,0,3,12,11,+1,15,japan
Yokohama M.,8,5,0,3,16,19,-3,15,japan
K. Frontale,8,4,2,2,17,13,+4,14,japan
S. Hiroshima,8,4,2,2,13,11,+2,14,japan
Gamba Osaka,8,3,4,1,12,9,+3,13,japan
Machida Zelvia,8,3,3,2,9,6,+3,12,japan
C. Sapporo,8,3,2,3,13,14,-1,11,japan
Albirex Niigata,8,3,2,3,6,12,-6,11,japan
Kashima Antlers,8,3,1,4,14,12,+2,10,japan
FC Tokyo,8,3,1,4,10,12,-2,10,japan
Cerezo Osaka,8,2,3,3,7,12,-5,9,japan
Kashiwa Reysol,8,2,2,4,8,9,-1,8,japan
Urawa RD,8,1,4,3,5,7,-2,7,japan
Jubilo Iwata,8,2,1,5,6,19,-13,7,japan
Avispa Fukuoka,8,0,6,2,5,7,-2,6,japan
Nagoya G.,8,1,2,5,9,15,-6,5,japan
Sagan Tosu,8,1,1,6,9,18,-9,4,japan
M. Yamagata,8,7,1,0,18,5,+13,22,japan2
Shimizu S-Pulse,8,5,1,2,13,10,+3,16,japan2
Yokohama FC,8,4,3,1,15,9,+6,15,japan2
R. Kumamoto,8,5,0,3,16,11,+5,15,japan2
Iwaki,8,4,1,3,11,8,+3,13,japan2
Tokushima V.,8,4,1,3,7,7,0,13,japan2
Mito Hollyhock,8,4,1,3,9,14,-5,13,japan2
V-V. Nagasaki,8,3,3,2,11,10,+1,12,japan2
Fagiano Okayama,8,2,4,2,10,10,0,10,japan2
Blaublitz Akita,8,3,1,4,5,8,-3,10,japan2
JEF Utd Chiba,8,3,1,4,8,12,-4,10,japan2
Vegalta Sendai,8,3,1,4,7,11,-4,10,japan2
Fujieda MYFC,8,3,0,5,8,16,-8,9,japan2
Ventforet Kofu,8,2,2,4,6,11,-5,8,japan2
Tochigi SC,8,1,4,3,6,7,-1,7,japan2
Oita Trinita,8,1,2,5,8,15,-7,5,japan2
R. Yamaguchi,8,1,2,5,6,17,-11,5,japan2
Ehime FC,8,1,2,5,6,18,-12,5,japan2
Kusatsu,8,0,1,7,4,19,-15,1,japan2
Kagoshima Utd,8,0,0,8,2,13,-11,0,japan2
Al Faysali,8,8,0,0,26,4,+22,24,jordan
Al Hussein,8,6,2,0,14,3,+11,20,jordan
Al Ramtha,8,4,1,3,15,9,+6,13,jordan
Al Ahli,8,4,1,3,5,10,-5,13,jordan
Al Wihdat,8,2,4,2,8,7,+1,10,jordan
Maan,8,3,0,5,7,9,-2,9,jordan
Shabab Al Ordon,8,3,0,5,10,16,-6,9,jordan
Aqaba,8,2,3,3,5,12,-7,9,jordan
Al Salt,8,2,1,5,7,11,-4,7,jordan
Moghayer Al S.,8,2,1,5,9,20,-11,7,jordan
Sahab,8,1,1,6,6,16,-10,4,jordan
Al Jalil,8,0,3,5,3,14,-11,3,jordan
Kairat Almaty,8,5,1,2,12,6,+6,16,kazakhstan
FC Astana,8,5,1,2,11,5,+6,16,kazakhstan
Ordabasy,8,4,1,3,11,9,+2,13,kazakhstan
Aktobe,8,3,3,2,10,11,-1,12,kazakhstan
Tobol,8,3,2,3,13,11,+2,11,kazakhstan
Atyrau,8,3,1,4,12,10,+2,10,kazakhstan
Kaisar K.,8,2,2,4,8,10,-2,8,kazakhstan
Kyzylzhar,8,2,2,4,6,9,-3,8,kazakhstan
Zhenys,8,1,4,3,7,9,-2,7,kazakhstan
Yelimay Semey,8,2,1,5,10,15,-5,7,kazakhstan
Zhetysu,8,0,3,5,3,15,-12,3,kazakhstan
Turan,8,0,2,6,3,21,-18,2,kazakhstan
Aksu,0,0,0,0,0,0,0,0,kazakhstan
S. Karagandy,8,0,0,8,4,19,-15,0,kazakhstan
Drita,8,4,3,1,10,6,+4,15,kosovo
Malisheva,7,3,2,2,10,7,+3,11,kosovo
Ferizaj,8,2,3,3,6,11,-5,9,kosovo
Ballkani,7,1,4,2,8,7,+1,7,kosovo
Prishtina,7,2,1,4,9,11,-2,7,kosovo
Gjilani,7,1,3,3,12,12,0,6,kosovo
Llapi,7,2,0,5,8,11,-3,6,kosovo
Dukagjini,7,2,0,5,7,13,-6,6,kosovo
Suhareka,8,1,3,4,7,14,-7,6,kosovo
Feronikeli,7,0,1,6,5,15,-10,1,kosovo
Al Kuwait,5,5,0,0,18,5,+13,15,kuwait
Al Arabi SC,4,3,0,1,9,5,+4,9,kuwait
Al Fahaheel,4,2,2,0,12,7,+5,8,kuwait
Al Tadhamon,4,1,1,2,10,10,0,4,kuwait
Al Salmiyah,3,1,1,1,5,5,0,4,kuwait
Al Qadsia,4,1,1,2,3,4,-1,4,kuwait
Al Nasar,5,1,0,4,4,9,-5,3,kuwait
Kazma,5,1,0,4,3,9,-6,3,kuwait
Khaitan,5,1,0,4,3,11,-8,3,kuwait
Yarmouk,5,0,2,3,4,8,-4,2,kuwait
RFS,8,7,1,0,18,4,+14,22,latvia
Riga FC,8,6,2,0,25,7,+18,20,latvia
Auda,8,6,0,2,18,8,+10,18,latvia
Liepaja,8,4,1,3,10,9,+1,13,latvia
Valmiera,8,3,2,3,15,12,+3,11,latvia
Tukums,8,2,2,4,10,23,-13,8,latvia
Metta,8,2,1,5,5,21,-16,7,latvia
Grobina,8,1,1,6,3,19,-16,4,latvia
FS Jelgava,8,1,1,6,9,29,-20,4,latvia
Daugavpils,8,0,3,5,7,16,-9,3,latvia
Kauno Zalgiris,8,4,3,1,12,11,+1,15,lithuania
Dainava,8,4,2,2,10,6,+4,14,lithuania
Hegelmann L.,8,4,2,2,13,10,+3,14,lithuania
Zalgiris,8,3,2,3,11,7,+4,11,lithuania
Panevezys,8,2,5,1,14,12,+2,11,lithuania
Banga,8,3,1,4,7,11,-4,10,lithuania
Suduva,8,2,2,4,11,10,+1,8,lithuania
Dziugas Telsiai,8,2,2,4,6,6,0,8,lithuania
TransINVEST,8,2,2,4,7,10,-3,8,lithuania
Siauliai,8,1,2,5,10,17,-7,5,lithuania
Riteriai,8,7,0,1,14,4,+10,21,lithuania2
Siauliai B,8,5,0,3,21,15,+6,15,lithuania2
Babrungas,8,4,2,2,17,8,+9,14,lithuania2
Tauras,8,4,2,2,16,11,+5,14,lithuania2
Nevezis,8,4,2,2,11,7,+4,14,lithuania2
Atmosfera,8,3,4,1,6,5,+1,13,lithuania2
Ekranas,8,3,3,2,11,13,-2,12,lithuania2
Neptuna K.,8,3,1,4,12,13,-1,10,lithuania2
Panevezys B,8,3,1,4,10,15,-5,10,lithuania2
BFA Vilnius,8,2,3,3,11,13,-2,9,lithuania2
Be1 NFA,8,2,3,3,8,11,-3,9,lithuania2
Kauno Z. B,8,3,0,5,10,20,-10,9,lithuania2
Garliava,8,2,1,5,8,18,-10,7,lithuania2
Hegelmann B,8,1,0,7,6,18,-12,3,lithuania2
Minija,8,0,2,6,6,18,-12,2,lithuania2
Banga B,8,0,0,8,2,23,-21,0,lithuania2
Differdange,7,7,0,0,23,3,+20,21,luxembourg
Dudelange,7,4,2,1,14,7,+7,14,luxembourg
Hesperange,7,3,2,2,12,9,+3,11,luxembourg
UNA Strassen,6,3,2,1,7,4,+3,11,luxembourg
Niedercorn,6,3,1,2,8,5,+3,10,luxembourg
Wiltz,7,3,0,4,10,11,-1,9,luxembourg
Mondorf,6,2,2,2,11,7,+4,8,luxembourg
Bettembourg,6,2,1,3,6,9,-3,7,luxembourg
Jeunesse Esch,7,2,1,4,6,17,-11,7,luxembourg
Racing,6,1,3,2,7,7,0,6,luxembourg
Hostert,7,2,0,5,13,17,-4,6,luxembourg
Petange,7,1,3,3,3,8,-5,6,luxembourg
V. Rosport,7,1,2,4,7,16,-9,5,luxembourg
Fola Esch,6,0,0,6,5,19,-14,0,luxembourg
Rodange,6,0,0,6,5,20,-15,0,luxembourg
Mondercange,7,0,0,7,5,22,-17,0,luxembourg
Johor Darul,7,6,1,0,27,4,+23,19,malaysia
Perak,7,4,1,2,12,7,+5,13,malaysia
Sabah,6,4,0,2,14,10,+4,12,malaysia
Selangor,7,3,2,2,6,7,-1,11,malaysia
Pahang,7,1,5,1,7,9,-2,8,malaysia
PDRM,7,2,2,3,8,13,-5,8,malaysia
Terengganu,7,1,4,2,6,9,-3,7,malaysia
Kuala Lumpur,5,2,0,3,8,7,+1,6,malaysia
Negeri Sembilan,8,1,3,4,10,17,-7,6,malaysia
Pulau Pinang,8,1,3,4,8,17,-9,6,malaysia
Kedah,6,2,0,4,4,17,-13,6,malaysia
Kuching,6,1,2,3,6,11,-5,5,malaysia
Kelantan United,8,1,0,7,4,19,-15,3,malaysia
Birkirkara,6,5,1,0,12,3,+9,16,malta
Floriana,6,4,2,0,12,3,+9,14,malta
Hamrun Spartans,8,3,2,3,14,8,+6,11,malta
Hibernians,8,3,2,3,8,9,-1,11,malta
Sliema,6,2,3,1,6,3,+3,9,malta
Melita,7,2,3,2,11,11,0,9,malta
Marsaxlokk,3,2,1,0,6,3,+3,7,malta
Gzira Utd,6,2,1,3,7,9,-2,7,malta
Mosta,7,2,0,5,7,12,-5,6,malta
Naxxar Lions,5,1,2,2,7,7,0,5,malta
Zabbar,7,1,0,6,7,15,-8,3,malta
Balzan,6,0,1,5,4,13,-9,1,malta
Cruz Azul,8,6,1,1,19,9,+10,19,mexico
Monterrey,8,4,2,2,10,7,+3,14,mexico
Tigres,8,4,1,3,13,9,+4,13,mexico
Toluca,8,3,3,2,10,9,+1,12,mexico
Pumas UNAM,8,3,3,2,6,6,0,12,mexico
Juarez,8,4,0,4,10,18,-8,12,mexico
Guadalajara,8,3,1,4,9,8,+1,10,mexico
CF America,8,2,3,3,12,14,-2,9,mexico
Tijuana,8,2,3,3,6,12,-6,9,mexico
Atlas,8,2,2,4,7,16,-9,8,mexico
A. San Luis,8,2,1,5,7,12,-5,7,mexico
Club Leon,8,1,3,4,12,18,-6,6,mexico
Queretaro,8,1,2,5,6,17,-11,5,mexico
Mazatlan,8,0,4,4,0,7,-7,4,mexico
Pachuca,8,1,1,6,7,16,-9,4,mexico
Puebla,8,1,1,6,4,16,-12,4,mexico
Necaxa,8,0,3,5,7,17,-10,3,mexico
Santos Laguna,8,0,1,7,5,17,-12,1,mexico
Buducnost,8,7,0,1,17,3,+14,21,montenegro
Petrovac,8,5,1,2,10,5,+5,16,montenegro
Sutjeska,8,4,1,3,9,6,+3,13,montenegro
Decic,8,2,6,0,8,6,+2,12,montenegro
Bokelj,8,3,3,2,8,9,-1,12,montenegro
Arsenal Tivat,8,3,2,3,10,11,-1,11,montenegro
Mornar Bar,8,3,2,3,8,12,-4,11,montenegro
Otrant,8,1,4,3,4,6,-2,7,montenegro
Jedinstvo,8,2,0,6,7,18,-11,6,montenegro
Jezero,8,0,3,5,5,13,-8,3,montenegro
Berkane,6,5,1,0,9,2,+7,16,morocco
Ittihad Tanger,7,2,3,2,8,9,-1,9,morocco
FAR Rabat,6,2,2,2,9,3,+6,8,morocco
Union Touarga,5,2,2,1,7,4,+3,8,morocco
FUS Rabat,7,2,2,3,7,8,-1,8,morocco
Olympic Safi,7,2,2,3,6,9,-3,8,morocco
R. Zemamra,5,2,1,2,3,4,-1,7,morocco
Difaa El Jadida,6,2,1,3,9,12,-3,7,morocco
JS Sousalem,6,1,3,2,3,3,0,6,morocco
Hassania Agadir,5,2,0,3,4,5,-1,6,morocco
Maghreb de Fes,5,1,3,1,4,5,-1,6,morocco
Wydad,6,1,3,2,4,6,-2,6,morocco
Raja Casablanca,5,1,2,2,5,7,-2,5,morocco
Moghreb Tetouan,5,1,0,4,3,6,-3,3,morocco
Meknes,6,0,3,3,1,11,-10,3,morocco
C. Mohammedia,6,0,1,5,4,16,-12,1,morocco
C. Benguerir,4,2,2,0,6,3,+3,8,morocco2
R. Beni Mellal,4,2,1,1,7,3,+4,7,morocco2
RAC Casablanca,4,2,1,1,7,7,0,7,morocco2
Yacoub El Manso,3,2,0,1,5,5,0,6,morocco2
Rapide Oued Z.,3,1,2,0,2,1,+1,5,morocco2
El Massira,4,0,4,0,4,4,0,4,morocco2
Stade Marocain,3,1,1,1,2,3,-1,4,morocco2
Wydad Fes,4,1,1,2,4,6,-2,4,morocco2
Youssoufia B.,3,1,0,2,5,4,+1,3,morocco2
Kawkab M.,3,0,2,1,0,1,-1,2,morocco2
Chabab Atlas K.,2,0,1,1,2,4,-2,1,morocco2
Dcheira,3,0,1,2,2,4,-2,1,morocco2
KAC Kenitra,3,0,1,2,4,9,-5,1,morocco2
Khouribga,3,0,1,2,3,8,-5,1,morocco2
USM Oujda,2,0,1,1,1,6,-5,1,morocco2
Mouloudia Oujda,4,0,0,4,2,9,-7,0,morocco2
Shan Utd,7,7,0,0,26,7,+19,21,myanmar
Yangon Utd,6,4,2,0,20,9,+11,14,myanmar
Dagon,8,4,1,3,13,6,+7,13,myanmar
Hantharwady,5,4,1,0,10,3,+7,13,myanmar
Sagaing Utd,7,3,0,4,11,11,0,9,myanmar
Yadanarbon,7,2,2,3,6,9,-3,8,myanmar
Thitsar Arman,7,2,1,4,14,14,0,7,myanmar
Ayeyawady,7,2,1,4,6,11,-5,7,myanmar
Ispe FC,6,1,2,3,7,10,-3,5,myanmar
Dagon Port,8,1,2,5,15,30,-15,5,myanmar
Myawady,8,1,0,7,4,18,-14,3,myanmar
Rakhine Utd,8,0,2,6,9,22,-13,2,myanmar
PSV Eindhoven,7,6,0,1,22,7,+15,18,netherlands
FC Utrecht,6,5,1,0,12,5,+7,16,netherlands
Feyenoord,7,4,3,0,20,7,+13,15,netherlands
FC Twente,7,4,1,2,14,8,+6,13,netherlands
AZ Alkmaar,7,4,1,2,10,6,+4,13,netherlands
Ajax Amsterdam,6,3,2,1,12,8,+4,11,netherlands
Willem II,7,2,2,3,7,9,-2,8,netherlands
Sparta,7,2,1,4,6,9,-3,7,netherlands
Go Ahead Eagles,6,2,1,3,5,9,-4,7,netherlands
NEC Nijmegen,6,2,0,4,6,5,+1,6,netherlands
Fortuna Sittard,7,1,3,3,5,11,-6,6,netherlands
NAC Breda,7,1,1,5,5,16,-11,4,netherlands
Heracles Almelo,6,1,1,4,3,14,-11,4,netherlands
FC Groningen,7,1,1,5,5,19,-14,4,netherlands
PEC Zwolle,7,0,3,4,4,14,-10,3,netherlands
Almere City,7,0,2,5,2,12,-10,2,netherlands
RKC Waalwijk,7,0,2,5,7,20,-13,2,netherlands
Heerenveen,7,0,0,7,2,23,-21,0,netherlands
FC Emmen,8,6,0,2,15,7,+8,18,netherlands2
Cambuur,8,5,1,2,17,7,+10,16,netherlands2
Helmond Sport,8,5,1,2,13,12,+1,16,netherlands2
Excelsior,8,4,3,1,15,7,+8,15,netherlands2
FC Volendam,8,4,3,1,17,12,+5,15,netherlands2
FC Den Bosch,8,4,1,3,11,9,+2,13,netherlands2
ADO Den Haag,8,2,4,2,16,11,+5,10,netherlands2
Roda JC,8,2,4,2,9,9,0,10,netherlands2
De Graafschap,8,2,4,2,13,14,-1,10,netherlands2
FC Eindhoven,8,3,1,4,13,16,-3,10,netherlands2
FC Dordrecht,8,3,1,4,9,14,-5,10,netherlands2
Jong AZ,8,3,1,4,8,15,-7,10,netherlands2
Jong PSV,8,3,0,5,11,11,0,9,netherlands2
Telstar,8,2,3,3,8,10,-2,9,netherlands2
Jong Ajax,8,2,2,4,10,14,-4,8,netherlands2
Vitesse Arnhem,8,2,2,4,10,17,-7,8,netherlands2
VVV,7,2,1,4,6,16,-10,7,netherlands2
Jong Utrecht,8,0,5,3,8,13,-5,5,netherlands2
MVV Maastricht,8,0,4,4,8,15,-7,4,netherlands2
TOP Oss,8,0,4,4,4,15,-11,4,netherlands2
Real Esteli,8,5,1,2,14,9,+5,16,nicaragua
Diriangen,8,3,4,1,16,10,+6,13,nicaragua
Matagalpa,8,3,3,2,9,12,-3,12,nicaragua
Walter Ferreti,8,3,2,3,7,6,+1,11,nicaragua
Export Sebaco,8,1,4,3,7,10,-3,7,nicaragua
Managua FC,8,1,3,4,9,15,-6,6,nicaragua
Rancho Santana,8,1,1,6,5,17,-12,4,nicaragua
UNAN Managua,8,1,0,7,6,20,-14,3,nicaragua
D. Ocotal,8,0,2,6,4,21,-17,2,nicaragua
Jalapa,8,0,2,6,6,25,-19,2,nicaragua
Linfield,8,5,2,1,15,7,+8,17,northernireland
Ballymena Utd,8,5,0,3,8,5,+3,15,northernireland
Cliftonville,8,4,1,3,16,11,+5,13,northernireland
Portadown,8,4,1,3,13,8,+5,13,northernireland
Crusaders,8,4,1,3,9,7,+2,13,northernireland
Larne,6,3,2,1,8,4,+4,11,northernireland
Dungannon,8,3,2,3,11,11,0,11,northernireland
Glentoran,8,3,1,4,12,11,+1,10,northernireland
Coleraine,8,2,2,4,14,13,+1,8,northernireland
Glenavon,8,2,2,4,4,9,-5,8,northernireland
Carrick Rangers,8,1,3,4,7,14,-7,6,northernireland
Loughgall,8,1,0,7,5,19,-14,3,northernireland
Bangor,8,7,0,1,23,12,+11,21,northernireland2
Limavady,8,4,3,1,16,9,+7,15,northernireland2
Dundela,8,4,2,2,12,8,+4,14,northernireland2
Ballyclare,8,4,0,4,10,12,-2,12,northernireland2
HW Welders,7,3,2,2,19,14,+5,11,northernireland2
Armagh City,8,2,3,3,7,14,-7,9,northernireland2
Ards,8,2,2,4,15,19,-4,8,northernireland2
Institute,8,2,2,4,10,14,-4,8,northernireland2
Ballinamallard,8,2,1,5,12,13,-1,7,northernireland2
Annagh Utd,8,1,2,5,7,11,-4,5,northernireland2
Newington,8,1,0,7,5,24,-19,3,northernireland2
Newry City,8,0,2,6,8,18,-10,2,northernireland2
Sileks,8,5,1,2,11,3,+8,16,northmacedonia
Gostivar,8,4,3,1,10,5,+5,15,northmacedonia
Struga,8,3,4,1,11,8,+3,13,northmacedonia
Shkendija,8,3,4,1,8,5,+3,13,northmacedonia
Rabotnicki,8,2,5,1,6,3,+3,11,northmacedonia
Brera Strumica,8,2,1,5,8,18,-10,7,northmacedonia
Pelister,8,1,2,5,4,12,-8,5,northmacedonia
Vardar,8,1,2,5,4,14,-10,5,northmacedonia
Voska Sport,8,1,2,5,10,21,-11,5,northmacedonia
Shkupi,8,1,1,6,8,14,-6,4,northmacedonia
Tikves,8,0,3,5,2,9,-7,3,northmacedonia
Besa,8,0,3,5,6,14,-8,3,northmacedonia
Brann,8,5,2,1,17,8,+9,17,norway
Rosenborg,8,4,2,2,13,11,+2,14,norway
Molde,8,3,3,2,13,7,+6,12,norway
Sarpsborg 08,8,3,3,2,12,14,-2,12,norway
Viking,8,3,2,3,15,13,+2,11,norway
HamKam,8,3,2,3,9,13,-4,11,norway
Bodo/Glimt,8,2,4,2,10,11,-1,10,norway
KFUM Oslo,8,3,1,4,9,10,-1,10,norway
Tromso,8,3,0,5,6,13,-7,9,norway
Sandefjord,8,2,2,4,10,12,-2,8,norway
Kristiansund,8,2,2,4,5,10,-5,8,norway
Fredrikstad,8,2,2,4,7,15,-8,8,norway
Haugesund,8,1,3,4,8,18,-10,6,norway
Stromsgodset,8,0,3,5,5,15,-10,3,norway
Odd,8,0,2,6,5,15,-10,2,norway
Lillestrom,8,0,0,8,5,23,-18,0,norway
Valerenga,8,6,2,0,18,6,+12,20,norway2
Bryne,8,5,1,2,17,10,+7,16,norway2
Aalesund,8,5,1,2,14,8,+6,16,norway2
Ranheim,8,5,1,2,16,11,+5,16,norway2
Lyn,8,4,2,2,13,11,+2,14,norway2
Raufoss,8,4,1,3,9,10,-1,13,norway2
Kongsvinger,8,3,3,2,12,9,+3,12,norway2
Start,8,3,2,3,16,17,-1,11,norway2
Asane,8,3,2,3,12,15,-3,11,norway2
Mjondalen,8,3,1,4,7,14,-7,10,norway2
Stabaek,8,3,1,4,10,18,-8,10,norway2
Egersund,8,3,0,5,12,17,-5,9,norway2
Moss,8,2,2,4,9,11,-2,8,norway2
Levanger,8,1,4,3,13,17,-4,7,norway2
Sogndal,8,2,1,5,4,13,-9,7,norway2
Sandnes Ulf,8,1,1,6,4,20,-16,4,norway2
Al-Nahda,6,5,1,0,9,2,+7,16,oman
Al Seeb,5,5,0,0,12,3,+9,15,oman
Oman Club,5,3,2,0,6,2,+4,11,oman
Al Nasr,5,2,1,2,3,2,+1,7,oman
Ibri,5,2,1,2,4,5,-1,7,oman
Saham,5,2,0,3,7,7,0,6,oman
Al-Khabourah,5,2,0,3,3,6,-3,6,oman
Bahla,4,0,2,2,2,5,-3,2,oman
Sohar,5,0,2,3,6,11,-5,2,oman
Sur,5,0,1,4,1,8,-7,1,oman
Al-Shabab Club,4,0,0,4,1,5,-4,0,oman
Al-Rustaq,4,0,0,4,3,8,-5,0,oman
San Francisco,8,5,1,2,7,6,+1,16,panama
Tauro,8,4,2,2,14,7,+7,14,panama
Costa del Este,8,4,2,2,10,8,+2,14,panama
Herrera,7,4,1,2,12,9,+3,13,panama
Plaza Amador,8,4,1,3,9,6,+3,13,panama
Alianza,8,3,3,2,10,11,-1,12,panama
Independiente,8,2,3,3,9,9,0,9,panama
San Miguelito,8,2,3,3,6,7,-1,9,panama
Universitario,8,1,5,2,10,10,0,8,panama
UMECIT,8,2,2,4,6,9,-3,8,panama
Arabe Unido,8,1,2,5,9,15,-6,5,panama
Veraguas,8,0,0,8,11,20,-9,0,panama
San Miguelito,8,4,2,2,8,4,+4,14,panama2
Independiente,8,4,2,2,12,9,+3,14,panama2
Tauro,8,3,1,4,7,10,-3,10,panama2
Plaza Amador,6,2,3,1,8,7,+1,9,panama2
Arabe Unido,8,2,3,3,6,5,+1,9,panama2
Veraguas,6,3,0,3,11,12,-1,9,panama2
UMECIT,8,2,3,3,6,7,-1,9,panama2
Universitario,7,3,0,4,6,9,-3,9,panama2
Alianza,7,2,1,4,7,10,-3,7,panama2
San Francisco,8,1,3,4,8,11,-3,6,panama2
Costa del Este,8,0,4,4,3,11,-8,4,panama2
Herrera,8,0,2,6,5,12,-7,2,panama2
Guarani,8,4,3,1,11,7,+4,15,paraguay2
S. Ameliano,8,4,2,2,12,7,+5,14,paraguay2
Olimpia,8,4,2,2,5,4,+1,14,paraguay2
2 de Mayo,8,3,3,2,9,6,+3,12,paraguay2
G. Caballero,8,3,2,3,7,6,+1,11,paraguay2
Sol de America,8,2,3,3,9,8,+1,9,paraguay2
S. Luqueno,8,2,3,3,14,14,0,9,paraguay2
Cerro Porteno,8,2,1,5,7,12,-5,7,paraguay2
Nacional,8,1,3,4,8,10,-2,6,paraguay2
Tacuary,8,1,2,5,7,12,-5,5,paraguay2
Libertad,8,1,2,5,5,14,-9,5,paraguay2
S. Trinidense,8,0,4,4,6,10,-4,4,paraguay2
S. Cristal,8,5,1,2,16,12,+4,16,peru
FBC Melgar,8,4,2,2,17,12,+5,14,peru
Universitario,8,3,4,1,7,6,+1,13,peru
Alianza Lima,8,4,0,4,12,9,+3,12,peru
Cienciano,8,3,3,2,8,9,-1,12,peru
Comerciantes U.,8,3,1,4,11,21,-10,10,peru
D. Garcilaso,8,2,2,4,11,12,-1,8,peru
ADT,8,2,2,4,11,14,-3,8,peru
Atletico Grau,8,1,2,5,6,11,-5,5,peru
Sport Huancayo,8,1,2,5,6,20,-14,5,peru
Sport Boys,8,1,1,6,7,14,-7,4,peru
Cesar Vallejo,8,0,4,4,4,13,-9,4,peru
Cusco,8,1,1,6,3,16,-13,4,peru
Cajamarca,8,0,3,5,4,12,-8,3,peru
Carlos Manucci,8,0,3,5,4,17,-13,3,peru
Union Comercio,8,0,2,6,5,16,-11,2,peru
Alianza A.,8,0,2,6,1,12,-11,2,peru
Los Chankas,8,0,2,6,6,20,-14,2,peru
Alianza Lima,8,5,1,2,11,5,+6,16,peru2
Atletico Grau,8,4,3,1,9,5,+4,15,peru2
Cusco,8,4,2,2,14,13,+1,14,peru2
Alianza A.,8,3,3,2,7,9,-2,12,peru2
Universitario,8,2,4,2,9,6,+3,10,peru2
S. Cristal,8,2,3,3,20,12,+8,9,peru2
FBC Melgar,8,2,3,3,12,13,-1,9,peru2
Sport Huancayo,8,2,2,4,8,13,-5,8,peru2
ADT,8,1,4,3,5,7,-2,7,peru2
Carlos Manucci,8,2,1,5,10,13,-3,7,peru2
Cienciano,8,2,1,5,8,18,-10,7,peru2
D. Garcilaso,8,1,2,5,7,11,-4,5,peru2
Sport Boys,8,1,2,5,5,13,-8,5,peru2
Cajamarca,8,0,3,5,3,15,-12,3,peru2
Los Chankas,8,0,2,6,5,13,-8,2,peru2
Comerciantes U.,8,0,1,7,5,19,-14,1,peru2
Union Comercio,8,0,1,7,2,18,-16,1,peru2
Cesar Vallejo,8,0,0,8,6,20,-14,0,peru2
DH Cebu,3,3,0,0,11,2,+9,9,philippines
Manila Digger,3,3,0,0,7,1,+6,9,philippines
Stallion,3,3,0,0,7,1,+6,9,philippines
One Taguig,3,2,1,0,5,2,+3,7,philippines
Davao Aguilas,3,2,0,1,5,3,+2,6,philippines
Loyola,4,2,0,2,8,9,-1,6,philippines
Kaya FC,2,1,1,0,6,2,+4,4,philippines
Maharlika,3,1,0,2,5,6,-1,3,philippines
PFF Development,3,0,1,2,0,8,-8,1,philippines
Mendiola,5,0,1,4,5,25,-20,1,philippines
Cracovia Krakow,8,6,0,2,18,11,+7,18,poland
Rakow C.,8,5,3,0,11,5,+6,18,poland
Jagiellonia,7,5,0,2,12,11,+1,15,poland
Lech Poznan,8,4,2,2,9,6,+3,14,poland
Motor Lublin,8,4,1,3,13,16,-3,13,poland
Gornik Zabrze,8,3,2,3,10,10,0,11,poland
Katowice,8,3,1,4,14,15,-1,10,poland
Piast Gliwice,8,3,1,4,6,7,-1,10,poland
Korona Kielce,8,2,4,2,7,11,-4,10,poland
Legia Warsaw,7,2,3,2,9,10,-1,9,poland
Widzew Lodz,8,2,2,4,11,14,-3,8,poland
Radomiak Radom,7,2,0,5,7,12,-5,6,poland
Zaglebie Lubin,8,1,3,4,6,14,-8,6,poland
Puszcza Niepolo,8,1,2,5,3,10,-7,5,poland
Lechia Gdansk,8,1,2,5,11,19,-8,5,poland
Pogon Szczecin,8,1,1,6,9,15,-6,4,poland
Stal Mielec,8,1,1,6,6,13,-7,4,poland
Slask Wroclaw,8,0,3,5,6,15,-9,3,poland
T. Nieciecza,8,7,0,1,18,4,+14,21,poland2
Arka Gdynia,8,4,2,2,16,7,+9,14,poland2
LKS Lodz,8,4,2,2,17,11,+6,14,poland2
Miedz Legnica,7,4,2,1,12,6,+6,14,poland2
Wisla Krakow,8,4,1,3,17,10,+7,13,poland2
Gornik Leczna,8,2,5,1,13,12,+1,11,poland2
Wisla Plock,8,3,2,3,12,14,-2,11,poland2
Stal Rzeszow,8,2,4,2,12,10,+2,10,poland2
Tychy,8,2,4,2,8,10,-2,10,poland2
Ruch Chorzow,8,3,1,4,7,10,-3,10,poland2
Warta Poznan,8,2,3,3,5,10,-5,9,poland2
Polonia Warszaw,8,2,2,4,10,14,-4,8,poland2
Znicz Pruszkow,8,1,5,2,7,11,-4,8,poland2
K. Kolobrzeg,8,2,1,5,8,16,-8,7,poland2
Odra Opole,8,1,4,3,6,19,-13,7,poland2
Stalowa Wola,8,1,2,5,5,15,-10,5,poland2
Pogon Siedlce,8,1,1,6,7,14,-7,4,poland2
Chrobry Glogow,8,1,1,6,5,17,-12,4,poland2
Pogon Grodzisk,8,6,2,0,18,5,+13,20,poland3
Wieczysta K.,8,6,1,1,20,5,+15,19,poland3
Polonia Bytom,8,4,2,2,13,10,+3,14,poland3
LKS Lodz B,8,4,1,3,11,12,-1,13,poland3
Podbeskidzie,8,3,2,3,14,12,+2,11,poland3
Rekord Bielsko,8,3,2,3,18,18,0,11,poland3
Chojniczanka,8,3,2,3,7,8,-1,11,poland3
Kalisz,8,3,2,3,5,7,-2,11,poland3
Z. Sosnowiec,8,2,3,3,7,9,-2,9,poland3
Hutnik Krakow,8,2,3,3,9,17,-8,9,poland3
Jastrzebie,8,2,2,4,7,8,-1,8,poland3
O. Grudziadz,8,2,2,4,10,12,-2,8,poland3
Resovia Rzeszow,8,2,1,5,10,15,-5,7,poland3
Swit Skolwin,8,1,3,4,7,14,-7,6,poland3
Wisla Pulawy,8,2,0,6,10,21,-11,6,poland3
SKRA Czestochow,8,1,1,6,5,18,-13,4,poland3
Zaglebie L. B,8,0,3,5,11,19,-8,3,poland3
Olimpia Elblag,8,0,1,7,6,22,-16,1,poland3
Sporting CP,6,6,0,0,24,3,+21,18,portugal
Sporting Braga,5,3,1,1,7,3,+4,10,portugal
FC Porto,5,3,0,2,11,6,+5,9,portugal
Santa Clara,6,3,0,3,8,8,0,9,portugal
Boavista,7,2,3,2,7,7,0,9,portugal
Famalicao,5,2,2,1,8,5,+3,8,portugal
Guimaraes,6,2,2,2,6,5,+1,8,portugal
Benfica,4,2,1,1,6,4,+2,7,portugal
Moreirense,7,2,0,5,9,13,-4,6,portugal
Casa Pia,5,1,2,2,4,8,-4,5,portugal
Arouca,6,1,1,4,3,12,-9,4,portugal
Rio Ave,6,1,0,5,3,15,-12,3,portugal
Nacional,6,0,2,4,1,6,-5,2,portugal
AVS,5,0,2,3,4,10,-6,2,portugal
Estoril,5,0,2,3,2,8,-6,2,portugal
Farense,6,0,2,4,2,8,-6,2,portugal
Gil Vicente,6,0,2,4,5,14,-9,2,portugal
Estrela Amadora,6,0,1,5,2,12,-10,1,portugal
Penafiel,5,4,1,0,11,5,+6,13,portugal2
Chaves,7,4,1,2,10,6,+4,13,portugal2
Tondela,6,3,3,0,14,6,+8,12,portugal2
Academico Viseu,6,3,2,1,12,7,+5,11,portugal2
Benfica B,5,3,1,1,10,5,+5,10,portugal2
Maritimo,7,3,1,3,10,11,-1,10,portugal2
Vizela,7,2,3,2,7,7,0,9,portugal2
Felgueiras,5,2,2,1,8,5,+3,8,portugal2
Uniao de Leiria,6,2,1,3,7,6,+1,7,portugal2
Pacos Ferreira,5,2,1,2,7,7,0,7,portugal2
Torreense,6,2,1,3,6,8,-2,7,portugal2
Alverca,6,1,3,2,6,7,-1,6,portugal2
Portimonense,6,1,3,2,7,9,-2,6,portugal2
Mafra,5,1,2,2,5,6,-1,5,portugal2
Feirense,6,1,2,3,1,3,-2,5,portugal2
Leixoes,6,1,2,3,3,6,-3,5,portugal2
FC Porto B,6,0,3,3,5,11,-6,3,portugal2
Oliveirense,5,0,2,3,5,11,-6,2,portugal2
Al Duhail,6,5,0,1,21,5,+16,15,qatar
Al Ahli Doha,5,3,2,0,12,6,+6,11,qatar
Al Sadd,5,3,0,2,15,10,+5,9,qatar
Al Wakrah,5,2,1,2,6,6,0,7,qatar
Al Shamal,5,2,1,2,7,8,-1,7,qatar
Qatar SC,4,2,1,1,6,7,-1,7,qatar
Al Gharafa,5,1,2,2,6,7,-1,5,qatar
Al Shahaniya,6,1,1,4,10,15,-5,4,qatar
Al Rayyan,5,1,0,4,5,11,-6,3,qatar
Umm Salal,5,1,0,4,5,11,-6,3,qatar
Al Khor,4,0,2,2,3,6,-3,2,qatar
Al Arabi,5,0,2,3,6,16,-10,2,qatar
U. Cluj,8,4,2,2,12,8,+4,14,romania
CFR Cluj,7,3,4,0,8,3,+5,13,romania
Petrolul,8,3,4,1,9,7,+2,13,romania
FCSB,8,3,3,2,10,9,+1,12,romania
Din. Bucharest,8,2,5,1,9,7,+2,11,romania
Univ. Craiova,8,3,2,3,11,11,0,11,romania
Otelul,8,2,4,2,5,5,0,10,romania
Rapid Bucharest,8,2,4,2,7,8,-1,10,romania
Sepsi OSK,8,2,3,3,13,14,-1,9,romania
Farul Constanta,8,1,4,3,6,12,-6,7,romania
Unirea Slobozia,8,2,1,5,4,12,-8,7,romania
UTA Arad,8,2,0,6,6,12,-6,6,romania
Botosani,8,1,3,4,4,11,-7,6,romania
P. Iasi,8,1,2,5,6,16,-10,5,romania
Hermannstadt,8,1,1,6,7,17,-10,4,romania
FC Buzau,8,1,1,6,10,21,-11,4,romania
Zenit,8,6,1,1,17,4,+13,19,russia
FC Krasnodar,8,5,3,0,17,6,+11,18,russia
CSKA Moscow,8,5,2,1,12,5,+7,17,russia
Dinamo Moscow,8,4,3,1,16,9,+7,15,russia
Lokomotiv M.,8,4,1,3,17,14,+3,13,russia
Rubin Kazan,8,3,3,2,11,9,+2,12,russia
Spartak Moscow,7,3,2,2,9,7,+2,11,russia
Akron,8,2,3,3,7,14,-7,9,russia
Nizhny Novgorod,8,2,2,4,9,15,-6,8,russia
Rostov,8,2,2,4,9,17,-8,8,russia
Makhachkala,8,1,4,3,3,7,-4,7,russia
Khimki,8,1,3,4,8,17,-9,6,russia
Krylya Sovetov,7,1,2,4,5,10,-5,5,russia
Akhmat Grozny,8,1,2,5,6,14,-8,5,russia
Fakel Voronezh,8,1,1,6,7,19,-12,4,russia
Orenburg,8,0,1,7,4,17,-13,1,russia
Baltika,8,6,0,2,12,7,+5,18,russia2
Chernomorets,8,5,1,2,13,11,+2,16,russia2
Torpedo Moscow,8,3,5,0,12,7,+5,14,russia2
Rotor Volgograd,8,3,3,2,8,8,0,12,russia2
PFC Sochi,8,2,5,1,11,10,+1,11,russia2
Ural,8,3,2,3,10,10,0,11,russia2
Kamaz,8,2,2,4,6,7,-1,8,russia2
Shinnik,8,1,5,2,4,7,-3,8,russia2
Chayka,8,2,2,4,4,12,-8,8,russia2
SKA Khabarovsk,8,1,4,3,7,12,-5,7,russia2
Arsenal Tula,8,0,6,2,7,10,-3,6,russia2
Rodina Moskva,8,1,3,4,6,10,-4,6,russia2
A. Vladikavkaz,8,1,3,4,2,10,-8,6,russia2
Ufa,8,1,2,5,5,12,-7,5,russia2
Sokol Saratov,8,1,2,5,4,17,-13,5,russia2
Neftekhimik,8,0,4,4,4,9,-5,4,russia2
Tyumen,8,1,1,6,7,16,-9,4,russia2
Yenisey,8,1,1,6,7,17,-10,4,russia2
Al Hilal,7,5,1,1,17,8,+9,16,saudiarabia
Al Ittihad,6,5,0,1,11,4,+7,15,saudiarabia
Al Nassr,5,4,1,0,13,5,+8,13,saudiarabia
Al Shabab,6,4,1,1,8,2,+6,13,saudiarabia
Al Riyadh,6,3,2,1,10,9,+1,11,saudiarabia
Al Quadisiya,6,3,1,2,7,6,+1,10,saudiarabia
Al Ittifaq,6,2,3,1,6,6,0,9,saudiarabia
Al Khaleej,6,3,0,3,7,9,-2,9,saudiarabia
Al Kholood,7,2,2,3,7,9,-2,8,saudiarabia
Al Ahli Jeddah,6,2,1,3,5,4,+1,7,saudiarabia
Al Raed,6,2,1,3,8,9,-1,7,saudiarabia
Al Orubah,8,2,1,5,9,19,-10,7,saudiarabia
Al Akhdoud,5,1,1,3,6,8,-2,4,saudiarabia
Al Taawon,6,1,1,4,4,8,-4,4,saudiarabia
Damak,6,1,0,5,8,14,-6,3,saudiarabia
Al Feiha,6,0,3,3,3,9,-6,3,saudiarabia
Al Wahda,5,0,1,4,4,15,-11,1,saudiarabia
Al Fateh,5,0,0,5,1,10,-9,0,saudiarabia
Neom SC,5,4,0,1,12,4,+8,12,saudiarabia2
Al Tai,6,3,2,1,5,5,0,11,saudiarabia2
Al Bukayriyah,6,3,1,2,7,4,+3,10,saudiarabia2
Al Arabi,6,3,1,2,7,8,-1,10,saudiarabia2
Abha,6,3,0,3,7,11,-4,9,saudiarabia2
Al Jubail,5,2,2,1,4,2,+2,8,saudiarabia2
Jeddah,5,2,2,1,7,8,-1,8,saudiarabia2
Al Hazm,5,2,1,2,8,8,0,7,saudiarabia2
Al Batin,6,1,4,1,7,7,0,7,saudiarabia2
Al Ain,6,2,1,3,6,7,-1,7,saudiarabia2
Al Najma,5,2,1,2,6,8,-2,7,saudiarabia2
Al Safa,5,2,1,2,4,6,-2,7,saudiarabia2
Al Jabalain,5,1,3,1,4,5,-1,6,saudiarabia2
Al Jandal,6,2,0,4,6,11,-5,6,saudiarabia2
Al Adalha,6,1,2,3,5,9,-4,5,saudiarabia2
Al Faisaly,5,1,0,4,3,7,-4,3,saudiarabia2
Al Zulfi,5,0,2,3,2,8,-6,2,saudiarabia2
Ohod,5,0,1,4,3,9,-6,1,saudiarabia2
Celtic,7,7,0,0,22,2,+20,21,scotland
Aberdeen,6,3,2,1,11,9,+2,11,scotland
Dundee Utd,7,2,4,1,8,7,+1,10,scotland
Motherwell,6,3,0,3,9,9,0,9,scotland
St. Johnstone,8,2,1,5,10,15,-5,7,scotland
Kilmarnock,8,2,1,5,10,17,-7,7,scotland
Dundee FC,7,1,3,3,7,13,-6,6,scotland
Hibernian,7,1,2,4,7,12,-5,5,scotland
Rangers,5,1,1,3,2,6,-4,4,scotland
Hearts,8,1,1,6,8,16,-8,4,scotland
St. Mirren,7,1,1,5,7,16,-9,4,scotland
Ross County,7,0,3,4,1,18,-17,3,scotland
Falkirk,8,5,1,2,12,6,+6,16,scotland2
Livingston,7,3,3,1,7,6,+1,12,scotland2
Queens Park,8,3,2,3,10,11,-1,11,scotland2
Ayr Utd,7,2,3,2,6,7,-1,9,scotland2
Partick Thistle,6,2,1,3,4,5,-1,7,scotland2
Greenock Morton,8,1,3,4,4,14,-10,6,scotland2
Hamilton,7,1,2,4,10,15,-5,5,scotland2
Dunfermline,7,0,1,6,3,10,-7,1,scotland2
Raith Rovers,6,0,1,5,2,10,-8,1,scotland2
Airdrieonians,8,0,1,7,4,17,-13,1,scotland2
Cove Rangers,8,4,1,3,15,9,+6,13,scotland3
Kelty Hearts,8,3,3,2,15,8,+7,12,scotland3
Alloa Athletic,7,2,4,1,8,7,+1,10,scotland3
Arbroath,6,2,2,2,10,9,+1,8,scotland3
Montrose,8,2,2,4,4,5,-1,8,scotland3
Dumbarton,6,1,3,2,6,8,-2,6,scotland3
Inverness,6,1,2,3,5,8,-3,5,scotland3
Stenhousemuir,7,1,2,4,4,9,-5,5,scotland3
Annan Athletic,8,1,0,7,5,21,-16,3,scotland3
Queen of South,7,0,2,5,1,7,-6,2,scotland3
Elgin City,7,3,3,1,7,5,+2,12,scotland4
Peterhead,6,3,2,1,8,4,+4,11,scotland4
Stirling Albion,6,3,1,2,8,7,+1,10,scotland4
East Fife,7,2,2,3,10,10,0,8,scotland4
Edinburgh City,6,2,2,2,10,10,0,8,scotland4
Bonnyrigg Rose,7,2,2,3,9,14,-5,8,scotland4
Spartans,7,1,3,3,8,9,-1,6,scotland4
Stranraer,7,2,0,5,5,9,-4,6,scotland4
Forfar Athletic,7,1,0,6,5,11,-6,3,scotland4
Clyde,6,0,2,4,5,13,-8,2,scotland4
Red Star,8,8,0,0,24,3,+21,24,serbia
Partizan,7,5,1,1,16,8,+8,16,serbia
Mladost Lucani,8,4,4,0,10,6,+4,16,serbia
OFK Beograd,8,4,2,2,8,6,+2,14,serbia
Vojvodina,8,3,3,2,15,9,+6,12,serbia
Radnicki 1923,8,3,2,3,15,11,+4,11,serbia
Backa Topola,6,3,1,2,12,8,+4,10,serbia
Z. Pancevo,8,3,0,5,7,11,-4,9,serbia
Cukaricki,8,1,5,2,11,14,-3,8,serbia
IMT N. Beograd,8,2,1,5,12,16,-4,7,serbia
Napredak,8,1,4,3,4,8,-4,7,serbia
Novi Pazar,8,2,1,5,9,16,-7,7,serbia
Radnicki Nis,7,2,1,4,10,18,-8,7,serbia
S. Subotica,8,1,3,4,5,11,-6,6,serbia
Tekstilac Odzac,8,1,1,6,3,14,-11,4,serbia
Jedinstvo U.,8,0,1,7,5,19,-14,1,serbia
Mladost,8,3,5,0,9,4,+5,14,serbia2
Javor Ivanjica,8,3,4,1,9,5,+4,13,serbia2
Macva Sabac,8,4,1,3,8,7,+1,13,serbia2
Dubocica,8,2,4,2,10,9,+1,10,serbia2
R. Surdulica,8,2,3,3,6,6,0,9,serbia2
Vozdovac,8,3,0,5,7,10,-3,9,serbia2
Indija,8,2,3,3,5,9,-4,9,serbia2
Vrsac,8,2,3,3,9,14,-5,9,serbia2
Trajal Krusevac,8,2,1,5,7,12,-5,7,serbia2
Smederevo,8,2,0,6,3,12,-9,6,serbia2
Zemun,8,0,5,3,7,12,-5,5,serbia2
S. Mitrovica,8,0,5,3,4,10,-6,5,serbia2
Graficar,8,1,1,6,7,16,-9,4,serbia2
Borac Cacak,8,0,4,4,4,16,-12,4,serbia2
Sloboda Uzice,8,1,0,7,4,12,-8,3,serbia2
Sloven Ruma,8,0,2,6,3,17,-14,2,serbia2
Geylang,8,5,3,0,30,12,+18,18,singapore
Lion City,8,5,2,1,26,9,+17,17,singapore
Tampines Rovers,8,5,2,1,22,8,+14,17,singapore
Young Lions,8,3,2,3,16,15,+1,11,singapore
DPMM FC,8,3,1,4,17,20,-3,10,singapore
A. Niigata (S),8,3,1,4,10,19,-9,10,singapore
Khalsa,8,2,3,3,25,24,+1,9,singapore
Hougang,8,1,2,5,11,25,-14,5,singapore
Tanjong Pagar,8,0,1,7,8,34,-26,1,singapore
S. Bratislava,8,7,1,0,20,8,+12,22,slovakia
Zilina,8,4,3,1,15,5,+10,15,slovakia
DAC Streda,8,4,3,1,13,5,+8,15,slovakia
Spartak Trnava,8,4,3,1,13,8,+5,15,slovakia
Komarno,7,3,0,4,10,13,-3,9,slovakia
FC Kosice,7,2,2,3,9,10,-1,8,slovakia
Z. Michalovce,8,2,2,4,9,14,-5,8,slovakia
Podbrezova,8,2,2,4,7,13,-6,8,slovakia
Ruzomberok,8,1,2,5,10,16,-6,5,slovakia
Banska Bystrica,7,0,4,3,4,8,-4,4,slovakia
Trencin,8,0,4,4,5,15,-10,4,slovakia
Skalica,8,1,1,6,9,21,-12,4,slovakia
Presov,7,5,1,1,13,8,+5,16,slovakia2
Zlate Moravce,7,5,0,2,6,3,+3,15,slovakia2
L. Mikulas,7,3,3,1,13,10,+3,12,slovakia2
Petrzalka,7,3,2,2,8,6,+2,11,slovakia2
Malzenice,5,2,1,2,8,7,+1,7,slovakia2
S. Bratislava B,8,2,0,6,9,14,-5,6,slovakia2
Puchov,7,1,3,3,7,12,-5,6,slovakia2
Zilina B,7,2,0,5,7,15,-8,6,slovakia2
Samorin,8,2,0,6,10,19,-9,6,slovakia2
Humenne,7,1,2,4,6,10,-4,5,slovakia2
P. Bystrica,7,1,2,4,6,12,-6,5,slovakia2
Pohronie,7,1,2,4,7,15,-8,5,slovakia2
Zvolen,7,1,1,5,3,15,-12,4,slovakia2
S. Lubovna,7,1,0,6,5,9,-4,3,slovakia2
NK Olimpija,8,6,2,0,9,1,+8,20,slovenia
Koper,8,5,0,3,9,5,+4,15,slovenia
Maribor,8,3,3,2,10,6,+4,12,slovenia
Bravo,8,3,3,2,12,11,+1,12,slovenia
NK Celje,8,3,2,3,14,12,+2,11,slovenia
Primorje,8,3,1,4,11,17,-6,10,slovenia
Radomlje,7,2,0,5,8,10,-2,6,slovenia
Mura,8,1,2,5,9,15,-6,5,slovenia
Domzale,8,1,1,6,5,19,-14,4,slovenia
Nafta,8,0,1,7,3,16,-13,1,slovenia
Kaizer Chiefs,4,2,1,1,7,5,+2,7,southafrica
Orlando Pirates,2,2,0,0,3,0,+3,6,southafrica
Golden Arrows,4,2,0,2,5,6,-1,6,southafrica
Polokwane,5,2,0,3,3,6,-3,6,southafrica
Stellenbosch,3,1,2,0,3,1,+2,5,southafrica
TS Galaxy,6,1,2,3,6,7,-1,5,southafrica
Magesi,4,1,1,2,1,3,-2,4,southafrica
Mamelodi S.,2,1,0,1,2,2,0,3,southafrica
AmaZulu,4,1,0,3,5,6,-1,3,southafrica
Royal AM,4,0,3,1,3,4,-1,3,southafrica
Tshakhuma,4,1,0,3,2,7,-5,3,southafrica
SuperSport Utd,5,0,2,3,0,5,-5,2,southafrica
Chippa Utd,3,0,1,2,2,5,-3,1,southafrica
Richards Bay,5,0,1,4,1,6,-5,1,southafrica
Cape Town City,3,0,1,2,1,7,-6,1,southafrica
Sekhukhune,2,0,0,2,0,5,-5,0,southafrica
Orbit College,6,3,2,1,7,5,+2,11,southafrica2
Casric Stars,8,3,2,3,7,8,-1,11,southafrica2
Milford,6,3,1,2,9,8,+1,10,southafrica2
JDR Stars,7,3,1,3,7,7,0,10,southafrica2
Durban City,6,2,3,1,7,5,+2,9,southafrica2
Upington City,6,2,2,2,6,5,+1,8,southafrica2
Pretoria C.,7,2,2,3,4,6,-2,8,southafrica2
Baroka,7,2,2,3,5,8,-3,8,southafrica2
Black Leopards,4,2,1,1,5,5,0,7,southafrica2
Pretoria U.,5,2,1,2,2,3,-1,7,southafrica2
Highbury,6,1,3,2,6,5,+1,6,southafrica2
Kruger United,5,1,2,2,5,4,+1,5,southafrica2
Hungry Lions,5,1,1,3,6,7,-1,4,southafrica2
Venda FC,6,1,1,4,6,10,-4,4,southafrica2
Leruma United,4,1,0,3,2,8,-6,3,southafrica2
Cape Town Spurs,6,0,2,4,0,6,-6,2,southafrica2
Daejeon Citizen,8,4,3,1,13,9,+4,15,southkorea
Seoul,8,4,2,2,9,7,+2,14,southkorea
Incheon Utd,8,4,1,3,9,7,+2,13,southkorea
Ulsan,8,3,3,2,5,4,+1,12,southkorea
Gwangju,8,3,1,4,5,8,-3,10,southkorea
Daegu,8,2,3,3,11,10,+1,9,southkorea
Gimcheon Sangmu,8,3,0,5,10,11,-1,9,southkorea
Jeonbuk Motors,8,2,2,4,13,14,-1,8,southkorea
Gangwon,8,2,1,5,8,15,-7,7,southkorea
Jeju Utd,8,2,1,5,8,17,-9,7,southkorea
Suwon City,8,1,3,4,8,12,-4,6,southkorea
Pohang Steelers,8,1,2,5,13,17,-4,5,southkorea
Busan IPark,8,6,0,2,17,11,+6,18,southkorea2
Seoul E-Land,8,4,3,1,15,7,+8,15,southkorea2
Asan,8,5,0,3,14,10,+4,15,southkorea2
Gimpo,8,3,3,2,8,6,+2,12,southkorea2
Cheonan City,8,3,3,2,14,13,+1,12,southkorea2
Suwon Bluewings,8,2,5,1,10,8,+2,11,southkorea2
Jeonnam,8,3,1,4,13,11,+2,10,southkorea2
Cheongju,8,2,3,3,5,7,-2,9,southkorea2
Anyang,8,2,2,4,8,9,-1,8,southkorea2
Bucheon FC,8,2,2,4,11,13,-2,8,southkorea2
Ansan Greeners,8,1,2,5,8,13,-5,5,southkorea2
Gyeongnam,8,0,5,3,8,14,-6,5,southkorea2
Seongnam,8,0,3,5,6,18,-12,3,southkorea2
FC Barcelona,8,5,1,2,22,10,+12,16,spain
Atletico Madrid,8,4,3,1,12,5,+7,15,spain
Villarreal,7,4,2,1,11,9,+2,14,spain
Real Madrid,6,3,3,0,10,4,+6,12,spain
Mallorca,7,4,0,3,9,8,+1,12,spain
Real Sociedad,7,3,2,2,4,2,+2,11,spain
Las Palmas,8,3,0,5,11,15,-4,9,spain
Athletic Bilbao,6,2,2,2,8,7,+1,8,spain
Rayo Vallecano,7,2,2,3,5,6,-1,8,spain
Girona,7,2,2,3,5,8,-3,8,spain
Sevilla FC,7,1,3,3,7,11,-4,6,spain
Real Betis,7,1,3,3,6,10,-4,6,spain
Leganes,8,0,5,3,8,13,-5,5,spain
Osasuna,6,1,2,3,4,12,-8,5,spain
Celta Vigo,7,1,1,5,10,18,-8,4,spain
Alaves,8,1,0,7,8,17,-9,3,spain
Valladolid,7,1,0,6,5,20,-15,3,spain
Getafe,6,0,2,4,3,7,-4,2,spain
Valencia,7,0,2,5,3,13,-10,2,spain
Espanyol,7,0,1,6,4,17,-13,1,spain
Racing,8,7,1,0,13,5,+8,22,spain2
Castellon,8,4,2,2,16,11,+5,14,spain2
Granada,8,4,2,2,13,11,+2,14,spain2
Almeria,8,4,1,3,13,13,0,13,spain2
Real Zaragoza,8,3,3,2,11,10,+1,12,spain2
Deportivo,8,3,2,3,17,12,+5,11,spain2
Levante,8,3,2,3,8,9,-1,11,spain2
Mirandes,8,3,2,3,7,8,-1,11,spain2
Sporting Gijon,8,2,4,2,12,10,+2,10,spain2
Elche,8,2,3,3,7,7,0,9,spain2
Cadiz,8,2,3,3,9,11,-2,9,spain2
Albacete,8,2,2,4,10,13,-3,8,spain2
Huesca,8,2,1,5,8,8,0,7,spain2
Malaga,8,0,7,1,8,10,-2,7,spain2
Burgos,8,2,1,5,6,12,-6,7,spain2
Racing Ferrol,7,1,3,3,3,7,-4,6,spain2
Cartagena,8,2,0,6,7,14,-7,6,spain2
Eibar,8,1,2,5,5,9,-4,5,spain2
Eldense,8,1,2,5,6,12,-6,5,spain2
Real Oviedo,8,0,5,3,4,12,-8,5,spain2
Tenerife,8,0,2,6,7,17,-10,2,spain2
Cordoba,8,0,1,7,3,18,-15,1,spain2
AIK,8,6,0,2,9,5,+4,18,sweden
Hammarby,8,5,1,2,13,3,+10,16,sweden
Sirius,8,4,1,3,12,11,+1,13,sweden
Elfsborg,8,3,3,2,15,14,+1,12,sweden
Malmo FF,8,2,5,1,11,10,+1,11,sweden
Hacken,8,3,2,3,13,14,-1,11,sweden
GAIS,8,3,2,3,8,10,-2,11,sweden
Djurgarden,8,3,1,4,6,13,-7,10,sweden
IFK Goteborg,8,2,3,3,10,11,-1,9,sweden
Norrkoping,8,2,3,3,9,11,-2,9,sweden
Mjallby,8,2,3,3,7,9,-2,9,sweden
Brommapojkarna,8,2,2,4,14,16,-2,8,sweden
Varnamo,8,1,5,2,5,7,-2,8,sweden
Kalmar,8,1,4,3,9,13,-4,7,sweden
Halmstad,8,1,1,6,6,18,-12,4,sweden
Vasteras,8,1,0,7,5,15,-10,3,sweden
Degerfors,8,4,3,1,12,6,+6,15,sweden2
Varberg BoIS,8,4,2,2,21,14,+7,14,sweden2
Orgryte,8,4,2,2,11,7,+4,14,sweden2
Helsingborg,8,4,1,3,13,10,+3,13,sweden2
Oster,8,3,3,2,9,7,+2,12,sweden2
Oddevold,8,3,3,2,12,13,-1,12,sweden2
GIF Sundsvall,8,3,2,3,7,9,-2,11,sweden2
Brage,8,2,3,3,6,8,-2,9,sweden2
Trelleborg,8,3,0,5,10,13,-3,9,sweden2
Landskrona,8,2,1,5,9,12,-3,7,sweden2
Orebro,8,1,3,4,9,14,-5,6,sweden2
Utsikten,8,1,3,4,7,13,-6,6,sweden2
Gefle,8,2,0,6,4,17,-13,6,sweden2
Sandviken,8,1,2,5,11,18,-7,5,sweden2
Skovde AIK,8,0,4,4,10,20,-10,4,sweden2
Ostersunds,8,0,1,7,7,19,-12,1,sweden2
FC Zurich,8,4,2,2,13,12,+1,14,switzerland
FC Basel,8,4,1,3,24,10,+14,13,switzerland
Luzern,8,3,3,2,15,15,0,12,switzerland
Servette,8,3,2,3,11,12,-1,11,switzerland
Lugano,7,2,3,2,7,8,-1,9,switzerland
St. Gallen,7,2,2,3,10,11,-1,8,switzerland
Lausanne Sport,8,1,3,4,7,12,-5,6,switzerland
BSC Young Boys,8,1,3,4,8,14,-6,6,switzerland
Yverdon,8,1,3,4,7,13,-6,6,switzerland
Sion,7,1,1,5,4,11,-7,4,switzerland
Grasshopper,8,1,1,6,4,12,-8,4,switzerland
Winterthur,8,0,2,6,6,21,-15,2,switzerland
Bangkok Utd,8,5,1,2,18,12,+6,16,thailand
Pathum Utd,8,3,3,2,14,12,+2,12,thailand
Port FC,7,3,3,1,11,9,+2,12,thailand
Buriram Utd,5,3,2,0,13,1,+12,11,thailand
N. Ratchasima,8,2,4,2,8,10,-2,10,thailand
Uthai Thani,8,2,2,4,8,12,-4,8,thailand
Prachuap,7,1,3,3,5,12,-7,6,thailand
Sukhothai,8,1,3,4,8,17,-9,6,thailand
Rayong,7,2,0,5,5,15,-10,6,thailand
Lamphun Warrior,7,1,2,4,7,12,-5,5,thailand
Khon Kaen Utd,6,1,1,4,2,11,-9,4,thailand
Muang Thong Utd,4,0,3,1,3,4,-1,3,thailand
Chiangrai Utd,6,1,0,5,3,13,-10,3,thailand
N. Bua Pitchaya,6,0,2,4,8,18,-10,2,thailand
Nakhon Pathom,8,0,2,6,6,17,-11,2,thailand
Ratchaburi,5,0,1,4,5,11,-6,1,thailand
Phrae Utd,7,6,0,1,12,6,+6,18,thailand2
Kasetsart,7,3,4,0,13,10,+3,13,thailand2
Chiangmai Utd,8,3,4,1,12,10,+2,13,thailand2
Ayutthaya Utd,7,3,2,2,9,6,+3,11,thailand2
Bangkok FC,7,3,1,3,10,12,-2,10,thailand2
Kanchanaburi,6,1,5,0,10,9,+1,8,thailand2
Lampang,6,2,2,2,11,11,0,8,thailand2
Chonburi,7,2,2,3,9,10,-1,8,thailand2
Pattaya United,7,1,2,4,11,10,+1,5,thailand2
Sisaket Utd,5,1,2,2,2,4,-2,5,thailand2
Chanthaburi,7,1,2,4,4,10,-6,5,thailand2
Chainat,7,0,4,3,3,6,-3,4,thailand2
Mahasarakham,6,1,1,4,4,8,-4,4,thailand2
Trat FC,6,1,1,4,4,8,-4,4,thailand2
Police Tero,7,0,2,5,8,14,-6,2,thailand2
Nakhon Si,8,0,2,6,4,17,-13,2,thailand2
Samut Prakan,6,0,1,5,4,10,-6,1,thailand2
Suphanburi,8,0,0,8,2,17,-15,0,thailand2
Fenerbahce,7,5,2,0,22,8,+14,17,turkey
Galatasaray,5,5,0,0,14,3,+11,15,turkey
Samsunspor,6,5,0,1,14,5,+9,15,turkey
Kasimpasa,6,3,3,0,10,6,+4,12,turkey
Besiktas,6,2,3,1,8,4,+4,9,turkey
Eyupspor,7,2,3,2,8,8,0,9,turkey
Kayserispor,6,2,3,1,6,7,-1,9,turkey
Rizespor,6,3,0,3,6,10,-4,9,turkey
Konyaspor,8,3,0,5,9,15,-6,9,turkey
Sivasspor,7,2,1,4,9,14,-5,7,turkey
Basaksehir,7,2,1,4,6,11,-5,7,turkey
Goztepe,7,1,2,4,10,14,-4,5,turkey
Alanyaspor,6,1,2,3,5,9,-4,5,turkey
Trabzonspor,7,0,4,3,4,8,-4,4,turkey
Gaziantep,6,1,1,4,9,14,-5,4,turkey
Antalyaspor,6,1,1,4,7,14,-7,4,turkey
Bodrumspor,7,1,1,5,4,15,-11,4,turkey
Hatayspor,6,0,2,4,6,11,-5,2,turkey
Adana Demirspor,6,0,2,4,4,13,-9,2,turkey
Pendikspor,7,4,1,2,11,10,+1,13,turkey2
Kocaelispor,6,4,0,2,10,8,+2,12,turkey2
Corum,7,3,2,2,11,9,+2,11,turkey2
Igdir,7,3,2,2,7,9,-2,11,turkey2
Amed SK,7,2,4,1,7,6,+1,10,turkey2
Keciorengucu,7,2,4,1,6,8,-2,10,turkey2
Bandirmaspor,6,2,3,1,8,7,+1,9,turkey2
Erokspor,7,3,0,4,9,10,-1,9,turkey2
F. Karagumruk,6,2,2,2,11,9,+2,8,turkey2
Erzurum BB,7,2,1,4,5,8,-3,7,turkey2
Genclerbirligi,7,2,1,4,5,8,-3,7,turkey2
Umraniyespor,7,2,1,4,7,13,-6,7,turkey2
Istanbulspor,6,2,0,4,8,9,-1,6,turkey2
Boluspor,6,1,3,2,5,7,-2,6,turkey2
Sakaryaspor,7,1,3,3,9,13,-4,6,turkey2
Manisa BB,8,2,0,6,8,15,-7,6,turkey2
Sanliurfaspor,7,1,2,4,5,10,-5,5,turkey2
Ankaragucu,6,1,0,5,5,8,-3,3,turkey2
Adanaspor,7,0,3,4,3,17,-14,3,turkey2
Y. Malatyaspor,7,0,0,7,3,23,-20,0,turkey2
Shabab Al Ahli,3,3,0,0,11,3,+8,9,uae
Al Sharjah,4,3,0,1,11,4,+7,9,uae
Khorfakkan,5,3,0,2,12,14,-2,9,uae
Al Wahda,4,2,1,1,7,6,+1,7,uae
Al Nasr,5,2,0,3,11,13,-2,6,uae
Al Ain,2,1,1,0,7,5,+2,4,uae
Al Jazira,4,1,1,2,8,9,-1,4,uae
Ittihad Kalba,4,1,1,2,3,4,-1,4,uae
Al Wasl,4,0,3,1,6,8,-2,3,uae
Al Bataeh,4,1,0,3,4,8,-4,3,uae
Dibba Al Hisn,4,0,2,2,3,8,-5,2,uae
Bani Yas,4,0,1,3,3,8,-5,1,uae
Al Urooba,3,0,0,3,1,7,-6,0,uae
Ajman,4,0,0,4,2,11,-9,0,uae
Dynamo Kyiv,5,5,0,0,15,3,+12,15,ukraine
Kryvbas KR,7,4,1,2,7,6,+1,13,ukraine
Shakhtar,6,3,2,1,12,6,+6,11,ukraine
Oleksandria,5,3,2,0,6,2,+4,11,ukraine
Zorya Luhansk,8,3,1,4,8,10,-2,10,ukraine
Polessya,6,3,0,3,10,8,+2,9,ukraine
Veres,5,2,2,1,5,4,+1,8,ukraine
Rukh Lviv,7,1,4,2,7,7,0,7,ukraine
Karpaty Lviv,6,2,1,3,5,10,-5,7,ukraine
Kolos Kovalivka,7,1,3,3,5,7,-2,6,ukraine
Vorskla Poltava,8,1,3,4,7,12,-5,6,ukraine
Livyi Bereh,7,1,2,4,3,8,-5,5,ukraine
LNZ Cherkasy,7,1,2,4,6,14,-8,5,ukraine
Inhulets,8,1,2,5,7,17,-10,5,ukraine
Obolon,7,1,1,5,2,13,-11,4,ukraine
Chornomorets,6,0,2,4,4,9,-5,2,ukraine
Dnipro-1,0,0,0,0,0,0,0,0,ukraine
Defensor S.,4,3,0,1,5,2,+3,9,uruguay2
Danubio,4,2,2,0,7,5,+2,8,uruguay2
Cerro Largo,3,2,1,0,3,0,+3,7,uruguay2
Nacional,3,2,0,1,10,3,+7,6,uruguay2
Penarol,3,2,0,1,5,3,+2,6,uruguay2
River Plate,4,2,0,2,4,3,+1,6,uruguay2
Miramar Misione,4,2,0,2,4,7,-3,6,uruguay2
D. Maldonado,4,1,2,1,3,3,0,5,uruguay2
Wanderers,3,1,1,1,3,4,-1,4,uruguay2
Rampla Juniors,4,1,1,2,3,7,-4,4,uruguay2
Racing CM,4,0,3,1,6,7,-1,3,uruguay2
Fenix,3,1,0,2,4,5,-1,3,uruguay2
Cerro,3,1,0,2,1,3,-2,3,uruguay2
Progreso,3,0,2,1,4,6,-2,2,uruguay2
Boston River,3,0,1,2,1,3,-2,1,uruguay2
Liverpool M.,4,0,0,4,3,8,-5,0,uruguay2
Columbus Crew,8,5,2,1,19,8,+11,17,usa
Inter Miami,8,5,2,1,16,14,+2,17,usa
Seattle,8,5,1,2,15,7,+8,16,usa
Los Angeles FC,8,5,1,2,15,10,+5,16,usa
DC United,8,5,1,2,16,19,-3,16,usa
Orlando City,8,5,0,3,19,15,+4,15,usa
Houston Dynamo,8,5,0,3,14,11,+3,15,usa
Minnesota Utd,8,4,2,2,12,8,+4,14,usa
Cincinnati,8,4,1,3,13,14,-1,13,usa
Vancouver,8,3,2,3,13,12,+1,11,usa
Austin,8,3,1,4,8,10,-2,10,usa
Charlotte,8,2,3,3,11,10,+1,9,usa
LA Galaxy,8,3,0,5,12,13,-1,9,usa
Real Salt Lake,8,2,3,3,11,16,-5,9,usa
Atlanta Utd,8,2,2,4,9,14,-5,8,usa
New York RB,8,1,4,3,10,10,0,7,usa
New York City,8,1,4,3,12,13,-1,7,usa
Portland,8,1,4,3,12,14,-2,7,usa
Toronto,8,2,1,5,5,15,-10,7,usa
Philadelphia,8,2,0,6,17,19,-2,6,usa
Dallas,8,1,3,4,13,16,-3,6,usa
Colorado Rapids,8,2,0,6,12,20,-8,6,usa
St. Louis City,8,1,3,4,11,19,-8,6,usa
Nashville SC,8,2,0,6,8,16,-8,6,usa
CF Montreal,8,1,3,4,10,19,-9,6,usa
Chicago Fire,8,1,1,6,8,14,-6,4,usa
Sporting KC,8,1,1,6,7,17,-10,4,usa
SJ Earthquakes,8,1,1,6,7,20,-13,4,usa
New England,8,1,0,7,9,26,-17,3,usa
Detroit City,8,4,3,1,13,7,+6,15,usa2
Pittsburgh,8,4,2,2,12,5,+7,14,usa2
Las Vegas L.,8,4,2,2,14,10,+4,14,usa2
Louisville City,8,3,2,3,13,12,+1,11,usa2
Colorado S.,8,3,2,3,11,12,-1,11,usa2
New Mexico,8,3,2,3,7,9,-2,11,usa2
San Antonio,8,3,2,3,6,9,-3,11,usa2
Oakland Roots,8,3,2,3,9,17,-8,11,usa2
Hartford A.,8,2,4,2,12,12,0,10,usa2
Memphis,8,3,1,4,14,15,-1,10,usa2
FC Tulsa,8,3,1,4,9,11,-2,10,usa2
North Carolina,8,3,1,4,9,11,-2,10,usa2
Phoenix Rising,8,3,1,4,5,11,-6,10,usa2
Rhode Island,8,2,3,3,8,8,0,9,usa2
Birmingham L.,8,2,2,4,13,14,-1,8,usa2
Loudoun Utd,8,2,2,4,7,8,-1,8,usa2
Monterey Bay,8,2,2,4,9,13,-4,8,usa2
El Paso,8,2,2,4,3,9,-6,8,usa2
Charleston,8,1,3,4,8,15,-7,6,usa2
Indy Eleven,8,1,3,4,3,13,-10,6,usa2
Orange County,8,1,3,4,3,14,-11,6,usa2
Tampa Bay,8,1,2,5,9,16,-7,5,usa2
Sacramento R.,8,1,1,6,9,15,-6,4,usa2
Miami FC,8,0,0,8,2,24,-22,0,usa2
N. Colorado,8,5,2,1,10,5,+5,17,usa3
Charlotte I.,8,4,4,0,14,8,+6,16,usa3
Union Omaha,8,5,1,2,17,12,+5,16,usa3
Forward Madison,8,3,3,2,14,9,+5,12,usa3
Greenville,8,4,0,4,14,14,0,12,usa3
One Knoxville,8,2,4,2,4,4,0,10,usa3
Lexington,8,2,2,4,13,17,-4,8,usa3
Spokane V.,8,2,2,4,7,12,-5,8,usa3
Chattanooga RW,8,2,1,5,10,15,-5,7,usa3
Richmond K.,8,1,3,4,8,15,-7,6,usa3
Tormenta,8,1,3,4,8,17,-9,6,usa3
Central Valley,8,1,1,6,10,24,-14,4,usa3
Sogdiana,8,5,2,1,12,4,+8,17,uzbekistan
Nasaf Qarshi,8,5,2,1,9,5,+4,17,uzbekistan
Navbahor,8,5,1,2,15,9,+6,16,uzbekistan
Neftchi,8,3,4,1,8,4,+4,13,uzbekistan
Bunyodkor,8,4,1,3,11,10,+1,13,uzbekistan
Dinamo Samarqan,8,4,0,4,14,15,-1,12,uzbekistan
AGMK,8,3,2,3,10,10,0,11,uzbekistan
Termez Surkhon,8,3,1,4,9,12,-3,10,uzbekistan
L. Tashkent,8,2,2,4,8,12,-4,8,uzbekistan
Metallurg,8,1,3,4,7,10,-3,6,uzbekistan
Pakhtakor,8,2,0,6,9,17,-8,6,uzbekistan
FK Olympic,8,1,3,4,8,18,-10,6,uzbekistan
Andijan,8,0,5,3,9,16,-7,5,uzbekistan
Qizilqum,8,0,3,5,4,11,-7,3,uzbekistan
Thanh Hoa,5,4,1,0,9,3,+6,13,vietnam
Nam Dinh,5,3,1,1,9,3,+6,10,vietnam
Viettel,4,2,2,0,8,2,+6,8,vietnam
Hong Linh Ha T.,4,1,3,0,6,4,+2,6,vietnam
Cong An Nhan,5,1,2,2,6,5,+1,5,vietnam
Ha Noi,4,1,2,1,5,4,+1,5,vietnam
Ho Chi Minh,4,1,2,1,3,5,-2,5,vietnam
Gia Lai,5,1,1,3,6,8,-2,4,vietnam
Binh Duong,5,1,1,3,3,5,-2,4,vietnam
Binh Dinh,4,1,1,2,1,4,-3,4,vietnam
Hai Phong,5,0,3,2,4,7,-3,3,vietnam
Quang Nam,4,0,2,2,0,2,-2,2,vietnam
Song Lam Nghe,4,0,2,2,4,9,-5,2,vietnam
Da Nang,5,0,1,4,2,12,-10,1,vietnam
Phu Dong,3,3,0,0,6,0,+6,9,vietnam2
Binh Phuoc,3,2,1,0,2,0,+2,7,vietnam2
PVF-CAND,3,1,2,0,3,0,+3,5,vietnam2
Hue,2,1,0,1,4,3,+1,3,vietnam2
Dong Thap,2,0,2,0,2,2,0,2,vietnam2
Ho Chi Minh B,2,0,1,1,1,3,-2,1,vietnam2
Long An,2,0,1,1,0,2,-2,1,vietnam2
S. Khanh Hoa,2,0,1,1,0,2,-2,1,vietnam2
Dong Nai,3,0,1,2,2,6,-4,1,vietnam2
Ba Ria Vung Tau,1,0,0,1,2,3,-1,0,vietnam2
Hoa Binh,2,0,0,2,1,3,-2,0,vietnam2
The New Saints,8,6,0,2,23,11,+12,18,wales
Penybont,8,5,2,1,15,6,+9,17,wales
Caernarfon,8,5,2,1,12,6,+6,17,wales
Haverfordwest,8,5,1,2,11,5,+6,16,wales
Cardiff MU,8,4,0,4,11,10,+1,12,wales
Connahs Quay,8,3,2,3,13,9,+4,11,wales
Barry,8,3,2,3,11,15,-4,11,wales
Bala Town,8,1,7,0,11,10,+1,10,wales
Newtown,8,2,3,3,9,13,-4,9,wales
Flint,8,2,1,5,11,20,-9,7,wales
Briton Ferry,7,1,0,6,6,13,-7,3,wales
Aberystwyth,8,1,0,7,5,22,-17,3,wales
