4+,3,2,1,0,Avg.,Team_Home,Avg.,0,1,2,3,4+
1,-,-,4,3,1.00,A. Tucuman,0.63,4,3,1,-,-
-,-,1,2,5,0.50,Aldosivi,1.25,2,2,4,-,-
1,-,2,2,4,1.11,Argentinos Jrs,0.11,8,1,-,-,-
-,-,2,3,3,0.88,Banfield,0.00,8,-,-,-,-
-,-,-,6,2,0.75,Barracas C.,0.38,5,3,-,-,-
-,-,-,5,3,0.63,Belgrano,0.88,3,4,-,1,-
-,-,1,3,4,0.63,Boca Juniors,0.13,7,1,-,-,-
-,-,1,3,5,0.56,Central Cordoba,0.33,7,1,1,-,-
-,-,-,1,7,0.13,D. Riestra,0.00,8,-,-,-,-
-,-,-,1,6,0.14,Defensa y J.,0.00,7,-,-,-,-
-,1,-,2,4,0.71,Estudiantes,0.43,4,3,-,-,-
-,-,-,3,5,0.38,Gimnasia,0.25,6,2,-,-,-
-,-,-,2,6,0.25,Godoy Cruz,0.38,6,1,1,-,-
-,-,-,3,5,0.38,Huracan,0.25,6,2,-,-,-
-,-,-,3,5,0.38,I. Rivadavia,0.63,5,1,2,-,-
1,-,1,2,4,1.00,Independiente,0.13,7,1,-,-,-
-,-,-,3,4,0.43,Instituto,0.29,5,2,-,-,-
-,-,1,2,5,0.50,Lanus,0.25,6,2,-,-,-
-,-,1,2,5,0.50,Newells,0.25,6,2,-,-,-
-,-,-,2,6,0.25,Platense,0.38,5,3,-,-,-
-,-,-,4,3,0.57,Racing Club,0.43,5,1,1,-,-
-,1,1,1,6,0.67,River Plate,0.44,5,4,-,-,-
-,-,1,5,1,1.00,Rosario Central,0.29,5,2,-,-,-
-,-,-,3,5,0.38,San Lorenzo,0.38,5,3,-,-,-
-,-,-,2,6,0.25,Sarmiento,0.38,5,3,-,-,-
-,-,-,1,8,0.11,SM San Juan,0.44,6,2,1,-,-
-,-,-,4,4,0.50,T. de Cordoba,0.63,4,3,1,-,-
-,-,1,3,4,0.63,Tigre,0.25,6,2,-,-,-
-,-,-,4,5,0.44,Union Santa Fe,0.44,5,4,-,-,-
-,-,-,-,8,0.00,Velez Sarsfield,0.50,5,2,1,-,-
,,,,,,,,,,,,
1%,1%,5%,34%,59%,0.52,League avg.,0.37,69%,25%,5%,0%,0%
-,-,1,2,5,0.50,A. Quilmes,0.38,5,3,-,-,-
-,-,1,2,4,0.57,Acassuso,0.00,7,-,-,-,-
-,-,-,2,6,0.25,Argentino Merlo,0.38,5,3,-,-,-
-,-,-,1,6,0.14,Brown de A.,0.29,6,-,1,-,-
-,-,1,2,4,0.57,Comunicaciones,0.14,6,1,-,-,-
-,-,1,2,4,0.57,D. Armenio,0.71,3,3,1,-,-
-,1,1,1,4,0.86,D. Laferrere,0.29,5,2,-,-,-
-,-,1,-,6,0.29,Deportivo Merlo,0.43,4,3,-,-,-
-,-,2,2,3,0.86,Dock Sud,0.57,3,4,-,-,-
-,-,1,4,2,0.86,Excursionistas,0.00,7,-,-,-,-
-,-,-,1,6,0.14,Fenix,0.57,4,2,1,-,-
-,-,-,1,6,0.14,Flandria,0.29,5,2,-,-,-
-,-,1,1,5,0.43,Liniers,0.14,6,1,-,-,-
-,-,1,2,4,0.57,Midland,0.00,7,-,-,-,-
-,-,2,2,3,0.86,Real Pilar,0.43,4,3,-,-,-
-,-,-,1,6,0.14,S. Italiano,0.14,6,1,-,-,-
-,-,-,2,5,0.29,Sacachispas,0.57,4,2,1,-,-
-,-,-,4,3,0.57,SM Burzaco,0.14,6,1,-,-,-
-,-,-,3,4,0.43,UAI Urquiza,0.57,4,2,1,-,-
-,-,2,3,2,1.00,V. San Carlos,0.29,5,2,-,-,-
-,1,-,2,5,0.63,Villa Dalmine,0.75,4,2,2,-,-
,,,,,,,,,,,,
0%,1%,10%,27%,62%,0.51,League avg.,0.34,71%,25%,5%,0%,0%
-,-,-,3,10,0.23,Alashkert,0.69,6,6,-,1,-
-,-,2,5,7,0.64,Ararat Yerevan,0.79,5,7,2,-,-
-,-,4,7,2,1.15,Ararat-Armenia,0.46,8,4,1,-,-
-,-,1,6,7,0.57,BKMA,0.79,7,4,2,1,-
-,-,-,3,9,0.25,Gandzasar,1.17,4,3,4,1,-
-,2,7,2,3,1.57,Noah,0.29,10,4,-,-,-
-,1,1,4,8,0.64,Pyunik,0.43,8,6,-,-,-
-,-,1,2,11,0.29,Shirak,0.36,11,1,2,-,-
1,1,-,6,5,1.15,Urartu,0.38,9,3,1,-,-
2,-,3,4,5,1.29,Van,0.71,7,4,3,-,-
-,-,-,5,8,0.38,West Armenia,0.92,6,4,2,-,1
,,,,,,,,,,,,
2%,3%,13%,32%,51%,0.75,League avg.,0.63,55%,31%,11%,2%,1%
-,1,4,4,4,1.15,Adelaide Utd,0.85,4,7,2,-,-
-,2,1,5,5,1.00,Auckland,0.38,10,2,-,1,-
-,-,2,2,9,0.46,Brisbane Roar,0.69,5,7,1,-,-
-,-,2,3,8,0.54,Central Coast,1.00,5,5,1,2,-
1,-,-,6,6,0.85,Macarthur FC,0.77,7,2,4,-,-
-,1,-,6,6,0.69,Melbourne City,0.38,10,2,-,1,-
-,-,3,5,5,0.85,Melbourne V.,0.38,8,5,-,-,-
-,-,2,4,7,0.62,Newcastle Jets,0.92,5,6,1,-,1
-,-,1,4,8,0.46,Perth Glory,0.92,5,5,2,1,-
-,-,4,7,2,1.15,Sydney FC,1.08,4,5,3,1,-
-,-,-,5,8,0.38,Wellington,0.46,8,4,1,-,-
-,-,3,6,4,0.92,Western United,0.46,9,2,2,-,-
-,-,5,4,4,1.08,WS Wanderers,1.08,5,4,2,2,-
,,,,,,,,,,,,
1%,2%,16%,36%,45%,0.78,League avg.,0.72,50%,33%,11%,5%,1%
-,-,1,5,5,0.64,A. Klagenfurt,0.64,5,5,1,-,-
-,-,-,3,8,0.27,Altach,0.55,5,6,-,-,-
-,-,1,4,6,0.55,Austria Wien,0.64,5,5,1,-,-
-,-,1,6,4,0.73,BW Linz,0.55,5,6,-,-,-
-,1,1,2,7,0.64,Grazer AK,0.73,6,3,1,1,-
-,-,-,2,9,0.18,Hartberg,0.55,5,6,-,-,-
-,-,1,4,6,0.55,LASK Linz,0.73,4,6,1,-,-
-,1,2,7,1,1.27,Rapid Wien,0.36,8,2,1,-,-
-,-,3,3,5,0.82,Salzburg,0.27,8,3,-,-,-
1,-,3,4,3,1.27,Sturm Graz,0.36,8,2,1,-,-
-,-,-,3,8,0.27,Tirol,0.36,7,4,-,-,-
-,1,1,1,8,0.55,Wolfsberger AC,0.36,7,4,-,-,-
,,,,,,,,,,,,
1%,2%,11%,33%,53%,0.64,League avg.,0.51,55%,39%,5%,1%,0%
-,-,-,4,10,0.29,A. Lustenau,0.64,7,5,2,-,-
-,1,2,7,4,1.00,Admira Wacker,0.50,8,5,1,-,-
-,-,3,5,6,0.79,Amstetten,0.71,8,3,2,1,-
-,-,3,5,6,0.79,Bregenz,0.57,7,6,1,-,-
-,2,2,2,8,0.86,First Vienna,0.43,9,4,1,-,-
-,-,-,6,8,0.43,Floridsdorfer,0.50,8,5,1,-,-
1,-,2,6,5,1.07,Kapfenberger,0.50,7,7,-,-,-
-,-,1,8,5,0.71,Lafnitz,1.14,5,4,4,-,1
-,-,2,5,7,0.64,Liefering,0.57,7,6,1,-,-
1,2,-,5,6,1.07,Rapid Wien B,0.57,7,6,1,-,-
-,-,5,4,5,1.00,Ried,0.36,10,3,1,-,-
1,-,1,3,9,0.64,St. Polten,0.21,11,3,-,-,-
-,-,1,3,10,0.36,Stripfing,0.71,7,4,3,-,-
-,1,2,5,6,0.86,Sturm Graz B,0.50,9,4,-,1,-
-,1,3,4,6,0.93,SV Horn,1.14,2,9,2,1,-
-,-,-,5,9,0.36,Voitsberg,0.64,6,7,1,-,-
,,,,,,,,,,,,
1%,3%,12%,34%,49%,0.74,League avg.,0.61,53%,36%,9%,1%,0%
-,1,3,5,6,0.93,Anderlecht,0.53,8,6,1,-,-
-,-,4,4,7,0.80,Antwerp,0.53,8,6,1,-,-
-,-,-,5,10,0.33,Beerschot,0.93,8,2,3,2,-
-,1,1,3,10,0.53,Cercle Brugge,0.60,9,4,1,1,-
-,1,-,5,9,0.53,Charleroi,0.40,10,4,1,-,-
-,1,4,4,6,1.00,Club Brugge,0.40,10,4,1,-,-
-,-,1,5,9,0.47,Dender,0.53,8,6,1,-,-
-,1,3,5,6,0.93,Gent,0.53,7,8,-,-,-
-,-,2,3,10,0.47,Kortrijk,0.60,8,6,-,1,-
-,1,1,5,8,0.67,KRC Genk,0.27,11,4,-,-,-
-,1,1,7,6,0.80,KV Mechelen,0.80,7,4,4,-,-
-,-,1,6,8,0.53,OH Leuven,0.40,10,4,1,-,-
-,-,4,6,5,0.93,Royale Union SG,0.13,13,2,-,-,-
-,-,3,6,6,0.80,Sint-Truiden,0.80,6,8,-,-,1
-,-,2,2,11,0.40,Standard Liege,0.13,13,2,-,-,-
-,1,2,8,4,1.00,Westerlo,0.80,5,8,2,-,-
,,,,,,,,,,,,
0%,3%,13%,33%,50%,0.70,League avg.,0.53,59%,32%,7%,2%,0%
-,-,-,-,4,0.00,Atletico MG,0.00,4,-,-,-,-
-,-,-,3,1,0.75,Bahia,0.25,3,1,-,-,-
-,-,1,3,-,1.25,Botafogo,0.50,3,-,1,-,-
-,-,-,3,1,0.75,Bragantino,0.50,3,-,1,-,-
-,-,-,3,1,0.75,Ceara,0.25,3,1,-,-,-
-,-,1,1,2,0.75,Corinthians,0.75,2,1,1,-,-
-,-,1,2,1,1.00,Cruzeiro,0.50,2,2,-,-,-
-,2,-,1,1,1.75,Flamengo,0.25,3,1,-,-,-
-,-,-,2,2,0.50,Fluminense,0.25,3,1,-,-,-
-,-,1,1,2,0.75,Fortaleza,0.25,3,1,-,-,-
-,-,1,1,3,0.60,Gremio,0.20,4,1,-,-,-
-,-,2,-,1,1.33,Internacional,0.33,2,1,-,-,-
-,-,1,2,1,1.00,Juventude,0.75,1,3,-,-,-
-,-,1,1,2,0.75,Mirassol,0.50,2,2,-,-,-
-,-,1,-,3,0.50,Palmeiras,0.00,4,-,-,-,-
-,-,1,-,3,0.50,Santos,0.25,3,1,-,-,-
-,-,1,-,3,0.50,Sao Paulo,0.25,3,1,-,-,-
-,-,-,1,3,0.25,Sport Recife,1.25,1,2,-,1,-
-,-,1,-,3,0.50,Vasco da Gama,0.25,3,1,-,-,-
-,-,-,1,3,0.25,Vitoria,0.50,2,2,-,-,-
,,,,,,,,,,,,
0%,2%,16%,31%,50%,0.71,League avg.,0.39,68%,28%,4%,1%,0%
-,-,-,1,3,0.25,Amazonas,0.75,2,1,1,-,-
-,-,-,2,2,0.50,America MG,0.25,3,1,-,-,-
-,-,-,2,1,0.67,Athletic Club,0.00,3,-,-,-,-
-,-,-,3,1,0.75,Athletico PR,0.50,3,-,1,-,-
-,-,-,3,-,1.00,Atletico GO,0.33,2,1,-,-,-
-,-,-,3,1,0.75,Avai,0.25,3,1,-,-,-
-,-,-,2,2,0.50,Botafogo SP,1.00,1,2,1,-,-
-,-,-,1,2,0.33,Chapecoense,0.33,2,1,-,-,-
-,-,1,-,2,0.67,Coritiba,0.00,3,-,-,-,-
-,-,-,3,-,1.00,CRB,0.33,2,1,-,-,-
-,1,-,1,2,1.00,Criciuma,0.25,3,1,-,-,-
-,-,-,1,3,0.25,Cuiaba,0.75,2,1,1,-,-
-,-,-,1,2,0.33,Ferroviaria,0.67,1,2,-,-,-
-,-,1,2,1,1.00,Goias,0.50,2,2,-,-,-
-,-,-,2,2,0.50,Novorizontino,0.50,2,2,-,-,-
-,-,-,1,2,0.33,Operario PR,0.00,3,-,-,-,-
-,-,-,2,1,0.67,Paysandu,1.33,-,2,1,-,-
-,-,-,4,-,1.00,Remo,0.00,4,-,-,-,-
-,-,1,1,1,1.00,Vila Nova,0.00,3,-,-,-,-
-,-,-,-,3,0.00,Volta Redonda,0.33,2,1,-,-,-
,,,,,,,,,,,,
0%,1%,4%,50%,44%,0.63,League avg.,0.41,66%,27%,7%,0%,0%
-,-,-,1,1,0.50,ABC,0.50,1,1,-,-,-
-,-,-,-,3,0.00,Anapolis,0.33,2,1,-,-,-
-,-,-,1,2,0.33,Botafogo PB,0.33,2,1,-,-,-
-,-,-,1,2,0.33,Brusque,0.00,3,-,-,-,-
-,-,-,1,2,0.33,Caxias,0.33,2,1,-,-,-
-,-,-,2,-,1.00,Confianca,0.50,1,1,-,-,-
-,-,-,3,-,1.00,CSA,1.33,-,2,1,-,-
-,-,-,1,1,0.50,Figueirense,1.00,1,-,1,-,-
-,-,-,1,1,0.50,Floresta,0.00,2,-,-,-,-
-,-,-,2,1,0.67,Guarani,1.00,1,1,1,-,-
-,-,-,1,2,0.33,Itabaiana,0.67,1,2,-,-,-
-,-,-,1,2,0.33,Ituano,0.00,3,-,-,-,-
-,-,1,-,2,0.67,Londrina,0.33,2,1,-,-,-
-,-,-,1,1,0.50,Maringa,0.50,1,1,-,-,-
-,-,1,-,2,0.67,Nautico,0.00,3,-,-,-,-
-,-,1,1,-,1.50,Ponte Preta,0.00,2,-,-,-,-
-,-,-,-,2,0.00,Retro,0.50,1,1,-,-,-
-,-,-,-,2,0.00,Sao Bernardo,0.00,2,-,-,-,-
-,1,-,1,-,2.00,Tombense,0.50,1,1,-,-,-
-,-,1,1,-,1.50,Ypiranga,0.50,1,1,-,-,-
,,,,,,,,,,,,
0%,2%,8%,38%,52%,0.60,League avg.,0.42,64%,30%,6%,0%,0%
-,3,1,7,6,1.06,Arda,0.47,12,3,1,1,-
-,-,2,4,11,0.47,Beroe,0.35,12,4,1,-,-
-,-,2,7,8,0.65,Botev Plovdiv,0.47,12,3,1,1,-
-,-,3,4,10,0.59,Botev Vratsa,0.53,11,3,3,-,-
-,-,2,5,10,0.53,Cherno More,0.35,12,4,1,-,-
-,1,1,7,9,0.67,CSKA 1948 Sofia,0.94,8,5,3,2,-
-,-,2,9,6,0.76,CSKA Sofia,0.35,12,4,1,-,-
-,-,-,5,12,0.29,Hebar,0.59,9,6,2,-,-
-,-,-,5,11,0.31,L. Krumovgrad,0.50,11,2,3,-,-
-,-,2,12,3,0.94,Levski Sofia,0.29,14,1,2,-,-
-,-,1,5,10,0.44,Lok. Plovdiv,0.63,8,6,2,-,-
-,1,2,4,11,0.61,Lokomotiv Sofia,0.61,11,5,1,-,1
-,1,2,8,6,0.88,Ludogorets,0.00,17,-,-,-,-
-,1,1,6,9,0.65,Septemvri Sofia,0.47,11,4,2,-,-
-,2,3,5,8,0.94,Slavia Sofia,0.61,8,9,1,-,-
-,-,3,6,8,0.71,Spartak Varna,0.53,10,5,2,-,-
,,,,,,,,,,,,
0%,3%,10%,36%,51%,0.66,League avg.,0.48,65%,23%,10%,1%,0%
-,1,-,-,3,0.75,A. Ottawa,1.00,-,4,-,-,-
-,-,-,-,2,0.00,Cavalry,0.50,1,1,-,-,-
-,-,-,1,2,0.33,Forge,0.67,1,2,-,-,-
-,-,-,1,2,0.33,HFX Wanderers,0.33,2,1,-,-,-
-,-,1,1,1,1.00,Pacific,0.67,1,2,-,-,-
-,-,-,-,2,0.00,Valour,1.00,1,-,1,-,-
-,-,-,1,2,0.33,Vancouver FC,1.00,2,-,-,1,-
-,-,1,2,-,1.33,York Utd,1.00,1,1,1,-,-
,,,,,,,,,,,,
0%,4%,9%,26%,61%,0.57,League avg.,0.78,39%,48%,9%,4%,0%
-,-,2,3,-,1.40,Beijing Guoan,0.20,4,1,-,-,-
-,-,-,1,4,0.20,Changchun Yatai,0.60,2,3,-,-,-
-,-,-,5,1,0.83,Chengdu,0.17,5,1,-,-,-
-,-,1,1,3,0.60,Dalian Yingbo,0.60,3,1,1,-,-
-,-,1,2,2,0.80,Henan SL,0.60,3,1,1,-,-
-,1,-,1,5,0.57,Meizhou Hakka,1.00,3,2,1,1,-
-,-,1,-,5,0.33,Qingdao Hainiu,0.67,2,4,-,-,-
-,1,-,3,3,0.86,Qingdao West C.,0.57,4,2,1,-,-
-,1,2,3,1,1.43,S. Shenhua,0.71,3,3,1,-,-
1,-,-,2,4,0.86,Shandong T.,0.57,4,2,1,-,-
-,-,1,5,1,1.00,Shanghai Port,0.57,4,2,1,-,-
-,-,-,3,2,0.60,Sichuan Jiuniu,1.00,1,3,1,-,-
-,-,-,1,5,0.17,Tianjin T.,1.00,2,3,-,1,-
-,1,-,1,4,0.67,Wuhan Three T.,2.00,1,1,2,1,1
-,-,-,-,5,0.00,Yunnan Yukun,0.80,2,2,1,-,-
-,1,1,2,1,1.40,Zhejiang,0.20,4,1,-,-,-
,,,,,,,,,,,,
1%,5%,10%,35%,49%,0.74,League avg.,0.71,50%,34%,12%,3%,1%
-,-,-,3,1,0.75,Chongqing T.,0.50,2,2,-,-,-
-,-,-,1,3,0.25,Dalian Kuncheng,0.50,2,2,-,-,-
-,-,1,2,2,0.80,Foshan Nanshi,1.00,2,2,-,1,-
-,-,1,1,2,0.75,Guangdong GZP,1.25,2,-,1,1,-
-,-,-,1,3,0.25,Guangxi Baoyun,1.25,1,1,2,-,-
-,-,-,-,5,0.00,Heilongjiang IC,0.60,3,1,1,-,-
-,1,-,2,1,1.25,Liaoning Tieren,0.50,2,2,-,-,-
-,-,-,1,3,0.25,Nanjing City,0.00,4,-,-,-,-
-,-,2,1,2,1.00,Nantong Zhiyun,0.80,3,1,-,1,-
-,-,-,1,3,0.25,Qingdao RL,0.75,3,-,-,1,-
-,-,1,2,-,1.33,S. Gongfu,0.00,3,-,-,-,-
-,-,1,1,1,1.00,Shaanxi Union,0.67,1,2,-,-,-
-,-,-,2,2,0.50,Shanghai Jiadin,0.00,4,-,-,-,-
-,1,1,1,1,1.50,Shenzhen J.,0.75,2,1,1,-,-
-,-,1,-,3,0.50,Suzhou Dongwu,0.00,4,-,-,-,-
-,-,-,2,1,0.67,Yanbian Longdin,0.33,2,1,-,-,-
,,,,,,,,,,,,
0%,3%,12%,33%,52%,0.67,League avg.,0.58,62%,23%,8%,6%,0%
-,-,-,5,4,0.56,A. Bucaramanga,0.33,6,3,-,-,-
1,-,1,5,2,1.22,A. Nacional,0.22,8,-,1,-,-
-,-,2,2,5,0.67,A. Petrolera,0.33,7,1,1,-,-
-,-,1,4,4,0.67,America de Cali,0.33,7,1,1,-,-
-,-,-,3,6,0.33,Boyaca Chico,0.56,5,3,1,-,-
-,-,2,5,2,1.00,D. Pereira,0.00,9,-,-,-,-
-,-,3,2,4,0.89,Deportes Tolima,0.33,6,3,-,-,-
-,-,1,3,5,0.56,Deportivo Cali,0.22,7,2,-,-,-
-,2,1,4,2,1.33,Deportivo Pasto,0.33,6,3,-,-,-
-,-,-,4,5,0.44,Envigado,0.78,4,4,-,1,-
-,1,-,3,5,0.67,Fortaleza CEIF,0.67,7,-,1,-,1
-,-,1,2,5,0.50,I. Medelin,0.25,6,2,-,-,-
-,-,-,6,3,0.67,Junior,0.44,6,2,1,-,-
-,-,-,3,6,0.33,La Equidad,0.56,5,3,1,-,-
-,-,1,4,4,0.67,Llaneros,0.44,6,2,1,-,-
-,-,-,3,5,0.38,Millonarios,0.13,7,1,-,-,-
-,-,1,6,2,0.89,Once Caldas,0.44,5,4,-,-,-
-,-,1,1,7,0.33,R. Aguilas,0.44,6,2,1,-,-
-,-,3,2,5,0.80,Santa Fe,0.60,5,4,1,-,-
-,-,-,1,7,0.13,Union Magdalena,0.25,6,2,-,-,-
,,,,,,,,,,,,
1%,2%,10%,38%,49%,0.66,League avg.,0.39,70%,24%,6%,1%,1%
-,-,1,2,5,0.50,Atletico Cali,1.13,3,2,2,1,-
-,-,-,3,4,0.43,Atletico Huila,0.43,5,1,1,-,-
-,-,-,2,6,0.25,Barranquilla,0.50,5,2,1,-,-
-,-,1,-,6,0.29,Boca Juniors,0.43,4,3,-,-,-
-,-,-,4,4,0.50,Bogota,1.25,1,5,1,1,-
-,1,1,3,3,1.00,Cucuta,0.63,4,3,1,-,-
-,-,1,2,5,0.50,D. Quindio,0.38,5,3,-,-,-
-,-,1,3,3,0.71,Inter Palmira,0.00,7,-,-,-,-
-,1,1,2,4,0.88,Jaguares de C.,0.63,4,3,1,-,-
-,1,-,3,3,0.86,Leones,0.71,2,5,-,-,-
-,-,1,3,3,0.71,Orsomarso,0.86,4,1,1,1,-
-,-,2,2,3,0.86,Patriotas,0.29,5,2,-,-,-
1,-,2,-,5,1.00,R. Cundinamarca,0.38,5,3,-,-,-
-,-,1,5,1,1.00,Real Cartagena,0.43,4,3,-,-,-
-,-,-,3,5,0.38,Real Santander,0.88,4,2,1,1,-
-,-,1,3,3,0.71,Tigres,0.00,7,-,-,-,-
,,,,,,,,,,,,
1%,2%,11%,33%,52%,0.66,League avg.,0.57,57%,32%,8%,3%,0%
-,2,-,4,5,0.91,Alajuelense,0.45,6,5,-,-,-
-,-,1,6,4,0.73,Cartagines,0.45,8,2,-,1,-
-,-,1,5,5,0.64,Guanacasteca,0.09,10,1,-,-,-
-,-,1,5,5,0.64,Herediano,0.73,5,4,2,-,-
-,-,1,5,5,0.64,M. Liberia,0.55,7,2,2,-,-
-,-,1,1,9,0.27,Puntarenas,0.55,5,6,-,-,-
-,1,2,2,6,0.82,San Carlos,0.45,7,3,1,-,-
-,-,1,5,5,0.64,Santa Ana,0.64,6,3,2,-,-
-,-,2,4,5,0.73,Santos Guapiles,0.55,5,6,-,-,-
-,-,4,4,3,1.09,Saprissa,0.55,6,4,1,-,-
1,-,1,2,7,0.73,Sporting SJ,0.64,6,3,2,-,-
-,-,2,2,7,0.55,Zeledon,0.27,9,1,1,-,-
,,,,,,,,,,,,
1%,2%,13%,34%,50%,0.70,League avg.,0.49,61%,30%,8%,1%,0%
1,-,-,3,7,0.64,Alajuelense,0.27,9,1,1,-,-
-,2,2,3,4,1.18,Cartagines,0.36,7,4,-,-,-
-,-,1,1,8,0.30,Guanacasteca,0.60,5,4,1,-,-
-,-,4,2,5,0.91,Herediano,0.55,5,6,-,-,-
-,-,2,3,6,0.64,M. Liberia,0.55,6,4,1,-,-
-,-,1,6,4,0.73,Puntarenas,0.55,7,2,2,-,-
-,1,-,-,10,0.27,San Carlos,0.45,6,5,-,-,-
-,-,-,6,5,0.55,Santa Ana,0.64,6,4,-,1,-
-,-,1,8,2,0.91,Santos Guapiles,0.64,5,5,1,-,-
-,1,1,5,4,0.91,Saprissa,0.27,8,3,-,-,-
-,-,1,3,7,0.45,Sporting SJ,0.64,5,5,1,-,-
-,-,1,1,9,0.27,Zeledon,0.82,5,4,1,1,-
,,,,,,,,,,,,
1%,3%,11%,31%,54%,0.65,League avg.,0.53,56%,36%,6%,2%,0%
-,-,1,4,9,0.43,Bijelo Brdo,0.36,10,3,1,-,-
-,-,-,4,10,0.29,C. Zmijavci,0.64,8,4,1,1,-
-,-,-,5,11,0.31,Cibalia,0.38,11,4,1,-,-
-,1,3,2,10,0.69,Dubrava Zagreb,0.31,12,3,1,-,-
-,-,1,3,11,0.33,Dugopolje,0.67,7,7,-,1,-
-,-,-,5,9,0.36,Jarun,0.79,7,4,2,1,-
1,-,-,4,10,0.53,Opatija,0.20,12,3,-,-,-
-,-,2,8,6,0.75,Orijent,0.19,13,3,-,-,-
-,-,1,4,9,0.43,Rudes,0.50,9,3,2,-,-
-,-,3,6,7,0.75,Sesvete,0.31,11,5,-,-,-
-,1,2,4,8,0.73,Vukovar,0.07,14,1,-,-,-
-,-,-,3,11,0.21,Zrinski,0.71,5,8,1,-,-
,,,,,,,,,,,,
1%,1%,7%,29%,62%,0.49,League avg.,0.42,66%,27%,5%,2%,0%
-,1,3,4,9,0.76,Banik Ostrava,0.47,11,4,2,-,-
-,1,1,4,10,0.56,Bohemians,0.94,6,7,1,2,-
-,-,1,1,14,0.19,C. Budejovice,0.81,7,6,2,1,-
-,-,-,4,12,0.25,Dukla Praha,0.56,9,5,2,-,-
-,-,2,5,9,0.56,Hradec Kralove,0.56,9,5,2,-,-
1,-,4,3,8,0.94,Jablonec,0.25,12,4,-,-,-
-,-,2,7,7,0.69,Karvina,0.88,8,3,4,1,-
-,-,1,7,9,0.53,Mlada Boleslav,0.65,9,5,3,-,-
-,-,-,2,14,0.13,Pardubice,0.31,12,3,1,-,-
-,-,2,8,6,0.75,Sigma Olomouc,0.88,5,8,3,-,-
-,2,2,10,3,1.18,Slavia Prague,0.18,15,1,1,-,-
-,-,-,6,11,0.35,Slovacko,0.82,9,5,1,1,1
-,1,3,5,7,0.88,Slovan Liberec,0.31,11,5,-,-,-
-,1,-,9,6,0.75,Sparta Prague,0.69,9,3,4,-,-
-,-,1,6,10,0.47,Teplice,0.65,9,5,3,-,-
1,-,5,5,6,1.12,Viktoria Plzen,0.53,10,5,2,-,-
,,,,,,,,,,,,
1%,2%,10%,33%,54%,0.63,League avg.,0.59,58%,28%,12%,2%,0%
-,-,1,4,9,0.43,Banik Ostrava B,0.71,7,5,1,1,-
1,-,3,7,3,1.21,Chrudim,0.36,9,5,-,-,-
-,-,3,6,6,0.80,Jihlava,0.53,7,8,-,-,-
-,-,2,3,9,0.50,Lisen,0.64,10,1,2,-,1
-,-,2,5,7,0.64,Opava,0.64,6,7,1,-,-
-,1,-,5,8,0.57,Prostejov,0.43,10,2,2,-,-
-,-,1,5,8,0.50,Sigma Olomouc B,0.43,8,6,-,-,-
-,-,2,6,6,0.71,Slavia Prague B,0.43,9,4,1,-,-
-,1,3,3,7,0.86,Sparta Prague B,0.57,8,4,2,-,-
-,-,-,5,9,0.36,Taborsko,0.36,9,5,-,-,-
-,-,3,4,7,0.71,Varnsdorf,0.79,4,9,1,-,-
-,1,2,6,5,0.93,Vikto Zizkov,0.79,6,5,3,-,-
-,-,-,8,6,0.57,Vlasim,0.64,7,5,2,-,-
-,-,1,3,10,0.36,Vyskov,0.43,10,2,2,-,-
-,1,-,3,9,0.46,Zbrojovka Brno,0.69,7,5,-,-,1
-,-,2,9,3,0.93,Zlin,0.07,13,1,-,-,-
,,,,,,,,,,,,
0%,2%,11%,37%,50%,0.66,League avg.,0.53,58%,33%,8%,0%,1%
-,-,1,3,11,0.33,Aalborg BK,0.87,8,2,4,1,-
-,1,1,9,4,0.93,AGF Aarhus,0.53,8,6,1,-,-
-,-,1,7,7,0.60,Brondby IF,0.60,8,5,2,-,-
-,-,1,8,6,0.67,FC Kobenhavn,0.53,8,6,1,-,-
1,1,1,9,3,1.20,FC Midtjylland,0.40,10,4,1,-,-
-,-,-,4,11,0.27,Lyngby,0.53,10,2,3,-,-
1,2,4,4,4,1.47,Nordsjaelland,0.67,6,8,1,-,-
-,-,4,6,5,0.93,Randers FC,0.53,8,6,1,-,-
1,1,3,3,7,1.07,Silkeborg,0.53,8,6,1,-,-
-,-,3,9,3,1.00,SonderjyskE,1.00,6,6,1,1,1
-,-,1,6,8,0.53,Vejle BK,0.53,8,6,1,-,-
-,2,3,5,5,1.13,Viborg,0.73,7,5,3,-,-
,,,,,,,,,,,,
2%,4%,13%,41%,41%,0.84,League avg.,0.62,53%,34%,11%,1%,1%
-,-,1,6,8,0.53,AC Horsens,0.40,10,4,1,-,-
-,1,2,3,9,0.67,B 93,0.67,8,5,1,1,-
-,-,1,5,9,0.47,Esbjerg,0.73,6,8,-,1,-
1,2,2,3,7,1.13,Fredericia,0.60,6,9,-,-,-
-,1,2,1,11,0.53,HB Koge,0.87,6,6,2,1,-
-,-,4,7,4,1.00,Hillerod,0.73,6,7,2,-,-
-,1,1,5,8,0.67,Hobro,0.87,6,6,2,1,-
-,1,-,5,9,0.53,Hvidovre,0.27,12,2,1,-,-
-,-,-,6,9,0.40,Kolding IF,0.40,12,1,1,1,-
-,-,6,4,5,1.07,Odense BK,0.67,8,4,3,-,-
-,-,1,5,9,0.47,Roskilde,0.60,9,3,3,-,-
-,-,-,5,10,0.33,Vendsyssel,0.53,8,6,1,-,-
,,,,,,,,,,,,
1%,3%,11%,31%,54%,0.65,League avg.,0.61,54%,34%,9%,3%,0%
-,1,1,4,5,0.82,Aarhus Fremad,0.45,7,3,1,-,-
-,1,2,3,5,0.91,AB Copenhagen,0.55,6,4,1,-,-
-,-,-,6,5,0.55,BK Frem,0.55,7,2,2,-,-
-,-,-,3,8,0.27,Fremad Amager,0.55,7,3,-,1,-
-,-,-,3,8,0.27,Hellerup IK,0.55,6,4,1,-,-
-,-,-,5,6,0.45,Helsingor,0.82,5,4,1,1,-
-,-,1,2,8,0.36,Ishoj,0.55,6,4,1,-,-
-,-,3,5,3,1.00,Middelfart,0.45,7,3,1,-,-
-,-,2,3,6,0.64,Naestved,0.36,8,2,1,-,-
-,-,1,3,7,0.45,Nykobing,0.73,5,4,2,-,-
-,-,1,4,6,0.55,Skive,0.09,10,1,-,-,-
-,-,1,4,6,0.55,Thisted,0.55,7,3,-,1,-
,,,,,,,,,,,,
0%,2%,9%,34%,55%,0.57,League avg.,0.52,61%,28%,8%,2%,0%
-,1,1,3,1,1.33,Aucas,0.67,3,2,1,-,-
-,-,-,2,3,0.40,Barcelona SC,0.40,4,-,1,-,-
-,-,2,2,1,1.20,Cuniburo,0.80,2,2,1,-,-
-,-,-,3,2,0.60,D. Cuenca,0.40,3,2,-,-,-
-,-,-,1,4,0.20,Delfin,0.00,5,-,-,-,-
-,-,1,2,4,0.57,El Nacional,0.57,5,1,-,1,-
-,-,-,2,5,0.29,Emelec,0.29,5,2,-,-,-
-,-,2,2,2,1.00,I. del Valle,0.33,4,2,-,-,-
-,-,1,2,2,0.80,LDU Quito,0.20,4,1,-,-,-
-,-,-,4,3,0.57,Libertad,0.57,4,2,1,-,-
-,-,-,1,5,0.17,Macara,0.67,2,4,-,-,-
-,-,2,5,-,1.29,Manta,0.86,1,6,-,-,-
-,-,1,2,3,0.67,Mushuc Runa,0.83,3,1,2,-,-
-,-,2,2,2,1.00,Orense,0.00,6,-,-,-,-
-,-,-,4,2,0.67,Tecnico U.,0.83,2,3,1,-,-
-,-,-,4,2,0.67,U. Catolica,0.50,3,3,-,-,-
,,,,,,,,,,,,
0%,1%,13%,43%,43%,0.72,League avg.,0.51,59%,33%,7%,1%,0%
-,-,-,1,3,0.25,22 de Julio,0.25,3,1,-,-,-
-,1,-,1,2,1.00,Chacaritas,0.25,3,1,-,-,-
-,1,-,1,3,0.80,Cumbaya,0.40,3,2,-,-,-
-,-,-,3,2,0.60,Gualaceo,0.80,2,2,1,-,-
-,-,-,2,2,0.50,Guayaquil City,0.25,3,1,-,-,-
-,-,1,-,4,0.40,I. Juniors,0.60,3,1,1,-,-
-,-,-,1,3,0.25,Imbabura,0.50,2,2,-,-,-
-,-,-,1,3,0.25,Leones Norte,0.00,4,-,-,-,-
-,-,-,2,2,0.50,Nueve Octubre,0.25,3,1,-,-,-
-,-,-,1,3,0.25,San Antonio,0.25,3,1,-,-,-
-,-,1,3,1,1.00,Vargas Torres,0.20,4,1,-,-,-
-,-,2,2,-,1.50,Vinotinto,1.00,1,2,1,-,-
,,,,,,,,,,,,
0%,4%,8%,35%,54%,0.62,League avg.,0.40,65%,29%,6%,0%,0%
-,-,4,9,5,0.94,Arsenal,0.22,14,4,-,-,-
-,1,2,8,7,0.83,Aston Villa,0.50,11,5,2,-,-
-,1,-,7,10,0.56,Bournemouth,0.33,12,6,-,-,-
1,1,3,7,6,1.11,Brentford,0.72,8,7,3,-,-
-,-,2,8,8,0.67,Brighton,0.56,10,6,2,-,-
1,1,1,8,7,0.94,Chelsea,0.44,12,4,2,-,-
-,-,-,6,12,0.33,Crystal Palace,0.61,9,8,-,1,-
-,2,3,1,12,0.72,Everton,0.33,12,6,-,-,-
-,1,1,10,6,0.83,Fulham,0.50,9,9,-,-,-
-,-,-,8,10,0.44,Ipswich Town,1.17,7,4,4,3,-
-,-,1,3,14,0.28,Leicester City,0.94,7,8,-,3,-
-,3,2,7,6,1.11,Liverpool,0.28,13,5,-,-,-
-,2,6,8,2,1.44,Manchester City,0.83,7,7,4,-,-
-,-,3,3,12,0.50,Manchester Utd,0.72,8,7,3,-,-
2,-,-,13,3,1.17,Newcastle Utd,0.39,12,5,1,-,-
-,2,-,8,8,0.78,Nottm Forest,0.17,15,3,-,-,-
-,-,1,6,11,0.44,Southampton,1.00,9,4,3,1,1
-,-,5,5,8,0.83,Tottenham,0.94,6,8,3,1,-
-,-,4,3,11,0.61,West Ham Utd,0.94,9,5,2,1,1
-,-,2,9,7,0.72,Wolverhampton,0.72,9,6,2,1,-
,,,,,,,,,,,,
1%,4%,11%,38%,46%,0.76,League avg.,0.62,55%,32%,9%,3%,1%
-,-,2,8,13,0.52,Blackburn,0.39,16,5,2,-,-
-,1,3,4,15,0.57,Bristol City,0.30,16,7,-,-,-
-,-,5,9,9,0.83,Burnley,0.26,17,6,-,-,-
-,-,2,4,17,0.35,Cardiff City,0.26,18,4,1,-,-
1,-,4,9,9,0.91,Coventry City,0.61,13,6,4,-,-
-,1,1,7,14,0.52,Derby County,0.35,16,6,1,-,-
-,-,1,7,15,0.39,Hull City,0.39,15,7,1,-,-
1,1,5,11,5,1.26,Leeds Utd,0.26,18,4,1,-,-
-,-,1,7,15,0.39,Luton Town,0.26,18,4,1,-,-
-,1,2,10,10,0.74,Middlesbrough,0.52,13,8,2,-,-
-,-,4,4,15,0.52,Millwall,0.35,15,8,-,-,-
-,1,6,8,8,1.00,Norwich City,0.74,10,11,-,2,-
-,-,-,10,13,0.43,Oxford Utd,0.61,13,7,2,1,-
-,-,3,6,14,0.52,Plymouth,0.87,11,7,4,-,1
-,-,5,4,14,0.61,Portsmouth,0.39,14,9,-,-,-
-,-,1,8,14,0.43,Preston,0.35,15,8,-,-,-
-,-,4,8,11,0.70,QP Rangers,0.83,8,12,2,1,-
-,-,3,11,9,0.74,Sheffield Utd,0.26,17,6,-,-,-
-,-,2,7,14,0.48,Sheffield Wed,0.43,13,10,-,-,-
-,1,2,8,12,0.65,Stoke City,0.39,15,7,1,-,-
-,1,2,11,9,0.78,Sunderland,0.39,14,9,-,-,-
-,2,3,10,8,0.96,Swansea City,0.43,16,4,3,-,-
-,-,1,9,13,0.48,Watford,0.57,13,8,1,1,-
1,2,2,6,12,0.87,West Brom,0.39,17,3,3,-,-
,,,,,,,,,,,,
1%,2%,12%,34%,52%,0.65,League avg.,0.44,64%,30%,5%,1%,0%
-,-,3,10,10,0.70,Barnsley,0.43,15,6,2,-,-
-,1,3,11,8,0.87,Birmingham City,0.26,18,4,1,-,-
-,-,2,8,13,0.52,Blackpool,0.52,13,8,2,-,-
1,-,1,4,17,0.43,Bolton,0.61,11,10,2,-,-
-,-,-,13,10,0.57,Bristol Rovers,0.57,13,7,3,-,-
-,1,4,6,12,0.74,Burton Albion,0.57,13,7,3,-,-
-,-,4,5,14,0.57,Cambridge Utd,0.65,12,9,-,2,-
-,-,5,6,12,0.70,Charlton,0.35,16,6,1,-,-
-,1,2,7,13,0.61,Crawley Town,0.78,9,12,-,2,-
-,-,1,8,14,0.43,Exeter City,0.96,12,5,3,1,2
1,-,1,6,15,0.52,Huddersfield,0.48,16,3,4,-,-
-,2,1,8,12,0.70,Leyton Orient,0.57,14,5,4,-,-
-,1,3,9,10,0.78,Lincoln City,0.52,13,8,2,-,-
-,1,4,8,10,0.83,Mansfield,0.57,11,11,1,-,-
-,-,3,5,15,0.48,Northampton,0.65,12,8,2,1,-
1,1,4,8,9,1.00,Peterborough,0.96,11,5,4,3,-
-,-,3,6,14,0.52,Reading,0.35,17,4,2,-,-
-,1,3,6,13,0.65,Rotherham,0.48,13,9,1,-,-
-,-,1,7,15,0.39,Shrewsbury,0.48,13,9,1,-,-
-,-,1,7,15,0.39,Stevenage,0.48,15,5,3,-,-
-,1,2,10,10,0.74,Stockport,0.61,14,5,3,1,-
-,-,2,8,13,0.52,Wigan Athletic,0.30,17,5,1,-,-
-,-,6,7,10,0.83,Wrexham,0.35,16,6,1,-,-
-,-,1,7,15,0.39,Wycombe,0.30,17,5,1,-,-
,,,,,,,,,,,,
1%,2%,11%,33%,54%,0.62,League avg.,0.53,60%,29%,9%,2%,0%
-,1,2,8,12,0.65,AFC Fylde,0.74,12,6,4,1,-
-,1,4,7,11,0.78,Aldershot Town,0.74,11,8,3,1,-
1,1,3,9,9,0.96,Altrincham,0.48,14,7,2,-,-
1,2,5,9,6,1.26,Barnet,0.26,17,6,-,-,-
-,-,3,10,10,0.70,Boston Utd,0.78,9,11,2,1,-
-,-,2,7,14,0.48,Braintree Town,0.43,15,6,2,-,-
1,-,3,8,11,0.78,Dagenham & R.,0.52,12,10,1,-,-
-,-,4,14,5,0.96,Eastleigh,0.52,14,6,3,-,-
-,-,-,4,19,0.17,Ebbsfleet Utd,0.61,13,7,2,1,-
-,1,3,8,11,0.74,Forest Green,0.30,17,5,1,-,-
-,2,6,5,10,1.00,Gateshead FC,0.48,13,9,1,-,-
-,-,1,6,16,0.35,Halifax Town,0.43,14,8,1,-,-
-,-,2,5,16,0.39,Hartlepool,0.43,15,6,2,-,-
-,-,3,8,12,0.61,Maidenhead Utd,0.65,12,7,4,-,-
-,1,2,9,11,0.70,Oldham,0.52,14,6,3,-,-
-,1,3,5,14,0.61,Rochdale,0.43,15,6,2,-,-
-,-,3,9,11,0.65,Solihull Moors,0.83,7,13,3,-,-
-,-,4,9,10,0.74,Southend Utd,0.43,14,8,1,-,-
1,-,-,7,15,0.48,Sutton Utd,0.39,15,7,1,-,-
-,1,3,7,12,0.70,Tamworth,0.57,13,8,1,1,-
-,1,3,7,12,0.70,Wealdstone,0.78,11,7,4,1,-
-,1,-,6,16,0.39,Woking,0.52,13,8,2,-,-
-,-,2,7,14,0.48,Yeovil Town,0.43,14,8,1,-,-
2,-,3,10,8,1.04,York City,0.43,16,4,3,-,-
,,,,,,,,,,,,
1%,2%,12%,33%,52%,0.68,League avg.,0.53,58%,32%,9%,1%,0%
-,-,-,3,1,0.75,07 Vestur,1.00,2,1,-,1,-
-,-,-,2,3,0.40,B36 Torshavn,1.00,2,2,-,1,-
-,-,-,1,3,0.25,B68 Toftir,0.25,3,1,-,-,-
-,1,-,3,1,1.20,HB Torshavn,1.40,1,1,3,-,-
1,-,1,3,-,2.00,Klaksvik,0.40,3,2,-,-,-
1,-,1,1,2,1.40,NSI Runavik,0.60,2,3,-,-,-
-,-,-,1,3,0.25,Streymur,1.50,1,-,3,-,-
-,-,-,-,4,0.00,Suduroy,1.25,1,2,-,1,-
-,-,-,1,4,0.20,TB Tvoroyri,1.00,2,2,-,1,-
-,-,-,-,4,0.00,Vikingur,0.25,3,1,-,-,-
,,,,,,,,,,,,
4%,2%,4%,33%,56%,0.69,League avg.,0.87,44%,33%,13%,9%,0%
-,-,1,1,-,1.50,Gnistan,0.00,2,-,-,-,-
-,-,-,1,3,0.25,Haka,0.50,2,2,-,-,-
-,-,1,-,1,1.00,HJK Helsinki,0.00,2,-,-,-,-
-,-,2,1,-,1.67,Ilves,1.00,1,1,1,-,-
-,-,-,1,2,0.33,Inter Turku,0.33,2,1,-,-,-
-,-,-,1,1,0.50,Jaro,0.50,1,1,-,-,-
-,-,-,1,3,0.25,KTP,0.75,1,3,-,-,-
-,-,2,2,1,1.20,KuPS,0.00,5,-,-,-,-
-,-,1,2,1,1.00,Mariehamn,0.25,3,1,-,-,-
-,-,-,1,1,0.50,Oulu,1.00,1,-,1,-,-
-,-,-,3,1,0.75,SJK,0.50,2,2,-,-,-
-,-,-,-,3,0.00,VPS,1.00,1,1,1,-,-
,,,,,,,,,,,,
0%,0%,18%,37%,45%,0.74,League avg.,0.47,61%,32%,8%,0%,0%
-,1,-,2,-,1.67,Ekenas IF,1.33,-,2,1,-,-
-,-,-,-,1,0.00,JaPS,5.00,-,-,-,-,1
-,-,-,2,-,1.00,JIPPO,0.00,2,-,-,-,-
-,-,-,1,1,0.50,KaPa,0.50,1,1,-,-,-
-,-,1,-,1,1.00,Klubi-04,1.50,-,1,1,-,-
-,-,-,-,1,0.00,Lahti,0.00,1,-,-,-,-
-,-,-,1,1,0.50,PK-35,1.00,1,-,1,-,-
-,-,-,1,1,0.50,SalPa,1.00,-,2,-,-,-
-,-,1,-,2,0.67,SJK Akatemia,1.00,2,-,-,1,-
-,-,1,1,-,1.50,TPS,1.00,1,-,1,-,-
,,,,,,,,,,,,
0%,5%,15%,40%,40%,0.85,League avg.,1.10,40%,30%,20%,5%,5%
-,-,-,1,1,0.50,Atlantis,0.50,1,1,-,-,-
-,-,1,1,1,1.00,EPS,1.00,2,-,-,1,-
-,-,1,1,1,1.00,Inter Turku B,0.33,2,1,-,-,-
-,-,-,1,1,0.50,Jazz Pori,1.00,1,-,1,-,-
-,-,1,1,-,1.50,JJK,0.50,1,1,-,-,-
-,-,-,3,-,1.00,KPV Kokkola,0.33,2,1,-,-,-
-,-,-,1,2,0.33,KuPS Ak.,0.67,1,2,-,-,-
-,-,-,-,2,0.00,Mikkelin,0.00,2,-,-,-,-
-,-,1,1,-,1.50,OLS Oulu,0.50,1,1,-,-,-
-,-,1,-,1,1.00,PKKU,1.00,1,-,1,-,-
-,-,1,-,2,0.67,Rovaniemi,1.33,1,1,-,1,-
-,-,-,1,2,0.33,Tampere Utd,0.33,2,1,-,-,-
,,,,,,,,,,,,
0%,0%,20%,37%,43%,0.77,League avg.,0.63,57%,30%,7%,7%,0%
-,-,2,4,11,0.47,Angers,0.88,7,7,2,-,1
-,-,2,6,9,0.59,Auxerre,0.35,13,2,2,-,-
-,-,4,8,5,0.94,Brest,0.53,11,4,1,1,-
-,-,1,6,10,0.47,Le Havre,1.12,4,8,4,1,-
-,-,2,3,11,0.44,Lens,0.44,12,2,1,1,-
-,-,4,6,6,0.88,Lille,0.56,9,5,2,-,-
-,2,-,8,6,0.88,Lyon,0.44,10,5,1,-,-
-,2,-,6,8,0.75,Marseille,0.63,10,4,-,2,-
-,-,3,6,8,0.71,Monaco,0.53,9,7,1,-,-
-,-,1,4,12,0.35,Montpellier,1.24,3,9,3,2,-
-,-,-,6,10,0.38,Nantes,0.38,10,6,-,-,-
1,1,-,9,5,1.13,Nice,0.38,11,4,1,-,-
1,-,4,9,2,1.31,Paris SG,0.31,11,5,-,-,-
-,-,1,8,8,0.59,Reims,0.94,5,8,4,-,-
-,-,3,7,7,0.76,Rennes,0.41,12,3,2,-,-
-,-,1,6,9,0.50,Saint-Etienne,0.81,6,8,1,1,-
-,-,1,9,6,0.69,Strasbourg,0.44,10,5,1,-,-
-,-,1,4,12,0.35,Toulouse,0.71,9,4,4,-,-
,,,,,,,,,,,,
1%,2%,10%,39%,49%,0.67,League avg.,0.62,55%,32%,10%,3%,0%
-,-,1,4,12,0.35,AC Ajaccio,0.59,8,8,1,-,-
-,1,2,6,8,0.76,Amiens,0.65,9,6,1,1,-
-,-,-,10,7,0.59,Annecy,0.35,12,4,1,-,-
-,-,-,5,12,0.29,Caen,0.82,5,10,2,-,-
-,-,2,5,10,0.53,Clermont,0.47,10,6,1,-,-
-,-,2,7,8,0.65,Grenoble,0.41,11,5,1,-,-
-,-,4,6,7,0.82,Guingamp,0.41,11,5,1,-,-
-,1,1,8,7,0.76,Laval,0.41,11,5,1,-,-
-,-,4,8,5,0.94,Lorient,0.35,12,4,1,-,-
-,1,1,4,11,0.53,Martigues,0.47,13,1,2,1,-
-,2,2,6,7,0.94,Metz,0.29,12,5,-,-,-
-,2,1,8,6,0.94,Paris FC,0.41,12,3,2,-,-
-,-,-,8,9,0.47,Pau FC,0.47,11,4,2,-,-
-,1,-,8,8,0.65,Red Star,0.71,7,8,2,-,-
-,-,1,4,12,0.35,Rodez Aveyron,0.82,6,9,1,1,-
-,1,2,7,7,0.82,SC Bastia,0.47,10,6,1,-,-
-,-,1,4,12,0.35,Troyes,0.41,12,3,2,-,-
-,-,3,3,11,0.53,USL Dunkerque,0.29,12,5,-,-,-
,,,,,,,,,,,,
0%,3%,9%,36%,52%,0.63,League avg.,0.49,60%,32%,7%,1%,0%
-,1,2,8,4,1.00,Aubagne,0.53,10,3,1,1,-
-,-,4,5,6,0.87,Boulogne,0.40,10,4,1,-,-
-,-,-,5,10,0.33,Bourg-en-Bresse,0.27,11,4,-,-,-
-,1,2,7,6,0.88,Chateauroux,0.56,10,4,1,1,-
1,1,1,6,7,0.94,Concarneau,0.31,11,5,-,-,-
-,-,2,6,8,0.63,Dijon,0.81,10,2,3,-,1
-,-,1,9,5,0.73,Le Mans,0.60,8,5,2,-,-
-,-,1,6,8,0.53,Nancy,0.40,10,4,1,-,-
-,-,-,5,11,0.31,Nimes,0.31,11,5,-,-,-
-,-,3,4,8,0.67,Orleans,0.53,9,5,-,1,-
-,-,1,5,9,0.47,Paris 13 A.,0.40,9,6,-,-,-
-,-,2,5,8,0.60,Quevilly Rouen,0.60,9,4,1,1,-
1,1,2,4,8,0.94,Rouen,0.69,8,6,1,1,-
-,-,-,4,12,0.25,Sochaux,0.38,10,6,-,-,-
-,1,2,5,8,0.75,Valenciennes,0.38,11,4,1,-,-
-,-,2,5,9,0.56,Versailles,0.44,11,3,2,-,-
-,-,1,4,11,0.38,Villefranche,0.44,10,5,1,-,-
,,,,,,,,,,,,
1%,2%,10%,35%,52%,0.64,League avg.,0.47,64%,28%,6%,2%,0%
-,1,-,3,3,0.86,Dila Gori,0.43,4,3,-,-,-
-,-,2,4,1,1.14,Dinamo Batumi,0.43,5,1,1,-,-
-,-,2,2,3,0.86,Dinamo Tbilisi,0.43,5,1,1,-,-
-,-,-,2,5,0.29,Gagra,0.71,3,3,1,-,-
-,-,1,2,4,0.57,Gareji Sagarejo,0.14,6,1,-,-,-
-,-,-,3,4,0.43,Iberia,0.14,6,1,-,-,-
-,-,-,2,5,0.29,Kolkheti Poti,0.29,5,2,-,-,-
1,1,-,-,5,1.14,Samgurali,0.29,5,2,-,-,-
-,-,1,1,5,0.43,Telavi,0.29,5,2,-,-,-
-,-,1,2,4,0.57,Torpedo Kutaisi,0.57,3,4,-,-,-
,,,,,,,,,,,,
1%,3%,10%,30%,56%,0.66,League avg.,0.37,67%,29%,4%,0%,0%
-,2,5,6,4,1.29,Bayern Munich,0.29,12,5,-,-,-
-,-,3,-,14,0.35,Bochum,1.00,6,6,4,1,-
-,2,3,7,4,1.19,Dortmund,0.56,10,4,1,1,-
1,-,4,8,4,1.18,E. Frankfurt,0.65,11,2,3,1,-
-,-,1,6,9,0.50,FC Augsburg,0.56,10,3,3,-,-
-,1,3,6,6,0.94,Freiburg,0.56,9,5,2,-,-
-,-,3,5,8,0.69,FSV Mainz,0.50,9,6,1,-,-
-,-,1,3,12,0.31,Heidenheim,0.81,8,4,3,1,-
-,1,2,4,9,0.69,Hoffenheim,0.88,6,7,2,1,-
1,1,1,6,8,0.88,Holstein Kiel,1.29,3,8,5,-,1
-,-,7,5,5,1.12,Leverkusen,0.71,9,5,2,1,-
-,2,2,5,7,0.94,Monchengladbach,0.56,8,7,1,-,-
-,-,5,5,6,0.94,RB Leipzig,0.75,8,5,2,1,-
-,-,-,3,13,0.19,Sankt Pauli,0.44,10,5,1,-,-
-,1,2,5,9,0.71,Stuttgart,0.53,8,9,-,-,-
1,-,3,3,10,0.76,Union Berlin,0.88,8,5,3,-,1
-,1,1,6,9,0.65,Werder Bremen,0.76,8,5,4,-,-
-,-,-,5,12,0.29,Wolfsburg,0.94,5,9,2,1,-
,,,,,,,,,,,,
1%,4%,15%,30%,50%,0.76,League avg.,0.71,50%,34%,13%,3%,1%
-,-,-,8,8,0.50,Braunschweig,0.56,10,4,1,1,-
-,-,3,7,6,0.81,Darmstadt,0.50,9,6,1,-,-
-,1,2,6,8,0.76,Dusseldorf,0.53,9,7,1,-,-
1,2,4,5,5,1.35,Elversberg,0.35,11,6,-,-,-
1,1,2,3,9,0.88,FC Koln,0.44,11,3,2,-,-
-,2,-,6,9,0.71,FC Nurnberg,0.71,8,6,3,-,-
-,-,2,8,6,0.75,Greuther Furth,0.88,6,8,-,2,-
-,4,4,5,4,1.47,Hamburger SV,0.41,12,3,2,-,-
-,-,1,6,10,0.47,Hannover 96,0.29,12,5,-,-,-
-,-,-,5,11,0.31,Hertha Berlin,0.63,7,8,1,-,-
-,1,3,8,5,1.00,Kaiserslautern,0.59,9,6,2,-,-
-,-,2,9,5,0.81,Karlsruher SC,0.63,7,8,1,-,-
-,-,3,4,9,0.63,Magdeburg,0.94,8,3,3,2,-
-,1,-,8,8,0.65,Paderborn,0.82,6,8,3,-,-
-,-,-,9,8,0.53,Preuss. Munster,0.41,10,7,-,-,-
-,-,-,7,10,0.41,Regensburg,0.59,8,8,1,-,-
-,2,3,4,7,1.00,Schalke 04,1.06,4,8,3,1,-
-,1,1,5,9,0.63,Ulm,0.13,14,2,-,-,-
,,,,,,,,,,,,
1%,5%,10%,38%,46%,0.76,League avg.,0.58,54%,36%,8%,2%,0%
-,1,1,8,8,0.72,1860 Munchen,0.44,11,6,1,-,-
-,-,1,8,10,0.53,Alemannia A.,0.26,14,5,-,-,-
-,2,2,5,9,0.83,Bielefeld,0.39,11,7,-,-,-
-,2,2,4,11,0.74,Dortmund B,0.32,14,4,1,-,-
-,1,3,8,6,0.94,Dynamo Dresden,0.56,10,6,2,-,-
1,-,4,8,5,1.11,Energie Cottbus,0.50,11,5,2,-,-
-,-,5,10,4,1.05,Erzgebirge Aue,0.63,10,8,-,-,1
-,-,4,7,8,0.79,FC Ingolstadt,0.63,9,8,2,-,-
-,-,-,7,11,0.39,Hannover 96 B,0.89,9,3,5,1,-
-,1,3,9,6,0.95,Hansa Rostock,0.32,14,4,1,-,-
-,2,1,6,10,0.74,Mannheim,0.58,10,7,2,-,-
-,-,2,9,7,0.72,Osnabruck,0.56,10,6,2,-,-
1,1,2,6,9,0.89,RW Essen,0.53,10,8,1,-,-
-,-,5,8,5,1.00,Saarbrucken,0.61,10,5,3,-,-
-,-,1,9,8,0.61,Sandhausen,0.89,6,9,2,1,-
-,-,1,8,10,0.53,Unterhaching,0.79,6,11,2,-,-
1,-,2,7,9,0.79,Verl,0.58,10,7,2,-,-
-,1,5,6,6,1.06,VfB Stuttgart B,0.50,10,7,1,-,-
-,1,1,8,9,0.68,Viktoria Koln,0.47,11,7,1,-,-
-,-,2,10,6,0.78,Wehen Wiesbaden,0.56,12,4,1,-,1
,,,,,,,,,,,,
1%,3%,13%,41%,42%,0.79,League avg.,0.55,56%,34%,8%,1%,1%
-,-,-,7,10,0.41,A. Kallithea,0.65,8,8,-,1,-
-,-,4,7,5,0.94,AEK Athens,0.25,12,4,-,-,-
-,-,5,1,7,0.85,Aris,0.15,11,2,-,-,-
-,-,-,5,8,0.38,Asteras T.,0.38,9,3,1,-,-
-,-,-,3,10,0.23,Atromitos,0.77,6,4,3,-,-
-,-,-,6,11,0.35,Lamia,0.88,7,6,3,1,-
-,-,1,8,8,0.59,Levadiakos,0.41,11,5,1,-,-
-,-,3,5,5,0.85,OFI Crete,0.46,9,3,-,1,-
-,-,5,7,4,1.06,Olympiakos,0.50,9,6,1,-,-
-,-,-,6,11,0.35,Panaitolikos,0.47,10,6,1,-,-
-,-,1,8,7,0.63,Panathinaikos,0.25,13,2,1,-,-
-,-,2,9,6,0.76,Panserraikos,0.76,9,4,3,1,-
-,-,3,6,7,0.75,PAOK,0.25,12,4,-,-,-
-,1,1,3,12,0.47,Volos,0.35,11,6,-,-,-
,,,,,,,,,,,,
0%,0%,11%,37%,51%,0.61,League avg.,0.47,63%,29%,6%,2%,0%
-,1,1,7,2,1.09,Eastern,0.45,7,3,1,-,-
-,-,-,6,4,0.60,HK Rangers,0.70,5,3,2,-,-
-,-,3,3,6,0.75,Hong Kong FC,1.08,5,2,4,1,-
1,2,1,5,2,1.55,Kitchee,0.27,8,3,-,-,-
-,-,3,4,3,1.00,Kowloon City,1.60,4,1,2,2,1
-,-,1,3,8,0.42,LM Warriors,0.75,5,6,-,1,-
1,2,1,2,5,1.27,North District,1.18,1,7,3,-,-
-,1,-,6,5,0.75,Southern D.,0.58,6,5,1,-,-
-,-,3,5,3,1.00,Tai Po,0.55,6,4,1,-,-
,,,,,,,,,,,,
2%,6%,13%,41%,38%,0.93,League avg.,0.79,47%,34%,14%,4%,1%
-,1,-,7,7,0.67,Debrecen,1.20,2,10,1,2,-
-,-,1,6,9,0.50,DVTK,0.75,7,7,1,1,-
-,-,-,6,9,0.40,Fehervar,0.40,10,4,1,-,-
-,1,2,5,7,0.80,Ferencvaros,0.33,12,2,-,1,-
-,-,3,5,8,0.69,Gyor,0.50,10,5,-,1,-
-,1,2,4,9,0.69,Kecskemeti TE,0.69,9,4,2,1,-
-,-,2,7,6,0.73,MTK Budapest,0.80,6,7,1,1,-
-,1,3,1,11,0.63,Nyiregyhaza,0.50,9,6,1,-,-
-,-,4,8,3,1.07,Paks,0.67,8,5,1,1,-
-,1,3,6,5,1.00,Puskas A.,0.27,11,4,-,-,-
-,1,2,1,12,0.50,Ujpest,0.13,14,2,-,-,-
-,1,1,5,9,0.63,Zalaegerszegi,0.50,10,4,2,-,-
,,,,,,,,,,,,
0%,4%,12%,33%,51%,0.69,League avg.,0.56,58%,32%,5%,4%,0%
-,-,-,1,2,0.33,Afturelding,0.00,3,-,-,-,-
-,-,1,1,1,1.00,Breidablik,0.00,3,-,-,-,-
-,-,1,-,2,0.67,Fram,1.00,1,1,1,-,-
-,-,1,1,-,1.50,Hafnarfjordur,0.50,1,1,-,-,-
-,-,1,-,1,1.00,IA Akranes,1.00,1,-,1,-,-
-,-,1,-,1,1.00,IBV,1.00,-,2,-,-,-
-,-,1,1,1,1.00,KA Akureyri,1.33,-,2,1,-,-
-,-,2,1,-,1.67,KR Reykjavik,0.67,1,2,-,-,-
-,-,-,3,1,0.75,Stjarnan,0.75,2,1,1,-,-
-,-,1,1,2,0.75,Valur,0.25,3,1,-,-,-
-,-,-,2,1,0.67,Vestri,0.00,3,-,-,-,-
-,1,2,-,1,1.75,Vikingur R.,0.50,2,2,-,-,-
,,,,,,,,,,,,
0%,3%,31%,31%,36%,1.00,League avg.,0.56,56%,33%,11%,0%,0%
-,-,-,1,-,1.00,Fjolnir,1.00,-,1,-,-,-
-,-,-,1,-,1.00,Fylkir,0.00,1,-,-,-,-
-,-,-,1,-,1.00,Grindavik,2.00,-,-,1,-,-
-,-,-,-,1,0.00,HK Kopavogur,1.00,-,1,-,-,-
-,-,-,1,-,1.00,IR Reykjavik,0.00,1,-,-,-,-
-,-,-,-,1,0.00,Keflavik,0.00,1,-,-,-,-
-,-,-,-,1,0.00,Leiknir R.,3.00,-,-,-,1,-
-,1,-,1,-,2.00,Njardvik,0.00,2,-,-,-,-
-,-,-,1,-,1.00,Selfoss,0.00,1,-,-,-,-
-,-,-,1,-,1.00,Thor Akureyri,1.00,-,1,-,-,-
-,-,-,1,-,1.00,Throttur R.,0.00,1,-,-,-,-
-,-,-,-,-,-,Volsungur,-,-,-,-,-,-
,,,,,,,,,,,,
0%,8%,0%,67%,25%,0.92,League avg.,0.67,58%,25%,8%,8%,0%
-,-,1,1,5,0.43,Bohemians,0.86,2,4,1,-,-
-,-,-,3,5,0.38,Cork City,0.88,2,5,1,-,-
-,-,2,1,5,0.63,Derry City,0.50,5,2,1,-,-
-,-,1,5,1,1.00,Drogheda Utd,0.43,4,3,-,-,-
-,-,1,2,4,0.57,Galway Utd,0.43,4,3,-,-,-
-,-,3,2,3,1.00,Shamrock Rovers,0.00,8,-,-,-,-
-,1,-,2,5,0.63,Shelbourne,0.75,2,6,-,-,-
-,-,-,2,6,0.25,Sligo Rovers,0.88,3,3,2,-,-
-,-,2,3,2,1.00,St. Patricks,0.29,5,2,-,-,-
-,-,-,3,4,0.43,Waterford,1.00,3,2,1,1,-
,,,,,,,,,,,,
0%,1%,13%,32%,53%,0.63,League avg.,0.60,51%,40%,8%,1%,0%
-,-,-,1,6,0.14,Athlone Town,0.57,5,1,-,1,-
-,-,2,2,2,1.00,Bray Wanderers,0.50,5,-,-,1,-
-,1,1,2,3,1.00,Cobh Ramblers,0.29,5,2,-,-,-
-,-,-,4,3,0.57,Dundalk,0.29,5,2,-,-,-
-,1,-,2,4,0.71,Finn Harps,1.00,1,5,1,-,-
-,-,1,2,4,0.57,Kerry,0.57,4,2,1,-,-
-,-,-,2,5,0.29,Longford Town,0.57,4,2,1,-,-
-,-,-,3,3,0.50,Treaty Utd,0.00,6,-,-,-,-
-,-,-,2,6,0.25,UC Dublin,0.50,4,4,-,-,-
-,-,1,3,4,0.63,Wexford,0.63,5,1,2,-,-
,,,,,,,,,,,,
0%,3%,7%,33%,57%,0.56,League avg.,0.50,63%,27%,7%,3%,0%
-,-,4,3,9,0.69,Ashdod,0.88,7,4,5,-,-
1,-,-,6,10,0.65,B. Jerusalem,0.65,10,4,2,1,-
1,1,2,3,10,0.82,H. Beer Sheva,0.47,12,3,1,1,-
-,1,2,7,7,0.82,H. Jerusalem,0.53,10,5,2,-,-
-,-,1,3,12,0.31,Hapoel Hadera,0.75,8,5,2,1,-
-,3,1,8,5,1.12,Hapoel Haifa,0.65,8,7,2,-,-
-,-,2,4,11,0.47,Ironi Tiberias,0.65,6,11,-,-,-
-,1,1,3,12,0.47,Kiryat Shmona,0.59,9,6,2,-,-
1,-,-,4,12,0.47,M. Bnei Raina,0.71,8,7,1,1,-
-,-,-,4,12,0.25,M. Petah Tikva,0.75,7,6,3,-,-
-,2,3,6,6,1.06,M. Tel Aviv,0.41,11,5,1,-,-
-,1,2,5,9,0.71,Maccabi Haifa,0.82,9,4,2,2,-
-,-,2,8,7,0.71,Maccabi Netanya,0.65,9,5,3,-,-
-,-,1,5,10,0.44,Sakhnin,0.50,11,3,1,1,-
,,,,,,,,,,,,
1%,4%,9%,29%,56%,0.65,League avg.,0.64,53%,32%,12%,3%,0%
1,1,1,5,10,0.78,AC Milan,0.50,11,5,2,-,-
-,-,3,6,9,0.67,AS Roma,0.44,10,8,-,-,-
1,1,2,6,8,1.00,Atalanta,0.61,9,7,2,-,-
-,-,1,6,11,0.44,Bologna,0.50,10,7,1,-,-
-,-,-,6,12,0.33,Cagliari,0.61,8,9,1,-,-
-,-,2,8,8,0.67,Como,0.39,12,5,1,-,-
-,-,-,3,15,0.17,Empoli,0.44,13,3,1,1,-
-,1,3,8,6,0.94,Fiorentina,0.39,12,5,1,-,-
-,-,1,2,15,0.22,Genoa,0.50,10,7,1,-,-
-,-,1,4,13,0.33,Hellas Verona,1.39,6,6,3,-,3
-,1,5,7,5,1.11,Inter Milan,0.56,10,6,2,-,-
-,-,3,6,9,0.67,Juventus,0.33,13,4,1,-,-
-,-,2,8,8,0.67,Lazio,0.67,8,8,2,-,-
-,-,1,3,14,0.28,Lecce,0.72,9,6,2,1,-
-,-,1,5,12,0.39,Monza,0.89,6,8,4,-,-
-,-,3,7,8,0.72,Napoli,0.44,11,6,1,-,-
-,-,1,7,10,0.50,Parma,0.61,9,7,2,-,-
-,-,-,6,12,0.33,Torino,0.39,11,7,-,-,-
-,-,-,9,9,0.50,Udinese,0.39,14,1,3,-,-
-,-,-,6,12,0.33,Venezia,0.39,12,5,1,-,-
,,,,,,,,,,,,
1%,1%,8%,33%,57%,0.55,League avg.,0.56,57%,33%,9%,1%,1%
-,1,1,9,8,0.74,Bari,0.42,13,4,2,-,-
-,2,-,7,10,0.68,Brescia,0.58,10,7,2,-,-
-,1,2,5,11,0.63,Carrarese,0.32,15,2,2,-,-
-,2,1,7,9,0.79,Catanzaro,0.68,7,11,1,-,-
-,1,3,5,10,0.74,Cesena,0.42,12,6,1,-,-
-,-,1,2,16,0.21,Cittadella,0.63,9,8,2,-,-
-,-,1,6,12,0.42,Cosenza,0.63,9,9,-,1,-
-,-,1,9,9,0.58,Cremonese,0.63,9,8,2,-,-
-,-,3,7,9,0.68,Frosinone,0.74,8,8,3,-,-
-,-,2,10,7,0.74,Juve Stabia,0.42,13,4,2,-,-
-,1,2,3,13,0.53,Mantova,0.37,14,3,2,-,-
-,-,4,6,9,0.74,Modena,0.58,9,9,1,-,-
-,1,1,8,9,0.68,Palermo,0.37,13,5,1,-,-
-,-,3,9,7,0.79,Pisa,0.32,15,2,2,-,-
-,-,2,8,9,0.63,Reggiana,0.63,9,8,2,-,-
-,-,1,5,13,0.37,Salernitana,0.79,9,5,5,-,-
-,-,-,8,11,0.42,Sampdoria,0.16,16,3,-,-,-
1,-,1,10,7,0.84,Sassuolo,0.53,12,5,1,1,-
-,2,1,7,9,0.79,Spezia,0.58,10,8,-,1,-
-,-,1,11,7,0.68,Sudtirol,0.68,6,13,-,-,-
,,,,,,,,,,,,
0%,3%,8%,37%,51%,0.63,League avg.,0.52,57%,34%,8%,1%,0%
-,-,1,6,12,0.42,AlbinoLeffe,0.42,12,6,1,-,-
-,-,1,5,13,0.37,Alcione,0.32,13,6,-,-,-
-,-,2,3,14,0.37,Arzignano,0.42,11,8,-,-,-
-,1,3,4,11,0.68,Atalanta B,0.58,10,7,2,-,-
-,-,1,7,11,0.47,Caldiero Terme,0.63,9,8,2,-,-
-,-,3,3,13,0.47,Clodiense,0.89,7,7,5,-,-
-,-,3,3,13,0.47,FeralpiSalo,0.21,16,2,1,-,-
-,-,2,6,11,0.53,Giana Erminio,0.47,12,5,2,-,-
-,-,-,9,10,0.47,Lecco,0.47,11,7,1,-,-
-,-,1,5,13,0.37,Lumezzane,0.89,7,8,3,1,-
-,-,1,7,11,0.47,Novara,0.32,13,6,-,-,-
-,1,2,9,7,0.84,Padova,0.16,16,3,-,-,-
-,1,2,5,11,0.63,Pergolettese,0.74,8,8,3,-,-
-,-,-,7,12,0.37,Pro Patria,0.53,10,8,1,-,-
-,-,2,4,13,0.42,Pro Vercelli,0.32,14,4,1,-,-
-,-,1,7,11,0.47,Renate,0.26,14,5,-,-,-
-,-,-,9,10,0.47,Trento,0.63,9,8,2,-,-
1,-,-,4,14,0.47,Triestina,0.42,13,4,2,-,-
-,-,5,7,7,0.89,Vicenza,0.16,16,3,-,-,-
-,2,-,7,10,0.68,Virtus Verona,0.68,8,9,2,-,-
,,,,,,,,,,,,
0%,1%,8%,31%,60%,0.52,League avg.,0.48,60%,32%,7%,0%,0%
-,-,3,4,12,0.53,AC Milan B,0.68,11,5,2,-,1
-,-,1,7,11,0.47,Arezzo,0.42,12,6,1,-,-
-,-,-,6,13,0.32,Ascoli,0.47,12,6,-,1,-
-,-,-,8,11,0.42,Athletic Carpi,0.47,11,7,1,-,-
-,1,1,4,13,0.47,Campobasso,0.63,10,6,3,-,-
-,1,2,9,7,0.84,Entella,0.26,14,5,-,-,-
-,-,2,4,13,0.42,Gubbio,0.47,11,7,1,-,-
-,-,1,4,14,0.32,Legnago Salus,0.68,6,13,-,-,-
-,2,1,5,11,0.68,Lucchese,0.84,7,9,2,1,-
-,-,1,7,11,0.47,Perugia,0.42,13,4,2,-,-
-,2,1,5,11,0.68,Pescara,0.21,15,4,-,-,-
-,1,5,5,8,0.95,Pianese,0.53,11,6,2,-,-
-,1,1,9,8,0.74,Pineto,0.42,13,4,2,-,-
-,1,3,7,8,0.84,Pontedera,0.58,9,9,1,-,-
-,1,1,3,14,0.42,Rimini,0.42,11,8,-,-,-
-,-,1,6,12,0.42,Sestri Levante,0.58,12,3,4,-,-
-,-,1,4,14,0.32,SPAL,0.79,8,8,2,1,-
-,1,5,2,11,0.79,Ternana,0.32,13,6,-,-,-
-,-,-,6,13,0.32,Torres,0.32,14,4,1,-,-
-,-,2,7,10,0.58,Vis Pesaro,0.26,14,5,-,-,-
,,,,,,,,,,,,
0%,3%,8%,29%,59%,0.55,League avg.,0.49,60%,33%,6%,1%,0%
-,-,-,4,4,0.50,Albirex Niigata,0.50,4,4,-,-,-
-,-,-,4,4,0.50,Avispa Fukuoka,0.50,4,4,-,-,-
-,-,1,4,3,0.75,Cerezo Osaka,0.38,5,3,-,-,-
-,-,1,2,5,0.50,Fagiano Okayama,0.00,8,-,-,-,-
-,-,-,2,6,0.25,FC Tokyo,0.13,7,1,-,-,-
1,-,1,3,3,1.13,Gamba Osaka,0.50,4,4,-,-,-
-,-,-,2,4,0.33,K. Frontale,0.33,4,2,-,-,-
-,1,1,4,3,1.00,Kashima Antlers,0.33,6,3,-,-,-
-,-,-,1,7,0.13,Kashiwa Reysol,0.38,5,3,-,-,-
-,-,1,2,5,0.50,Kyoto Sanga,0.38,6,1,1,-,-
-,-,-,4,3,0.57,Machida Zelvia,0.57,4,2,1,-,-
-,-,-,4,3,0.57,Nagoya G.,0.29,5,2,-,-,-
-,-,-,2,6,0.25,S. Hiroshima,0.13,7,1,-,-,-
-,1,1,2,4,0.88,Shimizu S-Pulse,0.50,4,4,-,-,-
-,-,1,1,5,0.43,Shonan Bellmare,0.57,4,2,1,-,-
-,-,-,3,5,0.38,Tokyo Verdy,0.38,5,3,-,-,-
-,-,1,3,4,0.63,Urawa RD,0.25,7,-,1,-,-
-,-,1,1,6,0.38,Vissel Kobe,0.63,3,5,-,-,-
-,-,-,2,7,0.22,Yokohama FC,0.11,8,1,-,-,-
-,-,-,3,4,0.43,Yokohama M.,0.14,6,1,-,-,-
,,,,,,,,,,,,
1%,1%,6%,34%,58%,0.52,League avg.,0.35,68%,29%,3%,0%,0%
-,-,-,-,6,0.00,Blaublitz Akita,0.83,3,1,2,-,-
-,-,-,2,4,0.33,C. Sapporo,1.33,1,3,1,1,-
-,-,-,3,5,0.38,Ehime FC,0.88,4,3,-,-,1
-,-,-,1,7,0.13,FC Imabari,0.75,4,2,2,-,-
-,-,3,1,3,1.00,Fujieda MYFC,0.86,3,3,-,1,-
-,-,-,1,7,0.13,Iwaki,0.50,4,4,-,-,-
-,-,2,4,1,1.14,JEF Utd Chiba,0.57,4,2,1,-,-
-,-,-,2,6,0.25,Jubilo Iwata,0.25,6,2,-,-,-
-,-,-,6,2,0.75,Kataller Toyama,0.25,6,2,-,-,-
-,-,1,2,3,0.67,M. Yamagata,0.33,4,2,-,-,-
-,-,2,2,4,0.75,Mito Hollyhock,0.38,5,3,-,-,-
-,-,-,2,5,0.29,Oita Trinita,0.14,6,1,-,-,-
-,-,1,3,4,0.63,Omiya Ardija,0.25,6,2,-,-,-
-,-,1,2,6,0.44,R. Kumamoto,0.56,5,3,1,-,-
-,-,-,5,2,0.71,R. Yamaguchi,0.43,5,1,1,-,-
-,-,1,4,4,0.67,Sagan Tosu,0.44,7,1,-,1,-
-,-,1,-,6,0.29,Tokushima V.,0.14,6,1,-,-,-
-,-,2,3,3,0.88,Vegalta Sendai,0.63,4,3,1,-,-
-,-,1,2,4,0.57,Ventforet Kofu,0.57,4,2,1,-,-
-,-,-,3,5,0.38,V-V. Nagasaki,0.50,4,4,-,-,-
,,,,,,,,,,,,
0%,0%,10%,32%,58%,0.52,League avg.,0.52,61%,30%,7%,2%,1%
-,-,-,2,4,0.33,AC Numazu,0.33,4,2,-,-,-
-,-,-,4,2,0.67,FC Ryukyu,0.33,4,2,-,-,-
-,-,1,2,3,0.67,Fukushima Utd,1.00,3,-,3,-,-
-,-,1,-,6,0.29,G. Kitakyushu,0.14,6,1,-,-,-
-,-,-,3,2,0.60,Gainare Tottori,0.00,5,-,-,-,-
-,1,-,2,4,0.71,Gifu,0.57,3,4,-,-,-
-,-,1,2,3,0.67,Kagoshima Utd,0.67,3,2,1,-,-
-,-,-,2,4,0.33,Kamatamare S.,0.67,3,2,1,-,-
-,-,-,1,5,0.17,Kochi United,0.67,3,2,1,-,-
-,-,2,-,4,0.67,Kusatsu,0.17,5,1,-,-,-
-,-,-,2,3,0.40,Matsumoto Y.,1.40,2,2,-,-,1
-,-,-,2,4,0.33,Nagano Parceiro,0.50,4,1,1,-,-
-,-,1,3,3,0.71,Nara Club,0.86,2,4,1,-,-
-,-,-,3,4,0.43,Osaka,0.29,6,-,1,-,-
-,-,-,4,2,0.67,SC Sagamihara,0.33,4,2,-,-,-
-,-,-,2,4,0.33,T. Miyazaki,0.83,2,3,1,-,-
-,1,1,2,1,1.40,Tochigi City,0.20,4,1,-,-,-
-,-,-,3,4,0.43,Tochigi SC,0.14,6,1,-,-,-
-,-,-,3,3,0.50,V. Hachinohe,0.50,4,1,1,-,-
-,-,1,1,2,0.75,Z. Kanazawa,0.50,2,2,-,-,-
,,,,,,,,,,,,
0%,2%,7%,36%,56%,0.54,League avg.,0.50,62%,28%,9%,0%,1%
-,-,1,1,2,0.75,Aktobe,0.00,4,-,-,-,-
-,-,-,1,5,0.17,Atyrau,1.00,1,4,1,-,-
-,-,2,2,1,1.20,FC Astana,0.80,3,1,-,1,-
-,1,1,1,-,2.00,Kairat Almaty,0.00,3,-,-,-,-
-,-,1,-,4,0.40,Kaisar K.,0.20,4,1,-,-,-
-,-,1,2,2,0.80,Kyzylzhar,0.60,3,1,1,-,-
-,-,-,2,1,0.67,Okzhetpes,0.00,3,-,-,-,-
-,-,1,2,2,0.80,Ordabasy,0.00,5,-,-,-,-
-,-,-,4,-,1.00,Tobol,0.25,3,1,-,-,-
-,-,-,2,3,0.40,Turan,0.40,3,2,-,-,-
-,-,-,-,3,0.00,Ulytau,1.00,-,3,-,-,-
-,-,-,1,2,0.33,Yelimay Semey,0.33,2,1,-,-,-
-,-,-,-,4,0.00,Zhenys,0.75,2,1,1,-,-
-,-,-,1,3,0.25,Zhetysu,0.75,2,1,1,-,-
,,,,,,,,,,,,
0%,2%,12%,32%,54%,0.61,League avg.,0.46,64%,27%,7%,2%,0%
-,-,-,4,3,0.57,Banga,0.43,5,1,1,-,-
-,-,-,3,3,0.50,Dainava,0.83,2,3,1,-,-
-,-,1,-,3,0.50,Dziugas Telsiai,0.25,3,1,-,-,-
-,-,2,1,2,1.00,Hegelmann L.,0.60,3,1,1,-,-
-,-,-,3,2,0.60,Kauno Zalgiris,0.00,5,-,-,-,-
-,-,-,1,5,0.17,Panevezys,0.67,3,2,1,-,-
-,-,1,1,3,0.60,Riteriai,1.00,3,-,1,1,-
-,-,1,3,1,1.00,Siauliai,0.20,4,1,-,-,-
1,-,-,3,2,1.17,Suduva,0.00,6,-,-,-,-
-,-,1,3,2,0.83,Zalgiris,0.33,4,2,-,-,-
,,,,,,,,,,,,
2%,0%,11%,40%,47%,0.69,League avg.,0.44,69%,20%,9%,2%,0%
-,-,2,5,1,1.13,A. San Luis,0.50,4,4,-,-,-
-,-,1,3,4,0.63,Atlas,0.38,6,1,1,-,-
-,-,1,3,4,0.63,CF America,0.38,5,3,-,-,-
-,-,-,4,5,0.44,Club Leon,0.33,6,3,-,-,-
-,-,4,1,4,1.00,Cruz Azul,0.22,7,2,-,-,-
1,-,-,2,6,0.67,Guadalajara,0.22,7,2,-,-,-
-,-,-,3,5,0.38,Juarez,0.63,5,2,-,1,-
-,1,1,1,5,0.75,Mazatlan,0.75,5,2,-,-,1
-,2,-,3,4,1.00,Monterrey,0.56,6,1,2,-,-
-,-,1,3,5,0.56,Necaxa,0.56,6,1,2,-,-
-,-,2,1,5,0.63,Pachuca,0.75,3,4,1,-,-
-,-,-,4,5,0.44,Puebla,0.89,3,4,2,-,-
-,-,1,4,3,0.75,Pumas UNAM,0.63,5,1,2,-,-
-,-,-,2,6,0.25,Queretaro,0.88,2,5,1,-,-
-,-,-,2,7,0.22,Santos Laguna,0.44,5,4,-,-,-
-,-,-,5,3,0.63,Tigres,0.25,6,2,-,-,-
-,-,1,5,3,0.78,Tijuana,0.78,3,5,1,-,-
-,-,4,4,1,1.33,Toluca,0.33,6,3,-,-,-
,,,,,,,,,,,,
1%,2%,12%,36%,50%,0.68,League avg.,0.52,59%,32%,8%,1%,1%
-,-,1,3,5,0.56,A. San Luis,0.89,3,4,2,-,-
-,-,2,2,5,0.67,Atlas,0.89,3,4,2,-,-
-,-,4,2,3,1.11,CF America,0.44,6,2,1,-,-
-,-,1,4,3,0.75,Club Leon,0.50,4,4,-,-,-
-,-,2,4,2,1.00,Cruz Azul,0.38,5,3,-,-,-
-,-,2,3,3,0.88,Guadalajara,0.50,4,4,-,-,-
-,-,1,5,3,0.78,Juarez,0.33,8,-,-,1,-
-,-,1,3,5,0.56,Mazatlan,0.89,3,4,2,-,-
-,-,2,5,1,1.13,Monterrey,0.38,5,3,-,-,-
-,-,2,4,2,1.00,Necaxa,0.75,4,2,2,-,-
-,-,3,2,4,0.89,Pachuca,0.22,7,2,-,-,-
-,-,-,3,5,0.38,Puebla,0.75,3,4,1,-,-
-,-,1,1,7,0.33,Pumas UNAM,0.11,8,1,-,-,-
-,-,-,5,4,0.56,Queretaro,0.78,4,4,-,1,-
-,-,1,2,5,0.50,Santos Laguna,0.88,3,3,2,-,-
-,-,-,4,5,0.44,Tigres,0.22,7,2,-,-,-
-,1,-,5,2,1.00,Tijuana,0.88,3,4,-,1,-
1,1,2,3,1,1.75,Toluca,0.50,6,-,2,-,-
,,,,,,,,,,,,
1%,1%,16%,39%,42%,0.78,League avg.,0.57,56%,33%,9%,2%,0%
-,-,6,6,4,1.13,Ajax Amsterdam,0.19,13,3,-,-,-
-,-,-,5,12,0.29,Almere City,0.82,8,4,5,-,-
-,-,2,5,9,0.56,AZ Alkmaar,0.44,11,3,2,-,-
-,1,3,4,9,0.76,FC Groningen,0.41,11,5,1,-,-
-,-,4,10,3,1.06,FC Twente,0.65,11,2,3,1,-
-,1,1,9,6,0.82,FC Utrecht,0.59,8,8,1,-,-
-,2,4,6,5,1.18,Feyenoord,0.47,10,6,1,-,-
-,1,-,4,11,0.44,Fortuna Sittard,0.63,9,4,3,-,-
1,-,2,5,9,0.76,Go Ahead Eagles,0.82,9,3,4,1,-
-,-,2,9,5,0.81,Heerenveen,0.56,8,7,1,-,-
-,-,2,9,5,0.81,Heracles Almelo,0.69,10,2,3,1,-
-,-,2,5,9,0.56,NAC Breda,0.50,11,3,1,1,-
-,1,-,9,7,0.71,NEC Nijmegen,0.65,8,7,2,-,-
-,-,2,2,12,0.38,PEC Zwolle,0.38,10,6,-,-,-
2,2,8,2,3,1.88,PSV Eindhoven,0.35,11,6,-,-,-
-,1,-,6,9,0.56,RKC Waalwijk,0.88,6,7,2,1,-
-,-,-,7,9,0.44,Sparta,0.63,8,6,2,-,-
-,-,3,2,12,0.47,Willem II,0.65,9,6,1,1,-
,,,,,,,,,,,,
1%,3%,14%,35%,47%,0.76,League avg.,0.57,58%,30%,11%,2%,0%
-,-,3,11,5,0.89,ADO Den Haag,0.58,11,6,1,1,-
-,-,2,9,8,0.68,Cambuur,0.53,11,7,-,1,-
1,1,5,8,4,1.32,De Graafschap,0.53,11,6,2,-,-
-,1,5,6,7,1.00,Excelsior,0.47,13,3,3,-,-
-,1,2,7,9,0.74,FC Den Bosch,0.47,12,5,2,-,-
-,2,3,10,4,1.16,FC Dordrecht,0.21,15,4,-,-,-
-,-,2,8,9,0.63,FC Eindhoven,0.95,9,4,4,2,-
-,-,1,8,10,0.53,FC Emmen,0.79,8,7,4,-,-
-,3,3,6,7,1.11,FC Volendam,0.53,12,4,3,-,-
-,1,3,8,7,0.89,Helmond Sport,0.53,10,8,1,-,-
-,-,2,5,12,0.47,Jong Ajax,0.37,12,7,-,-,-
1,-,-,8,10,0.63,Jong AZ,0.84,7,9,2,1,-
-,1,1,8,9,0.68,Jong PSV,1.26,6,7,2,3,1
-,-,2,5,12,0.47,Jong Utrecht,0.79,8,7,4,-,-
1,1,2,5,10,0.84,MVV Maastricht,0.58,11,7,-,-,1
-,-,2,7,10,0.58,Roda JC,0.47,12,5,2,-,-
1,-,6,5,7,1.11,Telstar,0.37,13,5,1,-,-
-,-,1,5,13,0.37,TOP Oss,0.95,7,8,2,2,-
-,-,1,8,10,0.53,Vitesse Arnhem,0.79,11,3,4,-,1
-,-,2,3,14,0.37,VVV,0.53,11,7,-,1,-
,,,,,,,,,,,,
1%,3%,13%,37%,47%,0.75,League avg.,0.63,55%,31%,10%,3%,1%
-,2,1,4,11,0.67,Ballymena Utd,0.33,12,6,-,-,-
-,1,3,5,11,0.70,Carrick Rangers,0.35,15,3,2,-,-
-,-,-,10,8,0.56,Cliftonville,0.17,15,3,-,-,-
-,-,1,8,10,0.53,Coleraine,0.79,8,8,2,1,-
-,-,2,6,12,0.50,Crusaders,0.80,7,10,3,-,-
-,1,2,10,7,0.85,Dungannon,0.50,14,3,2,1,-
-,-,1,2,16,0.21,Glenavon,0.58,11,6,1,1,-
-,-,-,6,11,0.35,Glentoran,0.24,14,2,1,-,-
-,-,1,3,14,0.28,Larne,0.39,11,7,-,-,-
1,1,2,7,9,0.90,Linfield,0.15,17,3,-,-,-
-,-,3,7,9,0.68,Loughgall,1.16,5,8,4,2,-
-,-,3,6,11,0.60,Portadown,0.65,9,10,-,1,-
,,,,,,,,,,,,
0%,2%,8%,32%,57%,0.57,League avg.,0.51,61%,30%,7%,3%,0%
-,-,-,1,1,0.50,Bodo.Glimt,0.00,2,-,-,-,-
-,-,-,1,3,0.25,Brann,0.75,2,1,1,-,-
-,-,1,-,2,0.67,Bryne,1.33,1,1,-,1,-
-,1,1,1,-,2.00,Fredrikstad,0.33,2,1,-,-,-
-,-,-,1,2,0.33,HamKam,1.67,1,1,-,-,1
-,-,-,-,3,0.00,Haugesund,1.33,1,-,2,-,-
-,-,-,2,1,0.67,KFUM Oslo,1.33,-,2,1,-,-
-,-,-,1,2,0.33,Kristiansund,0.33,2,1,-,-,-
-,-,-,1,2,0.33,Molde,1.00,1,1,1,-,-
-,-,-,2,2,0.50,Rosenborg,0.00,4,-,-,-,-
-,-,1,2,-,1.33,Sandefjord,0.33,2,1,-,-,-
-,-,-,1,2,0.33,Sarpsborg 08,0.67,1,2,-,-,-
-,-,-,2,1,0.67,Stromsgodset,0.33,2,1,-,-,-
-,-,-,2,1,0.67,Tromso,0.00,3,-,-,-,-
-,-,-,1,2,0.33,Valerenga,1.00,1,1,1,-,-
-,-,1,1,3,0.60,Viking,0.80,1,4,-,-,-
,,,,,,,,,,,,
0%,2%,8%,37%,53%,0.59,League avg.,0.71,51%,33%,12%,2%,2%
-,-,1,1,1,1.00,Aalesund,0.67,2,-,1,-,-
-,-,-,-,3,0.00,Asane,1.00,1,1,1,-,-
-,-,-,2,-,1.00,Egersund,2.50,-,-,1,1,-
-,-,-,1,2,0.33,Hodd,0.67,1,2,-,-,-
-,-,1,1,1,1.00,Kongsvinger,0.67,2,-,1,-,-
-,-,1,-,1,1.00,Lillestrom,0.00,2,-,-,-,-
-,-,-,-,3,0.00,Lyn,0.33,2,1,-,-,-
-,-,-,-,3,0.00,Mjondalen,1.00,1,1,1,-,-
-,1,-,2,-,1.67,Moss,0.00,3,-,-,-,-
-,-,1,-,2,0.67,Odd,0.67,1,2,-,-,-
-,-,-,1,2,0.33,Ranheim,1.00,1,1,1,-,-
-,1,1,-,2,1.25,Raufoss,0.25,3,1,-,-,-
-,-,-,1,2,0.33,Skeid,0.67,2,-,1,-,-
-,-,1,-,2,0.67,Sogndal,0.67,1,2,-,-,-
-,-,-,-,3,0.00,Stabaek,0.67,2,-,1,-,-
-,-,-,2,1,0.67,Start,1.33,-,2,1,-,-
,,,,,,,,,,,,
0%,4%,13%,23%,60%,0.62,League avg.,0.72,51%,28%,19%,2%,0%
-,-,-,5,4,0.56,2 de Mayo,0.78,4,4,-,1,-
-,-,-,3,6,0.33,A. Tembetary,0.44,6,2,1,-,-
-,-,-,4,5,0.44,Cerro Porteno,0.11,8,1,-,-,-
-,-,-,2,7,0.22,D. Recoleta,0.22,7,2,-,-,-
-,-,2,3,4,0.78,G. Caballero,0.56,6,2,-,1,-
-,-,1,4,4,0.67,Guarani,0.78,4,3,2,-,-
-,-,-,4,5,0.44,Libertad,0.33,7,1,1,-,-
-,-,-,5,4,0.56,Nacional,0.78,5,2,1,1,-
-,2,2,1,4,1.22,Olimpia,0.89,2,6,1,-,-
-,-,2,1,6,0.56,S. Ameliano,0.44,6,2,1,-,-
-,-,-,1,8,0.11,S. Luqueno,0.33,6,3,-,-,-
-,-,-,5,4,0.56,S. Trinidense,0.44,5,4,-,-,-
,,,,,,,,,,,,
0%,2%,6%,35%,56%,0.54,League avg.,0.51,61%,30%,6%,3%,0%
-,-,-,3,1,0.75,12 de Junio VH,0.75,1,3,-,-,-
-,-,-,1,2,0.33,C. River Plate,0.33,2,1,-,-,-
-,-,1,1,2,0.75,D. Capiata,0.00,4,-,-,-,-
-,-,-,1,3,0.25,D. Santani,0.25,3,1,-,-,-
-,-,-,-,3,0.00,Encarnacion,0.00,3,-,-,-,-
-,-,-,1,2,0.33,F. de la Mora,1.00,-,3,-,-,-
-,-,1,2,2,0.80,Guairena,0.60,3,1,1,-,-
-,1,-,2,-,1.67,Guarani de Fram,0.00,3,-,-,-,-
-,-,-,1,4,0.20,Independiente,0.00,5,-,-,-,-
-,-,-,1,2,0.33,Pastoreo,0.33,2,1,-,-,-
-,1,-,1,2,1.00,Resistencia,0.00,4,-,-,-,-
-,-,1,1,1,1.00,Rubio Nu,0.00,3,-,-,-,-
-,-,-,1,3,0.25,S. Carapegua,0.25,3,1,-,-,-
-,-,2,1,1,1.25,San Lorenzo,0.00,4,-,-,-,-
-,-,-,1,3,0.25,Sol de America,0.25,3,1,-,-,-
-,-,-,-,4,0.00,Tacuary,0.75,3,-,-,1,-
,,,,,,,,,,,,
0%,3%,8%,30%,58%,0.57,League avg.,0.28,77%,20%,2%,2%,0%
-,-,2,-,4,0.67,A. Huanuco,1.00,3,1,1,1,-
-,-,1,3,2,0.83,ADT,0.67,2,4,-,-,-
-,-,2,1,2,1.00,Alianza A.,0.80,3,1,-,1,-
-,-,2,2,2,1.00,Alianza Lima,0.00,6,-,-,-,-
-,-,-,4,1,0.80,Atletico Grau,0.40,3,2,-,-,-
-,-,2,2,2,1.00,Ayacucho,1.50,-,5,-,-,1
-,-,-,2,3,0.40,Binacional,1.00,2,1,2,-,-
-,1,-,1,3,0.80,Cajamarca,0.40,3,2,-,-,-
-,-,-,4,2,0.67,Cienciano,0.67,3,2,1,-,-
-,-,-,-,5,0.00,Comerciantes U.,0.60,3,1,1,-,-
-,-,1,3,1,1.00,Cusco,0.20,4,1,-,-,-
-,-,-,2,4,0.33,D. Garcilaso,0.33,4,2,-,-,-
-,-,1,4,1,1.00,FBC Melgar,0.33,4,2,-,-,-
-,-,1,1,2,0.75,Juan Pablo II C,0.00,4,-,-,-,-
-,-,-,3,3,0.50,Los Chankas,0.50,3,3,-,-,-
-,1,-,3,1,1.20,S. Cristal,0.40,3,2,-,-,-
-,-,2,2,2,1.00,Sport Boys,0.83,3,1,2,-,-
-,-,1,2,3,0.67,Sport Huancayo,0.50,4,1,1,-,-
-,-,1,3,2,0.83,Universitario,0.50,3,3,-,-,-
,,,,,,,,,,,,
0%,2%,15%,40%,43%,0.76,League avg.,0.57,57%,32%,8%,2%,1%
-,-,2,7,7,0.69,Cracovia Krakow,0.88,6,6,4,-,-
-,-,2,6,8,0.63,Gornik Zabrze,0.44,11,3,2,-,-
1,-,1,12,2,1.19,Jagiellonia,0.50,9,6,1,-,-
-,-,2,5,9,0.56,Katowice,0.63,8,6,2,-,-
-,-,1,6,9,0.50,Korona Kielce,0.38,10,6,-,-,-
1,1,5,6,3,1.50,Lech Poznan,0.44,10,5,1,-,-
-,-,2,4,10,0.50,Lechia Gdansk,0.44,12,1,3,-,-
-,1,4,6,5,1.06,Legia Warsaw,0.69,5,11,-,-,-
-,1,2,4,9,0.69,Motor Lublin,0.88,6,7,2,1,-
-,-,1,6,9,0.50,Piast Gliwice,0.63,8,6,2,-,-
-,1,1,8,6,0.81,Pogon Szczecin,0.38,12,2,2,-,-
-,-,4,5,7,0.81,Puszcza Niepolo,0.81,8,4,3,1,-
-,-,2,4,10,0.50,Radomiak Radom,0.81,6,7,3,-,-
-,-,4,5,7,0.81,Rakow C.,0.25,12,4,-,-,-
-,-,2,6,8,0.63,Slask Wroclaw,0.50,10,4,2,-,-
-,-,1,5,10,0.44,Stal Mielec,0.44,10,5,1,-,-
-,-,3,5,7,0.73,Widzew Lodz,0.73,6,7,2,-,-
-,-,2,3,11,0.44,Zaglebie Lubin,0.81,7,6,2,1,-
,,,,,,,,,,,,
1%,1%,14%,36%,48%,0.72,League avg.,0.59,54%,33%,11%,1%,0%
-,2,4,5,5,1.19,Arka Gdynia,0.44,9,7,-,-,-
-,-,1,6,9,0.50,Chrobry Glogow,0.50,9,6,1,-,-
-,-,1,5,10,0.44,Gornik Leczna,0.44,11,3,2,-,-
-,-,-,6,10,0.38,K. Kolobrzeg,0.44,11,3,2,-,-
-,-,4,3,9,0.69,LKS Lodz,0.38,12,3,-,1,-
-,3,1,7,5,1.13,Miedz Legnica,0.44,9,7,-,-,-
-,-,3,4,9,0.63,Odra Opole,0.88,8,4,2,2,-
-,-,-,6,10,0.38,Pogon Siedlce,0.75,6,8,2,-,-
-,-,6,4,6,1.00,Polonia Warszaw,0.50,11,3,1,1,-
1,1,-,7,7,0.88,Ruch Chorzow,0.50,11,3,1,1,-
-,1,2,3,10,0.63,Stal Rzeszow,0.88,6,6,4,-,-
-,-,1,5,10,0.44,Stalowa Wola,0.63,9,5,1,1,-
-,1,1,9,5,0.88,T. Nieciecza,0.56,9,5,2,-,-
-,-,3,3,10,0.56,Tychy,0.63,7,8,1,-,-
-,-,-,4,12,0.25,Warta Poznan,0.88,7,6,2,-,1
-,-,-,6,10,0.38,Wisla Krakow,0.44,10,5,1,-,-
-,1,2,7,6,0.88,Wisla Plock,0.44,10,5,1,-,-
-,-,3,6,7,0.75,Znicz Pruszkow,0.75,6,8,2,-,-
,,,,,,,,,,,,
0%,3%,11%,33%,52%,0.66,League avg.,0.58,56%,33%,9%,2%,0%
-,-,-,3,13,0.19,Arouca,0.44,9,7,-,-,-
-,-,1,1,14,0.19,AVS,0.81,9,3,3,-,1
1,2,5,5,4,1.47,Benfica,0.47,10,6,1,-,-
-,-,-,3,14,0.18,Boavista,0.88,6,7,4,-,-
-,-,1,11,5,0.76,Casa Pia,0.59,8,8,1,-,-
-,-,3,4,9,0.63,Estoril,0.69,8,5,3,-,-
-,-,1,5,11,0.41,Estrela Amadora,0.65,11,3,1,2,-
-,-,-,6,10,0.38,Famalicao,0.13,14,2,-,-,-
-,-,-,4,12,0.25,Farense,0.44,10,5,1,-,-
-,-,2,7,7,0.69,FC Porto,0.31,12,3,1,-,-
-,-,2,5,10,0.53,Gil Vicente,0.35,12,4,1,-,-
-,1,1,8,7,0.76,Guimaraes,0.35,12,4,1,-,-
-,1,2,5,9,0.71,Moreirense,0.35,11,6,-,-,-
-,1,2,6,8,0.76,Nacional,0.65,10,4,2,1,-
-,-,2,8,6,0.75,Rio Ave,0.56,9,5,2,-,-
-,-,2,6,9,0.59,Santa Clara,0.41,12,3,2,-,-
-,1,4,7,4,1.13,Sporting Braga,0.25,12,4,-,-,-
-,1,5,7,3,1.25,Sporting CP,0.50,9,6,1,-,-
,,,,,,,,,,,,
0%,2%,11%,34%,52%,0.65,League avg.,0.49,62%,29%,8%,1%,0%
-,-,3,9,4,0.94,Academico Viseu,0.25,12,4,-,-,-
1,1,1,7,6,1.00,Alverca,0.50,10,5,-,1,-
-,-,4,5,8,0.76,Benfica B,0.29,14,2,-,1,-
-,-,1,5,11,0.41,Chaves,0.53,9,7,1,-,-
-,-,1,5,10,0.44,FC Porto B,0.56,8,7,1,-,-
-,-,3,4,10,0.59,Feirense,0.53,9,7,1,-,-
-,-,1,6,9,0.50,Felgueiras,0.56,8,7,1,-,-
-,1,2,3,10,0.63,Leixoes,0.63,8,6,2,-,-
-,-,2,3,11,0.44,Mafra,0.69,9,4,2,1,-
-,-,1,4,11,0.38,Maritimo,0.56,9,5,2,-,-
-,-,1,4,12,0.35,Oliveirense,0.88,7,6,3,1,-
-,-,1,7,9,0.53,Pacos Ferreira,0.65,9,5,3,-,-
-,1,4,6,5,1.06,Penafiel,1.06,5,6,4,1,-
-,1,1,6,9,0.65,Portimonense,0.71,6,10,1,-,-
-,1,2,6,8,0.76,Tondela,0.53,10,5,2,-,-
-,-,3,7,7,0.76,Torreense,0.59,11,3,2,1,-
-,-,1,6,9,0.50,Uniao de Leiria,0.50,9,6,1,-,-
-,1,-,7,9,0.59,Vizela,0.35,12,4,1,-,-
,,,,,,,,,,,,
0%,2%,11%,34%,53%,0.63,League avg.,0.58,56%,33%,9%,2%,0%
-,-,2,8,9,0.63,Aberdeen,0.68,10,5,4,-,-
2,2,7,4,3,1.83,Celtic,0.22,15,2,1,-,-
-,2,1,11,5,1.00,Dundee FC,0.84,7,8,4,-,-
-,-,1,7,10,0.50,Dundee Utd,0.72,9,7,-,2,-
-,-,2,8,9,0.63,Hearts,0.32,13,6,-,-,-
-,-,4,10,4,1.00,Hibernian,0.50,12,3,3,-,-
-,-,1,7,10,0.50,Kilmarnock,0.33,13,4,1,-,-
-,1,5,5,7,1.00,Motherwell,0.67,9,6,3,-,-
-,2,2,9,6,1.00,Rangers,0.37,13,5,1,-,-
-,-,1,5,12,0.39,Ross County,0.61,8,9,1,-,-
-,-,1,4,13,0.33,St. Johnstone,0.78,8,8,-,2,-
-,-,3,8,9,0.70,St. Mirren,0.60,11,6,3,-,-
,,,,,,,,,,,,
1%,3%,14%,39%,44%,0.79,League avg.,0.55,58%,31%,9%,2%,0%
-,-,2,2,14,0.33,Airdrieonians,0.83,8,5,5,-,-
-,3,3,6,6,1.17,Ayr Utd,0.56,12,2,4,-,-
-,-,-,4,14,0.22,Dunfermline,0.39,11,7,-,-,-
-,2,1,9,6,0.94,Falkirk,0.39,14,1,3,-,-
-,-,2,8,8,0.67,Greenock Morton,0.61,11,3,4,-,-
-,-,3,2,13,0.44,Hamilton,0.83,9,5,2,2,-
-,3,1,4,10,0.83,Livingston,0.33,12,6,-,-,-
-,-,2,8,8,0.67,Partick Thistle,0.56,11,5,1,1,-
-,-,1,6,11,0.44,Queens Park,0.67,10,5,2,1,-
-,-,4,9,5,0.94,Raith Rovers,0.39,12,5,1,-,-
,,,,,,,,,,,,
0%,4%,11%,32%,53%,0.67,League avg.,0.56,61%,24%,12%,2%,0%
-,-,1,6,10,0.47,Backa Topola,0.71,9,4,4,-,-
-,1,3,3,11,0.67,Cukaricki,0.50,10,7,1,-,-
-,1,2,6,9,0.72,IMT N. Beograd,0.61,11,3,4,-,-
1,-,2,3,11,0.65,Jedinstvo U.,0.71,8,7,1,1,-
-,-,1,7,9,0.53,Mladost Lucani,0.65,9,5,3,-,-
-,-,1,7,10,0.50,Napredak,0.61,10,5,3,-,-
-,1,4,7,5,1.06,Novi Pazar,0.88,7,7,2,-,1
-,-,3,6,9,0.67,OFK Beograd,0.67,10,5,2,1,-
-,1,5,4,8,0.94,Partizan,0.56,11,4,3,-,-
-,1,1,8,8,0.72,Radnicki 1923,0.56,13,1,3,1,-
-,-,3,7,7,0.76,Radnicki Nis,0.82,6,8,3,-,-
-,5,3,6,4,1.50,Red Star,0.28,14,3,1,-,-
-,-,-,6,11,0.35,S. Subotica,0.47,11,4,2,-,-
-,-,-,6,11,0.35,T. Odzaci,0.47,11,4,2,-,-
-,-,4,1,12,0.53,Vojvodina,0.35,12,4,1,-,-
-,-,2,7,9,0.61,Z. Pancevo,0.72,8,8,1,1,-
,,,,,,,,,,,,
0%,4%,12%,32%,51%,0.69,League avg.,0.60,57%,28%,13%,1%,0%
-,2,-,4,9,0.67,A. Niigata (S),0.80,6,7,1,1,-
-,-,2,8,5,0.80,DPMM FC,0.60,9,4,1,1,-
-,1,5,5,5,1.13,Geylang,0.94,6,7,1,2,-
-,-,5,4,6,0.93,Hougang,1.13,3,8,3,1,-
-,2,1,6,6,0.93,Khalsa,1.33,2,7,5,1,-
1,1,8,1,5,1.50,Lion City,0.50,9,6,1,-,-
-,1,1,6,7,0.73,Tampines Rovers,0.67,7,6,2,-,-
-,-,2,3,10,0.47,Tanjong Pagar,1.53,4,5,1,4,1
-,-,1,5,8,0.50,Young Lions,1.71,3,3,5,1,2
,,,,,,,,,,,,
1%,5%,18%,31%,45%,0.86,League avg.,1.01,36%,39%,15%,8%,2%
1,-,2,6,8,0.82,Bravo,0.59,9,6,2,-,-
-,-,-,5,12,0.29,Domzale,0.94,7,6,2,2,-
-,-,2,5,10,0.53,Koper,0.35,13,3,-,1,-
-,1,5,9,2,1.29,Maribor,0.41,11,5,1,-,-
-,-,2,7,8,0.65,Mura,0.47,12,3,1,1,-
-,-,3,1,13,0.41,Nafta,1.00,4,9,4,-,-
1,-,2,7,7,0.88,NK Celje,0.76,7,8,1,1,-
-,-,2,10,5,0.82,NK Olimpija,0.18,14,3,-,-,-
-,-,-,7,10,0.41,Primorje,0.65,9,7,-,-,1
-,-,1,5,11,0.41,Radomlje,0.35,12,4,1,-,-
,,,,,,,,,,,,
1%,1%,11%,36%,51%,0.65,League avg.,0.57,58%,32%,7%,3%,1%
-,1,2,4,8,0.73,Banska Bystrica,0.73,8,4,2,1,-
-,2,2,7,5,1.06,DAC Streda,0.56,11,2,2,1,-
-,1,2,9,4,1.00,FC Kosice,0.69,7,7,2,-,-
-,-,-,7,8,0.47,Komarno,0.40,10,4,1,-,-
-,1,1,4,10,0.56,Podbrezova,0.25,12,4,-,-,-
-,-,1,8,7,0.63,Ruzomberok,0.50,10,4,2,-,-
1,1,1,1,11,0.67,S. Bratislava,0.73,7,6,1,1,-
-,-,-,4,12,0.25,Skalica,0.25,13,2,1,-,-
-,-,3,3,9,0.60,Spartak Trnava,0.67,8,4,3,-,-
-,-,2,5,8,0.60,Trencin,0.67,7,6,2,-,-
-,1,3,4,8,0.81,Z. Michalovce,0.75,8,5,2,1,-
-,1,-,7,7,0.67,Zilina,0.53,8,6,1,-,-
,,,,,,,,,,,,
1%,4%,9%,34%,52%,0.67,League avg.,0.56,59%,29%,10%,2%,0%
-,-,1,7,6,0.64,AmaZulu,0.57,9,3,1,1,-
-,-,-,3,10,0.23,Cape Town City,0.62,6,6,1,-,-
-,-,3,3,8,0.64,Chippa Utd,0.57,7,6,1,-,-
-,-,2,3,8,0.54,Golden Arrows,0.31,9,4,-,-,-
-,-,1,9,4,0.79,Kaizer Chiefs,0.57,8,4,2,-,-
-,-,-,8,6,0.57,Magesi,0.43,10,3,-,1,-
-,1,5,5,2,1.38,Mamelodi S.,0.08,12,1,-,-,-
-,-,-,6,7,0.46,Marumo G.,0.23,10,3,-,-,-
-,-,2,5,5,0.75,Orlando Pirates,0.33,8,4,-,-,-
-,-,-,8,5,0.62,Polokwane,0.46,7,6,-,-,-
-,-,-,1,12,0.08,Richards Bay,0.23,10,3,-,-,-
-,-,-,2,4,0.33,Royal AM,0.50,4,1,1,-,-
-,-,-,6,7,0.46,Sekhukhune,0.62,7,4,2,-,-
-,-,1,4,8,0.46,Stellenbosch,0.38,8,5,-,-,-
-,-,-,3,9,0.25,SuperSport Utd,0.42,8,3,1,-,-
-,-,2,4,8,0.57,TS Galaxy,0.21,11,3,-,-,-
,,,,,,,,,,,,
0%,0%,8%,38%,53%,0.56,League avg.,0.41,66%,29%,4%,1%,0%
-,-,-,3,5,0.38,Anyang,0.63,5,2,-,1,-
-,-,1,1,4,0.50,Daegu,0.67,3,2,1,-,-
-,-,-,1,6,0.14,Daejeon Citizen,0.29,5,2,-,-,-
-,-,-,1,5,0.17,Gangwon,0.67,3,2,1,-,-
-,-,1,1,3,0.60,Gimcheon Sangmu,0.20,4,1,-,-,-
-,-,1,2,4,0.57,Gwangju,0.43,4,3,-,-,-
-,-,-,4,3,0.57,Jeju Utd,0.29,5,2,-,-,-
-,1,1,2,3,1.00,Jeonbuk Motors,0.43,4,3,-,-,-
-,-,-,2,5,0.29,Pohang Steelers,0.29,5,2,-,-,-
-,-,-,1,5,0.17,Seoul,0.67,3,2,1,-,-
-,-,-,4,2,0.67,Suwon City,0.17,5,1,-,-,-
-,-,1,4,3,0.75,Ulsan,0.50,5,2,1,-,-
,,,,,,,,,,,,
0%,1%,6%,32%,60%,0.49,League avg.,0.44,64%,30%,5%,1%,0%
-,-,-,1,5,0.17,Ansan Greeners,0.83,4,-,1,1,-
-,-,1,1,3,0.60,Asan,0.40,3,2,-,-,-
-,-,1,3,2,0.83,Bucheon FC,1.00,3,1,1,1,-
-,-,1,2,4,0.57,Busan IPark,0.86,3,2,2,-,-
-,-,-,-,6,0.00,Cheonan City,0.67,3,2,1,-,-
-,1,-,-,1,1.50,Cheongju,0.50,1,1,-,-,-
-,-,-,3,3,0.50,Gimpo,0.50,4,1,1,-,-
-,-,-,1,4,0.20,Gyeongnam,0.60,3,1,1,-,-
-,-,-,1,5,0.17,Hwaseong,0.67,2,4,-,-,-
-,-,1,1,5,0.43,Incheon Utd,0.29,5,2,-,-,-
-,-,-,1,-,1.00,Jeonnam,0.00,1,-,-,-,-
-,-,-,4,2,0.67,Seongnam,0.33,4,2,-,-,-
-,1,1,3,3,1.00,Seoul E-Land,0.38,5,3,-,-,-
1,1,1,-,3,1.50,Suwon Bluewings,0.17,5,1,-,-,-
,,,,,,,,,,,,
1%,4%,8%,27%,60%,0.60,League avg.,0.55,60%,29%,9%,3%,0%
-,-,-,5,13,0.28,Alaves,0.44,12,5,-,1,-
1,1,2,6,8,0.94,Athletic Bilbao,0.11,16,2,-,-,-
1,-,2,6,9,0.78,Atletico Madrid,0.33,13,4,1,-,-
-,-,4,5,9,0.72,Celta Vigo,0.56,9,8,1,-,-
-,-,-,10,7,0.59,Espanyol,0.41,11,5,1,-,-
2,3,2,7,4,1.61,FC Barcelona,0.33,13,4,1,-,-
-,-,-,6,11,0.35,Getafe,0.41,11,5,1,-,-
1,-,2,6,9,0.78,Girona,0.67,10,5,2,1,-
-,-,-,6,12,0.33,Las Palmas,0.50,10,7,1,-,-
-,-,4,-,14,0.44,Leganes,0.33,13,4,1,-,-
-,1,-,7,10,0.56,Mallorca,0.33,12,6,-,-,-
-,1,3,7,6,0.94,Osasuna,0.59,8,8,1,-,-
-,-,1,7,9,0.53,Rayo Vallecano,0.47,11,4,2,-,-
-,-,2,9,7,0.72,Real Betis,0.50,9,9,-,-,-
-,2,5,3,8,1.06,Real Madrid,0.44,11,6,1,-,-
-,-,1,6,11,0.44,Real Sociedad,0.33,13,4,1,-,-
-,-,-,9,9,0.50,Sevilla FC,0.44,10,8,-,-,-
-,1,1,9,7,0.78,Valencia,0.56,9,8,1,-,-
-,-,-,3,15,0.17,Valladolid,0.72,11,3,2,2,-
1,2,1,11,3,1.28,Villarreal,0.61,11,3,4,-,-
,,,,,,,,,,,,
2%,3%,8%,36%,51%,0.69,League avg.,0.46,63%,30%,6%,1%,0%
-,-,2,10,8,0.70,Albacete,0.40,14,4,2,-,-
-,1,2,6,10,0.68,Almeria,0.42,11,8,-,-,-
-,-,1,7,12,0.45,Burgos,0.35,13,7,-,-,-
-,1,3,4,12,0.65,Cadiz,0.40,13,6,1,-,-
-,-,1,5,13,0.37,Cartagena,0.63,10,6,3,-,-
-,-,3,8,8,0.74,Castellon,0.68,10,6,2,1,-
-,-,2,10,7,0.74,Cordoba,0.42,12,6,1,-,-
-,2,1,2,14,0.53,Deportivo,0.42,13,4,2,-,-
-,-,-,11,8,0.58,Eibar,0.37,14,3,2,-,-
-,-,3,8,9,0.70,Elche,0.30,16,2,2,-,-
-,-,1,8,11,0.50,Eldense,0.55,14,3,1,2,-
-,1,3,8,8,0.85,Granada,0.35,15,3,2,-,-
-,1,2,10,6,0.89,Huesca,0.37,13,5,1,-,-
-,-,5,5,9,0.79,Levante,0.58,10,7,2,-,-
-,-,2,7,10,0.58,Malaga,0.21,15,4,-,-,-
-,-,2,9,9,0.65,Mirandes,0.35,13,7,-,-,-
-,1,5,3,11,0.80,Racing,0.25,15,5,-,-,-
-,-,-,2,17,0.11,Racing Ferrol,0.58,10,7,2,-,-
-,-,3,6,10,0.63,Real Oviedo,0.53,12,5,1,1,-
-,-,2,6,12,0.50,Real Zaragoza,0.60,12,4,4,-,-
-,-,2,8,10,0.60,Sporting Gijon,0.40,15,3,1,1,-
-,-,1,8,11,0.50,Tenerife,0.25,16,3,1,-,-
,,,,,,,,,,,,
0%,2%,11%,35%,52%,0.62,League avg.,0.43,67%,25%,7%,1%,0%
-,-,1,1,2,0.75,AIK,0.50,2,2,-,-,-
-,-,-,1,2,0.33,Brommapojkarna,0.00,3,-,-,-,-
-,-,-,2,2,0.50,Degerfors,0.75,2,1,1,-,-
-,-,-,1,3,0.25,Djurgarden,0.25,3,1,-,-,-
-,-,1,2,1,1.00,Elfsborg,0.75,2,1,1,-,-
-,-,1,1,2,0.75,GAIS,0.25,3,1,-,-,-
-,-,-,-,5,0.00,Hacken,0.60,2,3,-,-,-
-,-,1,2,2,0.80,Halmstad,0.60,2,3,-,-,-
-,-,1,3,1,1.00,Hammarby,0.40,3,2,-,-,-
-,-,1,1,2,0.75,IFK Goteborg,1.00,1,2,1,-,-
-,-,-,1,3,0.25,Malmo FF,0.25,3,1,-,-,-
-,2,-,1,1,1.75,Mjallby,0.25,3,1,-,-,-
-,-,2,-,2,1.00,Norrkoping,0.50,2,2,-,-,-
-,-,-,1,3,0.25,Oster,0.75,3,-,-,1,-
-,-,-,2,2,0.50,Sirius,0.25,3,1,-,-,-
-,-,-,-,4,0.00,Varnamo,1.00,1,2,1,-,-
,,,,,,,,,,,,
0%,3%,12%,29%,56%,0.62,League avg.,0.52,58%,35%,6%,2%,0%
-,-,-,-,3,0.00,Brage,1.00,-,3,-,-,-
-,-,-,3,-,1.00,Falkenberg,1.00,-,3,-,-,-
-,-,-,1,3,0.25,GIF Sundsvall,0.00,4,-,-,-,-
-,-,-,4,-,1.00,Helsingborg,1.50,2,1,-,-,1
-,-,-,2,1,0.67,Kalmar,0.00,3,-,-,-,-
-,-,-,1,3,0.25,Landskrona,0.50,2,2,-,-,-
-,-,-,2,2,0.50,Oddevold,1.00,1,2,1,-,-
-,-,-,-,3,0.00,Orebro,0.33,2,1,-,-,-
-,-,1,-,3,0.50,Orgryte,0.50,3,-,1,-,-
-,-,1,1,1,1.00,Ostersunds,0.67,1,2,-,-,-
-,-,-,2,2,0.50,Sandviken,0.50,3,-,1,-,-
-,-,-,-,3,0.00,Trelleborg,1.00,2,-,-,1,-
-,-,-,1,3,0.25,Umea,0.75,1,3,-,-,-
-,-,-,2,2,0.50,Utsikten,0.75,1,3,-,-,-
-,-,1,1,1,1.00,Varberg BoIS,0.33,2,1,-,-,-
-,-,-,3,-,1.00,Vasteras,1.00,1,1,1,-,-
,,,,,,,,,,,,
0%,0%,5%,41%,54%,0.52,League avg.,0.68,50%,39%,7%,2%,2%
-,1,3,6,7,0.88,BSC Young Boys,0.47,9,8,-,-,-
1,2,2,7,6,1.17,FC Basel,0.39,11,7,-,-,-
-,-,3,6,10,0.63,FC Zurich,0.74,7,10,2,-,-
-,1,-,6,11,0.50,Grasshopper,0.61,10,5,3,-,-
-,2,3,7,7,1.00,Lausanne Sport,0.74,10,5,3,1,-
-,1,2,5,10,0.67,Lugano,0.67,7,10,1,-,-
-,-,2,7,9,0.61,Luzern,0.67,9,6,3,-,-
-,-,2,7,8,0.65,Servette,0.41,11,5,1,-,-
-,1,5,4,8,0.94,Sion,0.50,9,9,-,-,-
-,-,2,7,8,0.65,St. Gallen,0.59,9,6,2,-,-
-,2,1,-,14,0.47,Winterthur,0.47,12,3,1,1,-
-,-,-,6,12,0.33,Yverdon,0.50,10,7,1,-,-
,,,,,,,,,,,,
0%,5%,12%,32%,51%,0.71,League avg.,0.57,53%,38%,8%,1%,0%
-,-,2,8,7,0.71,Aarau,0.65,9,5,3,-,-
-,-,1,8,8,0.59,Bellinzona,0.53,11,4,1,1,-
-,1,4,7,5,1.06,Etoile Carouge,0.35,12,4,1,-,-
-,-,3,7,7,0.76,Lausanne Ouchy,0.47,9,8,-,-,-
-,-,5,5,7,0.88,Neuchatel Xamax,0.76,6,9,2,-,-
-,-,2,4,11,0.47,Schaffhausen,1.06,5,8,2,2,-
-,-,2,3,12,0.41,Stade Nyonnais,1.12,4,9,2,2,-
-,-,1,11,5,0.76,Thun,0.29,13,3,1,-,-
-,1,4,4,8,0.88,Vaduz,0.53,11,4,1,1,-
-,-,3,6,8,0.71,Wil,0.82,6,8,3,-,-
,,,,,,,,,,,,
0%,1%,16%,37%,46%,0.72,League avg.,0.66,51%,36%,9%,4%,0%
-,1,2,9,3,1.07,Bangkok Utd,0.47,10,3,2,-,-
2,-,2,8,3,1.47,Buriram Utd,0.20,12,3,-,-,-
-,-,-,8,7,0.53,Chiangrai Utd,0.27,13,-,2,-,-
-,1,1,4,9,0.60,Khon Kaen Utd,1.00,6,7,-,1,1
-,-,2,8,5,0.80,Lamphun Warrior,0.60,8,6,-,1,-
-,-,-,5,10,0.33,Muang Thong Utd,0.47,8,7,-,-,-
1,1,-,7,6,0.93,N. Bua Pitchaya,0.33,11,3,1,-,-
-,-,2,5,8,0.60,N. Ratchasima,0.73,7,5,3,-,-
-,-,1,7,7,0.60,Nakhon Pathom,1.20,4,5,5,1,-
1,-,1,6,7,0.80,Pathum Utd,0.20,12,3,-,-,-
-,-,2,5,8,0.60,Port FC,0.67,7,6,2,-,-
-,1,2,8,4,1.00,Prachuap,0.27,12,2,1,-,-
-,1,3,10,1,1.27,Ratchaburi,0.47,9,5,1,-,-
-,1,2,5,7,0.80,Rayong,0.87,6,6,2,1,-
-,-,4,5,6,0.87,Sukhothai,0.73,7,5,3,-,-
-,-,1,6,8,0.53,Uthai Thani,0.40,9,6,-,-,-
,,,,,,,,,,,,
2%,2%,10%,44%,41%,0.80,League avg.,0.55,59%,30%,9%,2%,0%
-,-,2,4,10,0.50,Adana Demirspor,1.00,5,8,2,-,1
-,-,1,7,8,0.56,Alanyaspor,0.63,10,2,4,-,-
-,1,1,4,10,0.56,Antalyaspor,0.56,10,4,1,1,-
1,-,2,5,9,0.76,Basaksehir,0.65,8,7,2,-,-
-,-,5,8,4,1.06,Besiktas,0.47,10,6,1,-,-
-,-,1,4,11,0.38,Bodrumspor,0.50,12,2,1,-,1
-,1,-,9,7,0.71,Eyupspor,0.47,10,6,1,-,-
-,1,1,9,5,0.88,Fenerbahce,0.63,8,6,2,-,-
1,2,3,8,2,1.50,Galatasaray,0.31,11,5,-,-,-
-,-,1,7,9,0.53,Gaziantep,0.35,11,6,-,-,-
-,-,5,5,7,0.88,Goztepe,0.29,13,3,1,-,-
-,-,2,9,6,0.76,Hatayspor,0.76,6,9,2,-,-
-,-,5,4,7,0.88,Kasimpasa,0.69,8,6,1,1,-
-,-,3,7,7,0.76,Kayserispor,0.76,9,4,3,1,-
-,-,2,7,8,0.65,Konyaspor,0.35,12,4,1,-,-
-,-,1,6,9,0.50,Rizespor,0.38,10,6,-,-,-
-,-,3,7,6,0.81,Samsunspor,0.50,10,4,2,-,-
-,1,1,5,11,0.56,Sivasspor,0.67,7,10,1,-,-
1,1,3,5,7,1.06,Trabzonspor,0.53,9,7,1,-,-
,,,,,,,,,,,,
1%,2%,13%,38%,45%,0.75,League avg.,0.55,57%,33%,8%,1%,1%
-,1,1,4,6,0.75,Ajman,1.00,4,5,2,1,-
-,2,3,2,5,1.17,Al Ain,0.50,7,4,1,-,-
-,-,2,4,6,0.67,Al Bataeh,0.83,6,3,2,1,-
-,3,-,4,5,1.08,Al Jazira,0.58,6,5,1,-,-
-,1,1,4,6,0.75,Al Nasr,0.83,3,8,1,-,-
-,1,2,2,7,0.75,Al Sharjah,0.42,9,1,2,-,-
-,-,-,5,7,0.42,Al Urooba,1.00,5,3,3,1,-
-,-,5,4,3,1.17,Al Wahda,0.58,5,7,-,-,-
1,1,1,5,4,1.17,Al Wasl,0.50,6,6,-,-,-
-,-,1,4,7,0.50,Bani Yas,0.75,5,5,2,-,-
-,-,1,4,7,0.50,Dibba Al Hisn,0.92,6,4,-,1,1
-,-,2,3,7,0.58,Ittihad Kalba,0.25,9,3,-,-,-
-,-,2,5,5,0.75,Khorfakkan,0.75,5,5,2,-,-
-,2,2,2,6,1.00,Shabab Al Ahli,0.25,10,1,1,-,-
,,,,,,,,,,,,
1%,7%,14%,31%,48%,0.80,League avg.,0.65,51%,36%,10%,2%,1%
-,-,-,5,8,0.38,Chornomorets,0.54,9,2,1,1,-
-,-,-,-,-,-,Dnipro-1,-,-,-,-,-,-
1,-,4,6,3,1.29,Dynamo Kyiv,0.29,11,2,1,-,-
-,-,1,3,9,0.38,Inhulets,0.46,8,4,1,-,-
-,-,4,5,5,0.93,Karpaty Lviv,0.29,11,2,1,-,-
-,-,-,3,11,0.21,Kolos Kovalivka,0.29,10,4,-,-,-
-,-,-,8,6,0.57,Kryvbas KR,0.64,6,7,1,-,-
-,-,-,5,9,0.36,Livyi Bereh,0.57,7,6,1,-,-
-,-,-,4,10,0.29,LNZ Cherkasy,0.43,10,3,-,1,-
-,-,-,2,12,0.14,Obolon,0.57,8,5,-,1,-
-,1,2,5,6,0.86,Oleksandria,0.29,11,2,1,-,-
-,1,1,3,9,0.57,Polessya,0.50,7,7,-,-,-
-,-,-,4,10,0.29,Rukh Lviv,0.43,9,4,1,-,-
1,1,3,4,6,1.13,Shakhtar,0.40,10,4,1,-,-
-,-,2,5,7,0.64,Veres,0.79,6,5,3,-,-
-,-,-,4,11,0.27,Vorskla Poltava,0.67,9,3,2,1,-
-,-,-,7,7,0.50,Zorya Luhansk,0.50,9,3,2,-,-
,,,,,,,,,,,,
1%,1%,8%,33%,58%,0.55,League avg.,0.48,63%,28%,7%,2%,0%
-,-,-,5,2,0.71,Atlanta Utd,0.43,4,3,-,-,-
-,-,1,-,6,0.29,Austin,0.57,4,2,1,-,-
-,-,-,2,2,0.50,CF Montreal,0.50,2,2,-,-,-
-,1,1,-,4,0.83,Charlotte,0.17,5,1,-,-,-
-,-,-,4,2,0.67,Chicago Fire,0.50,4,1,1,-,-
-,-,-,2,4,0.33,Cincinnati,0.00,6,-,-,-,-
-,-,1,1,4,0.50,Colorado Rapids,0.83,2,3,1,-,-
-,1,2,1,3,1.14,Columbus Crew,0.71,3,3,1,-,-
-,-,1,-,4,0.40,Dallas,0.60,2,3,-,-,-
-,-,2,1,4,0.71,DC United,0.57,3,4,-,-,-
-,-,-,5,3,0.63,Houston Dynamo,0.75,5,1,1,1,-
-,1,1,3,1,1.33,Inter Miami,0.67,2,4,-,-,-
-,-,-,1,4,0.20,LA Galaxy,0.60,2,3,-,-,-
-,-,-,2,5,0.29,Los Angeles FC,0.14,6,1,-,-,-
-,-,1,2,3,0.67,Minnesota Utd,0.17,5,1,-,-,-
1,-,-,4,3,1.13,Nashville SC,0.25,6,2,-,-,-
-,-,-,2,2,0.50,New England,0.25,3,1,-,-,-
-,-,-,2,4,0.33,New York City,0.50,4,1,1,-,-
-,1,2,2,2,1.29,New York RB,0.71,4,1,2,-,-
-,-,4,2,1,1.43,Orlando City,0.57,4,2,1,-,-
-,-,1,5,2,0.88,Philadelphia,0.50,6,-,2,-,-
-,-,2,1,3,0.83,Portland,0.67,3,2,1,-,-
-,-,1,2,3,0.67,Real Salt Lake,0.50,3,3,-,-,-
-,2,1,2,2,1.43,San Diego,0.57,4,2,1,-,-
-,1,-,3,1,1.20,Seattle,0.60,2,3,-,-,-
-,3,1,3,1,1.75,SJ Earthquakes,1.13,2,4,1,1,-
-,-,1,2,3,0.67,Sporting KC,1.17,2,1,3,-,-
-,-,1,2,4,0.57,St. Louis City,0.29,5,2,-,-,-
-,-,-,1,6,0.14,Toronto,0.71,4,1,2,-,-
-,-,2,5,-,1.29,Vancouver,0.57,4,2,1,-,-
,,,,,,,,,,,,
1%,5%,14%,35%,46%,0.80,League avg.,0.55,58%,31%,10%,1%,0%
-,-,-,3,1,0.75,Birmingham L.,1.25,-,3,1,-,-
-,-,2,1,2,1.00,Charleston,0.40,3,2,-,-,-
-,-,-,1,2,0.33,Colorado S.,0.67,1,2,-,-,-
-,-,2,-,1,1.33,Detroit City,0.33,2,1,-,-,-
-,-,2,2,-,1.50,El Paso,0.50,2,2,-,-,-
-,-,-,1,4,0.20,FC Tulsa,0.60,3,1,1,-,-
-,-,-,1,2,0.33,Hartford A.,0.33,2,1,-,-,-
-,-,-,3,1,0.75,Indy Eleven,1.25,1,1,2,-,-
-,-,-,1,5,0.17,Las Vegas L.,0.50,5,-,-,1,-
-,-,1,1,3,0.60,Lexington,0.40,4,-,1,-,-
-,-,1,2,1,1.00,Loudoun Utd,0.25,3,1,-,-,-
-,-,-,2,2,0.50,Louisville City,0.00,4,-,-,-,-
-,-,1,1,3,0.60,Miami FC,1.40,1,2,1,1,-
-,-,-,3,1,0.75,Monterey Bay,0.75,1,3,-,-,-
-,-,-,1,3,0.25,New Mexico,0.25,3,1,-,-,-
-,-,1,3,-,1.25,North Carolina,0.50,2,2,-,-,-
-,-,1,1,3,0.60,Oakland Roots,0.80,3,1,-,1,-
-,-,-,3,2,0.60,Orange County,0.20,4,1,-,-,-
-,-,-,3,1,0.75,Phoenix Rising,1.25,1,1,2,-,-
-,-,-,1,2,0.33,Pittsburgh,0.00,3,-,-,-,-
-,-,-,-,2,0.00,Rhode Island,0.50,1,1,-,-,-
-,-,-,2,2,0.50,Sacramento R.,0.50,2,2,-,-,-
-,-,-,2,4,0.33,San Antonio,0.83,3,1,2,-,-
-,-,-,1,3,0.25,Tampa Bay,0.75,3,-,-,1,-
,,,,,,,,,,,,
0%,0%,11%,39%,50%,0.61,League avg.,0.61,57%,29%,10%,4%,0%
-,-,2,-,2,1.00,Alta,0.75,2,1,1,-,-
-,-,-,1,3,0.25,Charlotte I.,0.00,4,-,-,-,-
-,-,-,1,3,0.25,Chattanooga RW,0.25,3,1,-,-,-
-,-,-,-,2,0.00,Forward Madison,0.00,2,-,-,-,-
-,-,1,1,3,0.60,Greenville,0.80,2,2,1,-,-
-,-,2,-,3,0.80,Naples,0.40,3,2,-,-,-
-,-,-,-,1,0.00,One Knoxville,0.00,1,-,-,-,-
-,-,-,1,-,1.00,Portland Hearts,1.00,-,1,-,-,-
-,-,2,1,2,1.00,Richmond K.,1.00,1,3,1,-,-
-,-,-,3,2,0.60,Spokane V.,0.20,4,1,-,-,-
-,-,1,1,2,0.75,Texoma,1.00,-,4,-,-,-
-,-,2,2,1,1.20,Tormenta,1.00,2,2,-,1,-
-,-,-,-,1,0.00,Union Omaha,1.00,-,1,-,-,-
-,-,1,-,-,2.00,Westchester SC,0.00,1,-,-,-,-
,,,,,,,,,,,,
0%,0%,23%,23%,53%,0.70,League avg.,0.57,53%,38%,6%,2%,0%
