League,Team,GP,Pts,PPG_Last_8,PPG_All
Argentina - Liga Profesional,Rosario Central,16,35,2.25,2.19
Argentina - Liga Profesional,Argentinos Jrs,16,33,1.88,2.06
Argentina - Liga Profesional,Boca Juniors,16,33,2.0,2.06
Argentina - Liga Profesional,River Plate,16,31,2.0,1.94
Argentina - Liga Profesional,Independiente,16,29,1.5,1.81
Argentina - Liga Profesional,Racing Club,16,28,2.38,1.75
Argentina - Liga Profesional,Huracan,16,27,1.5,1.69
Argentina - Liga Profesional,Tigre,16,27,1.13,1.69
Argentina - Liga Profesional,San Lorenzo,16,27,1.25,1.69
Argentina - Liga Profesional,I. Rivadavia,16,27,2.13,1.69
Argentina - Liga Profesional,Barracas C.,16,26,1.75,1.63
Argentina - Liga Profesional,D. Riestra,16,24,1.63,1.5
Argentina - Liga Profesional,Platense,16,23,1.75,1.44
Argentina - Liga Profesional,Estudiantes,16,21,0.38,1.31
Argentina - Liga Profesional,Lanus,16,20,1.38,1.25
Argentina - Liga Profesional,Newells,16,19,1.63,1.19
Argentina - Liga Profesional,Defensa y J.,16,19,0.63,1.19
Argentina - Liga Profesional,Central Cordoba,16,18,0.5,1.13
Argentina - Liga Profesional,Instituto,16,18,1.38,1.13
Argentina - Liga Profesional,Belgrano,16,17,1.13,1.06
Argentina - Liga Profesional,A. Tucuman,16,16,1.13,1.0
Argentina - Liga Profesional,Gimnasia,16,16,0.75,1.0
Argentina - Liga Profesional,Sarmiento,16,15,1.13,0.94
Argentina - Liga Profesional,Aldosivi,16,15,1.63,0.94
Argentina - Liga Profesional,Banfield,16,14,0.75,0.88
Argentina - Liga Profesional,Union Santa Fe,16,14,1.13,0.88
Argentina - Liga Profesional,Godoy Cruz,16,14,0.88,1.06
Argentina - Liga Profesional,Velez Sarsfield,16,14,1.5,0.88
Argentina - Liga Profesional,T. de Cordoba,16,13,0.88,0.81
Argentina - Liga Profesional,SM San Juan,16,9,0.38,0.56
Argentina - Primera B,Midland,13,24,2.0,1.85
Argentina - Primera B,Real Pilar,13,23,1.63,1.77
Argentina - Primera B,V. San Carlos,14,23,1.25,1.64
Argentina - Primera B,Liniers,13,21,1.75,1.62
Argentina - Primera B,Dock Sud,14,21,1.25,1.5
Argentina - Primera B,Excursionistas,14,20,1.75,1.43
Argentina - Primera B,Argentino Merlo,14,20,2.13,1.43
Argentina - Primera B,Acassuso,13,19,1.38,1.46
Argentina - Primera B,A. Quilmes,14,19,1.25,1.36
Argentina - Primera B,Villa Dalmine,14,19,1.5,1.36
Argentina - Primera B,Deportivo Merlo,14,19,1.63,1.36
Argentina - Primera B,Brown de A.,13,19,1.13,1.46
Argentina - Primera B,SM Burzaco,13,19,1.63,1.46
Argentina - Primera B,Comunicaciones,13,18,1.13,1.38
Argentina - Primera B,Flandria,13,15,1.38,1.15
Argentina - Primera B,D. Armenio,14,15,0.88,1.07
Argentina - Primera B,D. Laferrere,13,13,1.38,1.0
Argentina - Primera B,UAI Urquiza,13,13,1.0,1.0
Argentina - Primera B,Sacachispas,14,11,0.88,0.79
Argentina - Primera B,S. Italiano,13,10,0.75,0.77
Argentina - Primera B,Fenix,13,8,0.5,0.62
Armenia - Premier League,Noah,27,71,2.75,2.63
Armenia - Premier League,Ararat-Armenia,26,57,2.75,2.19
Armenia - Premier League,Urartu,26,55,2.13,2.12
Armenia - Premier League,Pyunik,28,50,1.25,1.79
Armenia - Premier League,Van,27,43,1.5,1.59
Armenia - Premier League,BKMA,26,32,1.5,1.23
Armenia - Premier League,Ararat Yerevan,26,29,1.38,1.12
Armenia - Premier League,Shirak,27,29,0.5,1.07
Armenia - Premier League,West Armenia,26,23,0.75,0.88
Armenia - Premier League,Alashkert,26,20,0.88,0.77
Armenia - Premier League,Gandzasar,25,3,0.13,0.12
Australia - A-League,Auckland,26,53,1.63,2.04
Australia - A-League,Melbourne City,26,48,2.13,1.85
Australia - A-League,Western United,26,47,2.25,1.81
Australia - A-League,WS Wanderers,26,46,2.25,1.77
Australia - A-League,Melbourne V.,26,43,1.75,1.65
Australia - A-League,Adelaide Utd,26,38,0.75,1.46
Australia - A-League,Sydney FC,26,37,1.38,1.42
Australia - A-League,Macarthur FC,26,33,1.0,1.27
Australia - A-League,Newcastle Jets,26,30,1.0,1.15
Australia - A-League,Central Coast,26,26,0.63,1.0
Australia - A-League,Wellington,26,24,0.63,0.92
Australia - A-League,Brisbane Roar,26,21,1.63,0.81
Australia - A-League,Perth Glory,26,17,0.88,0.65
Austria - Bundesliga,Sturm Graz,22,46,1.75,2.09
Austria - Bundesliga,Austria Wien,22,46,2.38,2.09
Austria - Bundesliga,Salzburg,22,38,2.0,1.73
Austria - Bundesliga,Wolfsberger AC,22,36,2.0,1.64
Austria - Bundesliga,Rapid Wien,22,34,0.88,1.55
Austria - Bundesliga,BW Linz,22,33,2.0,1.5
Austria - Bundesliga,LASK Linz,22,31,1.38,1.41
Austria - Bundesliga,Hartberg,22,26,1.13,1.18
Austria - Bundesliga,A. Klagenfurt,22,21,0.75,0.95
Austria - Bundesliga,Tirol,22,19,0.75,0.86
Austria - Bundesliga,Altach,22,16,0.88,0.73
Austria - Bundesliga,Grazer AK,22,16,0.5,0.73
Austria - 2. Liga,Admira Wacker,28,59,1.38,2.11
Austria - 2. Liga,Ried,27,58,2.13,2.15
Austria - 2. Liga,St. Polten,28,49,2.0,1.75
Austria - 2. Liga,First Vienna,28,48,1.63,1.71
Austria - 2. Liga,Kapfenberger,27,48,2.63,1.78
Austria - 2. Liga,Liefering,28,40,1.88,1.43
Austria - 2. Liga,Sturm Graz B,27,38,1.25,1.41
Austria - 2. Liga,Bregenz,28,38,0.38,1.36
Austria - 2. Liga,Rapid Wien B,28,37,0.88,1.32
Austria - 2. Liga,Floridsdorfer,28,35,1.75,1.25
Austria - 2. Liga,A. Lustenau,28,34,1.38,1.21
Austria - 2. Liga,Amstetten,27,33,0.75,1.22
Austria - 2. Liga,Voitsberg,28,31,1.0,1.11
Austria - 2. Liga,Stripfing,27,28,1.88,1.04
Austria - 2. Liga,SV Horn,28,24,1.38,0.86
Austria - 2. Liga,Lafnitz,27,15,0.5,0.56
Belgium - First Division A,KRC Genk,30,68,2.5,2.27
Belgium - First Division A,Club Brugge,30,59,1.5,1.97
Belgium - First Division A,Royale Union SG,30,55,2.25,1.83
Belgium - First Division A,Anderlecht,30,51,1.88,1.7
Belgium - First Division A,Antwerp,30,46,1.25,1.53
Belgium - First Division A,Gent,30,45,1.63,1.5
Belgium - First Division A,Standard Liege,30,39,1.0,1.3
Belgium - First Division A,KV Mechelen,30,38,1.38,1.27
Belgium - First Division A,OH Leuven,30,37,1.5,1.23
Belgium - First Division A,Charleroi,30,37,1.13,1.23
Belgium - First Division A,Westerlo,30,37,1.75,1.23
Belgium - First Division A,Cercle Brugge,30,32,0.63,1.07
Belgium - First Division A,Dender,30,32,0.5,1.07
Belgium - First Division A,Sint-Truiden,30,31,1.13,1.03
Belgium - First Division A,Kortrijk,30,26,1.0,0.87
Belgium - First Division A,Beerschot,30,18,0.63,0.6
Belgium - First Division B,Zulte-Waregem,28,59,1.63,2.11
Belgium - First Division B,La Louviere,28,59,2.5,2.11
Belgium - First Division B,RWDM,28,57,2.0,2.04
Belgium - First Division B,Beveren,28,51,2.38,1.82
Belgium - First Division B,Patro Eisden,28,49,1.5,1.75
Belgium - First Division B,Club Brugge B,28,47,1.63,1.68
Belgium - First Division B,Lokeren-Temse,28,41,2.63,1.46
Belgium - First Division B,Lierse K.,28,40,1.25,1.43
Belgium - First Division B,RFC Liege,28,34,1.38,1.21
Belgium - First Division B,Eupen,28,30,1.38,1.07
Belgium - First Division B,Lommel SK,28,29,1.25,1.04
Belgium - First Division B,Francs Borains,28,28,0.75,1.0
Belgium - First Division B,Anderlecht B,28,23,0.25,0.82
Belgium - First Division B,Seraing,28,19,0.38,0.68
Belgium - First Division B,KRC Genk B,28,14,0.13,0.5
Belgium - First Division B,Deinze,0,0,0.0,0.0
Brazil - Serie A,Palmeiras,7,16,2.29,2.29
Brazil - Serie A,Bragantino,7,16,2.29,2.29
Brazil - Serie A,Flamengo,7,14,2.0,2.0
Brazil - Serie A,Cruzeiro,7,13,1.86,1.86
Brazil - Serie A,Fluminense,7,13,1.86,1.86
Brazil - Serie A,Bahia,7,12,1.71,1.71
Brazil - Serie A,Ceara,7,11,1.57,1.57
Brazil - Serie A,Corinthians,7,10,1.43,1.43
Brazil - Serie A,Internacional,7,9,1.29,1.29
Brazil - Serie A,Sao Paulo,7,9,1.29,1.29
Brazil - Serie A,Atletico MG,7,9,1.29,1.29
Brazil - Serie A,Botafogo,7,8,1.14,1.14
Brazil - Serie A,Gremio,7,8,1.14,1.14
Brazil - Serie A,Mirassol,7,7,1.0,1.0
Brazil - Serie A,Fortaleza,7,7,1.0,1.0
Brazil - Serie A,Vasco da Gama,7,7,1.0,1.0
Brazil - Serie A,Juventude,7,7,1.0,1.0
Brazil - Serie A,Vitoria,7,6,0.86,0.86
Brazil - Serie A,Santos,7,4,0.57,0.57
Brazil - Serie A,Sport Recife,7,2,0.29,0.29
Brazil - Serie B,Vila Nova,6,13,2.17,2.17
Brazil - Serie B,Goias,6,13,2.17,2.17
Brazil - Serie B,Remo,6,12,2.0,2.0
Brazil - Serie B,Cuiaba,6,12,2.0,2.0
Brazil - Serie B,Avai,6,11,1.83,1.83
Brazil - Serie B,CRB,6,11,1.83,1.83
Brazil - Serie B,Coritiba,6,10,1.67,1.67
Brazil - Serie B,Chapecoense,7,10,1.43,1.43
Brazil - Serie B,Athletico PR,7,10,1.43,1.43
Brazil - Serie B,Ferroviaria,6,9,1.5,1.5
Brazil - Serie B,Atletico GO,6,9,1.5,1.5
Brazil - Serie B,Novorizontino,6,9,1.5,1.5
Brazil - Serie B,America MG,6,9,1.5,1.5
Brazil - Serie B,Operario PR,6,7,1.17,1.17
Brazil - Serie B,Criciuma,6,5,0.83,0.83
Brazil - Serie B,Botafogo SP,6,5,0.83,0.83
Brazil - Serie B,Volta Redonda,6,4,0.67,0.67
Brazil - Serie B,Athletic Club,6,3,0.5,0.5
Brazil - Serie B,Paysandu,6,2,0.33,0.33
Brazil - Serie B,Amazonas,6,2,0.33,0.33
Brazil - Serie C,Ituano,4,10,2.5,2.5
Brazil - Serie C,Ponte Preta,4,10,2.5,2.5
Brazil - Serie C,Maringa,4,10,2.5,2.5
Brazil - Serie C,Caxias,4,9,2.25,2.25
Brazil - Serie C,Londrina,4,8,2.0,2.0
Brazil - Serie C,Brusque,4,8,2.0,2.0
Brazil - Serie C,Tombense,4,7,1.75,1.75
Brazil - Serie C,Ypiranga,4,6,1.5,1.5
Brazil - Serie C,Botafogo PB,4,5,1.25,1.25
Brazil - Serie C,CSA,4,5,1.25,1.25
Brazil - Serie C,Sao Bernardo,4,5,1.25,1.25
Brazil - Serie C,Retro,4,4,1.0,1.0
Brazil - Serie C,Floresta,4,4,1.0,1.0
Brazil - Serie C,Guarani,4,3,0.75,0.75
Brazil - Serie C,Itabaiana,4,3,0.75,0.75
Brazil - Serie C,Confianca,4,3,0.75,0.75
Brazil - Serie C,ABC,4,3,0.75,0.75
Brazil - Serie C,Nautico,4,2,0.5,0.5
Brazil - Serie C,Anapolis,4,2,0.5,0.5
Brazil - Serie C,Figueirense,4,1,0.25,0.25
Bulgaria - Parva Liga,Ludogorets,33,81,2.13,2.45
Bulgaria - Parva Liga,Levski Sofia,32,64,1.63,2.0
Bulgaria - Parva Liga,CSKA Sofia,33,56,2.38,1.7
Bulgaria - Parva Liga,Arda,33,56,1.88,1.7
Bulgaria - Parva Liga,Cherno More,32,54,1.0,1.69
Bulgaria - Parva Liga,Botev Plovdiv,33,53,1.38,1.61
Bulgaria - Parva Liga,Spartak Varna,32,48,1.5,1.5
Bulgaria - Parva Liga,Slavia Sofia,33,45,1.25,1.36
Bulgaria - Parva Liga,Beroe,32,43,0.75,1.34
Bulgaria - Parva Liga,Septemvri Sofia,33,39,1.13,1.18
Bulgaria - Parva Liga,CSKA 1948 Sofia,33,38,0.88,1.15
Bulgaria - Parva Liga,Lokomotiv Sofia,33,37,1.75,1.12
Bulgaria - Parva Liga,L. Krumovgrad,33,33,1.13,1.0
Bulgaria - Parva Liga,Lok. Plovdiv,33,32,1.0,0.97
Bulgaria - Parva Liga,Botev Vratsa,33,27,1.63,0.82
Bulgaria - Parva Liga,Hebar,33,18,0.63,0.55
Canada - Premier League,A. Ottawa,5,13,2.6,2.6
Canada - Premier League,HFX Wanderers,5,11,2.2,2.2
Canada - Premier League,Forge,5,9,1.8,1.8
Canada - Premier League,Vancouver FC,5,5,1.0,1.0
Canada - Premier League,York Utd,5,4,0.8,0.8
Canada - Premier League,Cavalry,4,4,1.0,1.0
Canada - Premier League,Pacific,5,4,0.8,0.8
Canada - Premier League,Valour,4,1,0.25,0.25
China - Super League,S. Shenhua,11,26,2.38,2.36
China - Super League,Chengdu,11,26,2.75,2.36
China - Super League,Shanghai Port,11,23,2.0,2.09
China - Super League,Beijing Guoan,10,22,2.25,2.2
China - Super League,Shandong T.,11,17,1.25,1.55
China - Super League,Qingdao West C.,10,16,1.5,1.6
China - Super League,Tianjin T.,11,16,1.13,1.45
China - Super League,Zhejiang,11,15,1.25,1.36
China - Super League,Dalian Yingbo,11,13,1.13,1.18
China - Super League,Meizhou Hakka,11,12,1.0,1.09
China - Super League,Yunnan Yukun,11,12,1.0,1.09
China - Super League,Wuhan Three T.,11,11,1.38,1.0
China - Super League,Sichuan Jiuniu,11,11,1.0,1.0
China - Super League,Henan SL,10,7,0.75,0.7
China - Super League,Qingdao Hainiu,12,7,0.63,0.58
China - Super League,Changchun Yatai,11,5,0.63,0.45
China - League One,Chongqing T.,7,19,2.71,2.71
China - League One,Liaoning Tieren,7,18,2.57,2.57
China - League One,Guangdong GZP,7,16,2.29,2.29
China - League One,S. Gongfu,7,14,2.0,2.0
China - League One,Suzhou Dongwu,7,13,1.86,1.86
China - League One,Shanghai Jiadin,8,11,1.38,1.38
China - League One,Dalian Kuncheng,7,9,1.29,1.29
China - League One,Shenzhen J.,7,9,1.29,1.29
China - League One,Nantong Zhiyun,7,8,1.14,1.14
China - League One,Yanbian Longdin,7,8,1.14,1.14
China - League One,Heilongjiang IC,8,7,0.88,0.88
China - League One,Nanjing City,7,6,0.86,0.86
China - League One,Shaanxi Union,7,5,0.71,0.71
China - League One,Foshan Nanshi,7,5,0.71,0.71
China - League One,Qingdao RL,7,4,0.57,0.57
China - League One,Guangxi Baoyun,7,2,0.29,0.29
Colombia - Primera A - Apertura,America de Cali,18,33,1.5,1.83
Colombia - Primera A - Apertura,A. Nacional,17,32,1.5,1.88
Colombia - Primera A - Apertura,Millonarios,17,31,1.88,1.82
Colombia - Primera A - Apertura,Junior,17,31,1.88,1.82
Colombia - Primera A - Apertura,Deportes Tolima,17,30,2.13,1.76
Colombia - Primera A - Apertura,I. Medelin,17,29,1.25,1.71
Colombia - Primera A - Apertura,Santa Fe,17,27,1.38,1.59
Colombia - Primera A - Apertura,Once Caldas,16,26,1.75,1.63
Colombia - Primera A - Apertura,Deportivo Pasto,17,26,1.25,1.53
Colombia - Primera A - Apertura,Deportivo Cali,17,24,1.25,1.41
Colombia - Primera A - Apertura,A. Bucaramanga,18,23,1.63,1.28
Colombia - Primera A - Apertura,A. Petrolera,17,23,1.38,1.35
Colombia - Primera A - Apertura,D. Pereira,17,22,1.38,1.29
Colombia - Primera A - Apertura,Envigado,17,18,1.25,1.06
Colombia - Primera A - Apertura,Llaneros,17,17,1.13,1.0
Colombia - Primera A - Apertura,Fortaleza CEIF,17,17,1.0,1.0
Colombia - Primera A - Apertura,Boyaca Chico,18,17,0.75,0.94
Colombia - Primera A - Apertura,R. Aguilas,17,12,0.63,0.71
Colombia - Primera A - Apertura,La Equidad,17,10,0.88,0.59
Colombia - Primera A - Apertura,Union Magdalena,17,8,0.38,0.47
Colombia - Primera B - Apertura,Cucuta,14,32,2.63,2.29
Colombia - Primera B - Apertura,Patriotas,14,30,2.0,2.14
Colombia - Primera B - Apertura,Jaguares de C.,14,28,2.13,2.0
Colombia - Primera B - Apertura,Atletico Huila,14,28,2.25,2.0
Colombia - Primera B - Apertura,R. Cundinamarca,14,26,1.75,1.86
Colombia - Primera B - Apertura,Inter Palmira,14,26,1.25,1.86
Colombia - Primera B - Apertura,Real Cartagena,14,24,1.38,1.71
Colombia - Primera B - Apertura,Tigres,14,20,1.75,1.43
Colombia - Primera B - Apertura,Real Santander,14,17,1.38,1.21
Colombia - Primera B - Apertura,Orsomarso,14,14,0.88,1.0
Colombia - Primera B - Apertura,Leones,14,14,0.75,1.0
Colombia - Primera B - Apertura,D. Quindio,14,13,0.88,0.93
Colombia - Primera B - Apertura,Bogota,14,13,1.0,0.93
Colombia - Primera B - Apertura,Barranquilla,14,9,0.75,0.64
Colombia - Primera B - Apertura,Atletico Cali,14,8,0.88,0.57
Colombia - Primera B - Apertura,Boca Juniors,14,7,0.38,0.5
Costa Rica - Primera Div. - Apertura,Alajuelense,22,46,2.0,2.09
Costa Rica - Primera Div. - Apertura,Saprissa,22,41,2.13,1.86
Costa Rica - Primera Div. - Apertura,San Carlos,22,39,1.38,1.77
Costa Rica - Primera Div. - Apertura,Herediano,22,35,1.5,1.59
Costa Rica - Primera Div. - Apertura,Guanacasteca,22,35,1.63,1.59
Costa Rica - Primera Div. - Apertura,Cartagines,22,34,1.25,1.55
Costa Rica - Primera Div. - Apertura,Sporting SJ,22,27,0.88,1.23
Costa Rica - Primera Div. - Apertura,M. Liberia,22,26,1.0,1.18
Costa Rica - Primera Div. - Apertura,Zeledon,22,22,1.25,1.0
Costa Rica - Primera Div. - Apertura,Santos Guapiles,22,21,2.0,0.95
Costa Rica - Primera Div. - Apertura,Santa Ana,22,20,0.88,0.91
Costa Rica - Primera Div. - Apertura,Puntarenas,22,15,0.88,0.68
Costa Rica - Primera Div. - Clausura,Herediano,21,43,1.88,2.05
Costa Rica - Primera Div. - Clausura,Alajuelense,22,42,2.0,1.91
Costa Rica - Primera Div. - Clausura,Puntarenas,22,41,1.13,1.86
Costa Rica - Primera Div. - Clausura,Saprissa,22,39,2.5,1.77
Costa Rica - Primera Div. - Clausura,Cartagines,22,38,2.13,1.73
Costa Rica - Primera Div. - Clausura,Sporting SJ,22,31,2.13,1.41
Costa Rica - Primera Div. - Clausura,M. Liberia,22,24,1.25,1.09
Costa Rica - Primera Div. - Clausura,Santos Guapiles,21,24,1.0,1.14
Costa Rica - Primera Div. - Clausura,Zeledon,22,23,0.88,1.05
Costa Rica - Primera Div. - Clausura,San Carlos,21,16,1.0,0.76
Costa Rica - Primera Div. - Clausura,Guanacasteca,21,16,0.38,0.76
Costa Rica - Primera Div. - Clausura,Santa Ana,22,14,0.38,0.64
Croatia - 1. NL,Vukovar,29,62,2.75,2.14
Croatia - 1. NL,Opatija,29,59,2.38,2.03
Croatia - 1. NL,Orijent,29,48,2.13,1.66
Croatia - 1. NL,Sesvete,30,46,1.13,1.53
Croatia - 1. NL,Dubrava Zagreb,29,45,1.5,1.55
Croatia - 1. NL,Cibalia,30,41,1.38,1.37
Croatia - 1. NL,Bijelo Brdo,29,40,2.25,1.38
Croatia - 1. NL,Rudes,29,34,1.0,1.17
Croatia - 1. NL,C. Zmijavci,30,34,0.5,1.13
Croatia - 1. NL,Jarun,29,33,1.63,1.14
Croatia - 1. NL,Dugopolje,29,24,0.63,0.83
Croatia - 1. NL,Zrinski,28,9,0.0,0.32
CzechRepublic - 1. Liga,Slavia Prague,32,84,2.38,2.63
CzechRepublic - 1. Liga,Viktoria Plzen,32,68,2.0,2.13
CzechRepublic - 1. Liga,Banik Ostrava,32,65,2.13,2.03
CzechRepublic - 1. Liga,Sparta Prague,32,62,1.25,1.94
CzechRepublic - 1. Liga,Jablonec,32,57,2.13,1.78
CzechRepublic - 1. Liga,Sigma Olomouc,32,44,1.13,1.38
CzechRepublic - 1. Liga,Hradec Kralove,31,43,1.63,1.39
CzechRepublic - 1. Liga,Slovan Liberec,31,42,1.75,1.35
CzechRepublic - 1. Liga,Karvina,31,41,1.75,1.32
CzechRepublic - 1. Liga,Mlada Boleslav,32,40,0.75,1.25
CzechRepublic - 1. Liga,Bohemians,31,37,0.88,1.19
CzechRepublic - 1. Liga,Teplice,32,35,1.25,1.09
CzechRepublic - 1. Liga,Slovacko,32,34,0.63,1.06
CzechRepublic - 1. Liga,Dukla Praha,32,28,1.5,0.88
CzechRepublic - 1. Liga,Pardubice,32,19,0.5,0.59
CzechRepublic - 1. Liga,C. Budejovice,32,6,0.25,0.19
CzechRepublic - FNL,Zlin,27,64,1.88,2.37
CzechRepublic - FNL,Chrudim,27,51,2.13,1.89
CzechRepublic - FNL,Vyskov,27,40,1.13,1.48
CzechRepublic - FNL,Vlasim,27,36,1.5,1.33
CzechRepublic - FNL,Vikto Zizkov,27,36,1.25,1.33
CzechRepublic - FNL,Lisen,27,36,1.25,1.33
CzechRepublic - FNL,Taborsko,27,35,1.25,1.3
CzechRepublic - FNL,Sparta Prague B,27,34,1.63,1.26
CzechRepublic - FNL,Zbrojovka Brno,27,34,1.88,1.26
CzechRepublic - FNL,Jihlava,27,34,1.5,1.26
CzechRepublic - FNL,Opava,27,34,1.63,1.26
CzechRepublic - FNL,Prostejov,27,34,1.13,1.26
CzechRepublic - FNL,Slavia Prague B,27,33,0.75,1.22
CzechRepublic - FNL,Banik Ostrava B,27,30,1.0,1.11
CzechRepublic - FNL,Varnsdorf,27,28,1.38,1.04
CzechRepublic - FNL,Sigma Olomouc B,27,21,0.25,0.78
Denmark - Superligaen,FC Kobenhavn,29,56,1.88,1.93
Denmark - Superligaen,FC Midtjylland,29,55,1.63,1.9
Denmark - Superligaen,Brondby IF,29,47,1.88,1.62
Denmark - Superligaen,Randers FC,29,45,1.25,1.55
Denmark - Superligaen,Silkeborg,29,43,1.38,1.48
Denmark - Superligaen,Nordsjaelland,29,42,0.88,1.45
Denmark - Superligaen,Viborg,29,41,2.0,1.41
Denmark - Superligaen,AGF Aarhus,29,40,0.5,1.38
Denmark - Superligaen,SonderjyskE,29,31,1.75,1.07
Denmark - Superligaen,Lyngby,29,24,1.13,0.83
Denmark - Superligaen,Aalborg BK,29,24,0.75,0.83
Denmark - Superligaen,Vejle BK,29,22,1.5,0.76
Denmark - 1st Division,Odense BK,30,61,1.5,2.03
Denmark - 1st Division,Fredericia,30,58,2.25,1.93
Denmark - 1st Division,AC Horsens,30,50,1.25,1.67
Denmark - 1st Division,Hillerod,30,49,2.13,1.63
Denmark - 1st Division,Kolding IF,29,46,1.88,1.59
Denmark - 1st Division,Hvidovre,30,44,1.0,1.47
Denmark - 1st Division,Esbjerg,29,38,0.5,1.31
Denmark - 1st Division,Hobro,30,36,1.25,1.2
Denmark - 1st Division,B 93,30,35,1.5,1.17
Denmark - 1st Division,HB Koge,29,28,1.13,0.97
Denmark - 1st Division,Vendsyssel,29,27,0.88,0.93
Denmark - 1st Division,Roskilde,30,20,0.88,0.67
Denmark - 2nd Division,Aarhus Fremad,22,44,2.0,2.0
Denmark - 2nd Division,Fremad Amager,22,42,1.25,1.91
Denmark - 2nd Division,Middelfart,22,40,2.0,1.82
Denmark - 2nd Division,Skive,22,32,1.75,1.45
Denmark - 2nd Division,Naestved,22,32,1.63,1.45
Denmark - 2nd Division,AB Copenhagen,22,31,2.0,1.41
Denmark - 2nd Division,BK Frem,22,30,1.38,1.36
Denmark - 2nd Division,Hellerup IK,22,28,1.13,1.27
Denmark - 2nd Division,Ishoj,22,27,1.38,1.23
Denmark - 2nd Division,Helsingor,22,26,1.0,1.18
Denmark - 2nd Division,Thisted,22,22,0.63,1.0
Denmark - 2nd Division,Nykobing,22,12,0.63,0.55
Egypt - Premier League,Pyramids FC,22,47,1.75,2.14
Egypt - Premier League,Al Ahly,22,46,2.13,2.23
Egypt - Premier League,Zamalek,22,41,1.75,1.86
Egypt - Premier League,National Bank,21,36,2.13,1.71
Egypt - Premier League,Al Masry,21,35,1.5,1.67
Egypt - Premier League,Ceramica C.,21,31,1.38,1.48
Egypt - Premier League,Pharco,21,30,1.5,1.43
Egypt - Premier League,ZED FC,22,29,1.63,1.32
Egypt - Premier League,El Gouna,22,27,2.13,1.23
Egypt - Premier League,Petrojet,22,26,1.0,1.18
Egypt - Premier League,Al Ittihad,21,23,1.0,1.1
Egypt - Premier League,El Geish,21,23,0.75,1.1
Egypt - Premier League,Smouha,22,23,0.75,1.05
Egypt - Premier League,Haras El Hodood,21,22,0.5,1.05
Egypt - Premier League,ENPPI,21,21,1.63,1.0
Egypt - Premier League,Ghazl El M.,21,20,1.13,0.95
Egypt - Premier League,Ismaily,22,19,0.88,0.86
Egypt - Premier League,Modern Sport,21,18,1.25,0.86
Ecuador - Liga Pro,Barcelona SC,10,24,2.25,2.4
Ecuador - Liga Pro,I. del Valle,11,21,2.38,1.91
Ecuador - Liga Pro,Cuniburo,11,18,2.0,1.64
Ecuador - Liga Pro,Aucas,11,18,1.75,1.64
Ecuador - Liga Pro,Libertad,11,18,1.75,1.64
Ecuador - Liga Pro,Orense,12,17,1.38,1.42
Ecuador - Liga Pro,LDU Quito,10,16,1.75,1.6
Ecuador - Liga Pro,U. Catolica,11,16,1.38,1.45
Ecuador - Liga Pro,D. Cuenca,12,16,1.25,1.33
Ecuador - Liga Pro,Mushuc Runa,11,15,1.13,1.36
Ecuador - Liga Pro,Emelec,11,13,1.5,1.18
Ecuador - Liga Pro,Macara,11,10,0.38,0.91
Ecuador - Liga Pro,Tecnico U.,11,10,1.0,0.91
Ecuador - Liga Pro,Manta,11,10,1.13,0.91
Ecuador - Liga Pro,El Nacional,11,9,0.88,0.82
Ecuador - Liga Pro,Delfin,11,8,0.5,0.73
Ecuador - Serie B,Gualaceo,8,18,2.25,2.25
Ecuador - Serie B,Cumbaya,8,14,1.75,1.75
Ecuador - Serie B,Leones Norte,8,13,1.63,1.63
Ecuador - Serie B,San Antonio,8,13,1.63,1.63
Ecuador - Serie B,22 de Julio,8,11,1.38,1.38
Ecuador - Serie B,Guayaquil City,8,10,1.25,1.25
Ecuador - Serie B,Vinotinto,8,10,1.25,1.25
Ecuador - Serie B,Nueve Octubre,8,10,1.25,1.25
Ecuador - Serie B,Vargas Torres,8,8,1.0,1.0
Ecuador - Serie B,I. Juniors,8,8,1.0,1.0
Ecuador - Serie B,Imbabura,8,5,0.63,0.63
Ecuador - Serie B,Chacaritas,8,4,0.5,0.5
England - Premier League,Liverpool,35,82,2.25,2.34
England - Premier League,Arsenal,35,67,1.63,1.91
England - Premier League,Manchester City,35,64,2.13,1.83
England - Premier League,Newcastle Utd,35,63,2.38,1.8
England - Premier League,Chelsea,35,63,2.13,1.8
England - Premier League,Nottm Forest,35,61,1.63,1.74
England - Premier League,Aston Villa,35,60,2.25,1.71
England - Premier League,Bournemouth,35,53,1.25,1.51
England - Premier League,Brentford,35,52,1.75,1.49
England - Premier League,Brighton,35,52,1.13,1.49
England - Premier League,Fulham,35,51,1.13,1.46
England - Premier League,Crystal Palace,35,46,1.25,1.31
England - Premier League,Wolverhampton,35,41,2.38,1.17
England - Premier League,Everton,35,39,0.88,1.11
England - Premier League,Manchester Utd,35,39,0.75,1.11
England - Premier League,Tottenham,35,38,0.63,1.09
England - Premier League,West Ham Utd,35,37,0.5,1.06
England - Premier League,Ipswich Town,35,22,0.63,0.63
England - Premier League,Leicester City,35,21,0.5,0.6
England - Premier League,Southampton,35,11,0.25,0.31
England - Championship,Leeds Utd,46,100,2.5,2.17
England - Championship,Burnley,46,100,2.75,2.17
England - Championship,Sheffield Utd,46,90,1.25,2.0
England - Championship,Sunderland,46,76,0.88,1.65
England - Championship,Coventry City,46,69,1.25,1.5
England - Championship,Bristol City,46,68,1.38,1.48
England - Championship,Blackburn,46,66,1.75,1.43
England - Championship,Millwall,46,66,1.88,1.43
England - Championship,West Brom,46,64,0.88,1.39
England - Championship,Middlesbrough,46,64,1.25,1.39
England - Championship,Swansea City,46,61,2.13,1.33
England - Championship,Sheffield Wed,46,58,0.88,1.26
England - Championship,Norwich City,46,57,1.0,1.24
England - Championship,Watford,46,57,0.63,1.24
England - Championship,QP Rangers,46,56,1.38,1.22
England - Championship,Portsmouth,46,54,1.5,1.17
England - Championship,Oxford Utd,46,53,1.38,1.15
England - Championship,Stoke City,46,51,1.5,1.11
England - Championship,Derby County,46,50,1.5,1.09
England - Championship,Preston,46,50,0.38,1.09
England - Championship,Hull City,46,49,1.0,1.07
England - Championship,Luton Town,46,49,1.75,1.07
England - Championship,Plymouth,46,46,1.63,1.0
England - Championship,Cardiff City,46,44,0.63,0.96
England - League One,Birmingham City,46,111,2.75,2.41
England - League One,Wrexham,46,92,2.25,2.0
England - League One,Stockport,46,87,2.75,1.89
England - League One,Charlton,46,85,2.38,1.85
England - League One,Wycombe,46,84,1.25,1.83
England - League One,Leyton Orient,46,78,2.38,1.7
England - League One,Reading,46,75,1.63,1.63
England - League One,Bolton,46,68,1.0,1.48
England - League One,Blackpool,46,67,1.63,1.46
England - League One,Huddersfield,46,64,0.38,1.39
England - League One,Lincoln City,46,61,1.38,1.33
England - League One,Barnsley,46,61,1.0,1.33
England - League One,Rotherham,46,59,1.75,1.28
England - League One,Stevenage,46,57,1.0,1.24
England - League One,Wigan Athletic,46,56,1.5,1.22
England - League One,Exeter City,46,56,1.38,1.22
England - League One,Mansfield,46,54,0.88,1.17
England - League One,Peterborough,46,51,0.75,1.11
England - League One,Northampton,46,51,1.13,1.11
England - League One,Burton Albion,46,47,1.38,1.02
England - League One,Crawley Town,46,46,1.63,1.0
England - League One,Bristol Rovers,46,43,0.13,0.93
England - League One,Cambridge Utd,46,38,1.0,0.83
England - League One,Shrewsbury,46,33,0.63,0.72
England - National League,Barnet,46,102,2.13,2.22
England - National League,York City,46,96,2.75,2.09
England - National League,Forest Green,46,83,1.38,1.8
England - National League,Rochdale,46,74,1.75,1.61
England - National League,Oldham,46,73,1.25,1.59
England - National League,Halifax Town,46,70,1.0,1.52
England - National League,Southend Utd,46,68,1.5,1.48
England - National League,Gateshead FC,46,67,0.88,1.46
England - National League,Altrincham,46,64,1.13,1.39
England - National League,Tamworth,46,64,1.63,1.39
England - National League,Hartlepool,46,60,1.75,1.3
England - National League,Sutton Utd,46,60,1.13,1.3
England - National League,Eastleigh,46,59,0.75,1.28
England - National League,Solihull Moors,46,58,1.38,1.26
England - National League,Woking,46,58,2.0,1.26
England - National League,Aldershot Town,46,57,0.88,1.24
England - National League,Braintree Town,46,56,1.38,1.22
England - National League,Yeovil Town,46,56,1.25,1.22
England - National League,Boston Utd,46,55,1.88,1.2
England - National League,Wealdstone,46,53,1.38,1.15
England - National League,Dagenham & R.,46,52,1.63,1.13
England - National League,Maidenhead Utd,46,52,1.88,1.13
England - National League,AFC Fylde,46,40,0.13,0.87
England - National League,Ebbsfleet Utd,46,22,0.63,0.48
FaroeIslands - Premier League,Klaksvik,9,27,3.0,3.0
FaroeIslands - Premier League,NSI Runavik,9,24,2.63,2.67
FaroeIslands - Premier League,HB Torshavn,9,18,1.88,2.0
FaroeIslands - Premier League,B36 Torshavn,9,16,2.0,1.78
FaroeIslands - Premier League,Streymur,9,13,1.5,1.44
FaroeIslands - Premier League,Vikingur,9,11,1.25,1.22
FaroeIslands - Premier League,B68 Toftir,8,7,0.88,0.88
FaroeIslands - Premier League,Suduroy,9,6,0.75,0.67
FaroeIslands - Premier League,TB Tvoroyri,8,5,0.63,0.63
FaroeIslands - Premier League,07 Vestur,9,1,0.13,0.11
Finland - Veikkausliiga,KuPS,6,16,2.67,2.67
Finland - Veikkausliiga,SJK,6,13,2.17,2.17
Finland - Veikkausliiga,Ilves,6,12,2.0,2.0
Finland - Veikkausliiga,Inter Turku,5,11,2.2,2.2
Finland - Veikkausliiga,Haka,6,7,1.17,1.17
Finland - Veikkausliiga,VPS,5,7,1.4,1.4
Finland - Veikkausliiga,Jaro,5,6,1.2,1.2
Finland - Veikkausliiga,Gnistan,5,6,1.2,1.2
Finland - Veikkausliiga,Mariehamn,6,6,1.0,1.0
Finland - Veikkausliiga,HJK Helsinki,5,4,0.8,0.8
Finland - Veikkausliiga,KTP,5,4,0.8,0.8
Finland - Veikkausliiga,Oulu,6,3,0.5,0.5
Finland - Ykkonen,TPS,3,9,3.0,3.0
Finland - Ykkonen,Ekenas IF,3,9,3.0,3.0
Finland - Ykkonen,Lahti,3,7,2.33,2.33
Finland - Ykkonen,JIPPO,3,4,1.33,1.33
Finland - Ykkonen,SJK Akatemia,3,3,1.0,1.0
Finland - Ykkonen,Klubi-04,3,3,1.0,1.0
Finland - Ykkonen,JaPS,3,3,1.0,1.0
Finland - Ykkonen,PK-35,3,2,1.33,1.33
Finland - Ykkonen,KaPa,3,1,0.33,0.33
Finland - Ykkonen,SalPa,3,0,0.0,0.0
Finland - Kakkonen,Tampere Utd,4,9,2.25,2.25
Finland - Kakkonen,PKKU,4,7,1.75,1.75
Finland - Kakkonen,KuPS Ak.,4,7,1.75,1.75
Finland - Kakkonen,KPV Kokkola,4,7,1.75,1.75
Finland - Kakkonen,Inter Turku B,4,6,1.5,1.5
Finland - Kakkonen,EPS,4,6,1.5,1.5
Finland - Kakkonen,Rovaniemi,4,6,1.5,1.5
Finland - Kakkonen,OLS Oulu,4,5,1.25,1.25
Finland - Kakkonen,Atlantis,4,4,1.5,1.5
Finland - Kakkonen,JJK,4,4,1.0,1.0
Finland - Kakkonen,Jazz Pori,4,1,1.0,1.0
Finland - Kakkonen,Mikkelin,4,1,0.25,0.25
France - Ligue 1,Paris SG,32,78,2.0,2.44
France - Ligue 1,Marseille,32,59,1.25,1.84
France - Ligue 1,Monaco,32,58,1.88,1.81
France - Ligue 1,Nice,32,57,1.38,1.78
France - Ligue 1,Lille,32,57,2.0,1.78
France - Ligue 1,Strasbourg,32,57,2.5,1.78
France - Ligue 1,Lyon,32,54,1.88,1.69
France - Ligue 1,Lens,32,48,1.88,1.5
France - Ligue 1,Brest,32,47,1.75,1.47
France - Ligue 1,Auxerre,32,41,1.63,1.28
France - Ligue 1,Rennes,32,38,1.13,1.19
France - Ligue 1,Toulouse,32,38,0.63,1.19
France - Ligue 1,Reims,32,33,1.38,1.03
France - Ligue 1,Angers,32,33,0.75,1.03
France - Ligue 1,Nantes,32,32,1.0,1.0
France - Ligue 1,Le Havre,32,31,1.38,0.97
France - Ligue 1,Saint-Etienne,32,27,1.0,0.84
France - Ligue 1,Montpellier,32,16,0.13,0.5
France - Ligue 2,Lorient,33,68,2.0,2.06
France - Ligue 2,Paris FC,33,66,2.13,2.0
France - Ligue 2,Metz,33,62,1.88,1.88
France - Ligue 2,USL Dunkerque,33,55,0.88,1.67
France - Ligue 2,Guingamp,33,52,1.63,1.58
France - Ligue 2,Laval,33,50,1.63,1.52
France - Ligue 2,Annecy,33,48,1.13,1.45
France - Ligue 2,Grenoble,33,46,1.38,1.39
France - Ligue 2,SC Bastia,33,45,1.38,1.36
France - Ligue 2,Amiens,33,43,1.63,1.3
France - Ligue 2,AC Ajaccio,33,42,1.5,1.27
France - Ligue 2,Pau FC,33,42,1.13,1.27
France - Ligue 2,Troyes,33,41,1.38,1.24
France - Ligue 2,Rodez Aveyron,33,38,1.38,1.15
France - Ligue 2,Red Star,33,37,1.0,1.12
France - Ligue 2,Clermont,33,32,0.88,0.97
France - Ligue 2,Martigues,33,32,1.0,0.97
France - Ligue 2,Caen,33,22,0.38,0.67
France - National,Nancy,31,64,2.75,2.06
France - National,Le Mans,31,55,1.75,1.77
France - National,Boulogne,31,55,1.75,1.77
France - National,Dijon,31,47,1.75,1.52
France - National,Aubagne,31,45,1.75,1.45
France - National,Bourg-en-Bresse,31,43,1.5,1.39
France - National,Concarneau,31,42,2.0,1.35
France - National,Orleans,31,42,0.75,1.35
France - National,Valenciennes,31,39,0.63,1.26
France - National,Rouen,31,39,1.13,1.26
France - National,Sochaux,31,38,1.38,1.23
France - National,Quevilly Rouen,31,37,1.38,1.19
France - National,Versailles,31,36,1.13,1.16
France - National,Villefranche,32,34,0.63,1.06
France - National,Paris 13 A.,31,32,1.0,1.03
France - National,Chateauroux,31,32,1.13,1.03
France - National,Nimes,31,28,0.63,0.9
Georgia - Erovnuli Liga,Iberia,13,33,2.75,2.54
Georgia - Erovnuli Liga,Dinamo Batumi,13,24,1.63,1.85
Georgia - Erovnuli Liga,Dila Gori,13,23,1.63,1.77
Georgia - Erovnuli Liga,Dinamo Tbilisi,13,22,1.75,1.69
Georgia - Erovnuli Liga,Torpedo Kutaisi,13,18,1.88,1.38
Georgia - Erovnuli Liga,Gagra,13,14,1.25,1.08
Georgia - Erovnuli Liga,Samgurali,13,12,0.63,0.92
Georgia - Erovnuli Liga,Gareji Sagarejo,13,12,1.0,0.92
Georgia - Erovnuli Liga,Kolkheti Poti,13,11,0.88,0.85
Georgia - Erovnuli Liga,Telavi,13,11,0.5,0.85
Germany - Bundesliga,Bayern Munich,32,76,1.88,2.38
Germany - Bundesliga,Leverkusen,32,68,1.88,2.13
Germany - Bundesliga,E. Frankfurt,32,56,1.75,1.75
Germany - Bundesliga,Freiburg,32,52,1.5,1.63
Germany - Bundesliga,Dortmund,32,51,2.0,1.59
Germany - Bundesliga,RB Leipzig,32,50,1.5,1.56
Germany - Bundesliga,FSV Mainz,32,48,0.88,1.5
Germany - Bundesliga,Werder Bremen,32,47,2.13,1.47
Germany - Bundesliga,Monchengladbach,32,45,1.0,1.41
Germany - Bundesliga,Stuttgart,32,44,1.0,1.38
Germany - Bundesliga,FC Augsburg,32,43,1.38,1.34
Germany - Bundesliga,Wolfsburg,33,40,0.25,1.21
Germany - Bundesliga,Union Berlin,32,37,1.75,1.16
Germany - Bundesliga,Hoffenheim,33,32,0.75,0.97
Germany - Bundesliga,Sankt Pauli,32,31,1.25,0.97
Germany - Bundesliga,Heidenheim,32,26,1.38,0.81
Germany - Bundesliga,Holstein Kiel,32,25,1.13,0.78
Germany - Bundesliga,Bochum,32,22,0.63,0.69
Germany - 2. Bundesliga,FC Koln,33,58,1.75,1.76
Germany - 2. Bundesliga,Hamburger SV,32,56,1.75,1.75
Germany - 2. Bundesliga,Elversberg,32,52,1.63,1.63
Germany - 2. Bundesliga,Paderborn,32,52,1.38,1.63
Germany - 2. Bundesliga,Magdeburg,32,50,1.13,1.56
Germany - 2. Bundesliga,Dusseldorf,32,50,1.5,1.56
Germany - 2. Bundesliga,Kaiserslautern,32,50,1.0,1.56
Germany - 2. Bundesliga,Hannover 96,32,49,1.38,1.53
Germany - 2. Bundesliga,Karlsruher SC,32,48,1.5,1.5
Germany - 2. Bundesliga,FC Nurnberg,33,45,0.88,1.36
Germany - 2. Bundesliga,Hertha Berlin,33,43,2.13,1.3
Germany - 2. Bundesliga,Darmstadt,32,39,1.38,1.22
Germany - 2. Bundesliga,Schalke 04,32,38,1.0,1.19
Germany - 2. Bundesliga,Preuss. Munster,33,35,1.5,1.06
Germany - 2. Bundesliga,Greuther Furth,32,35,0.38,1.09
Germany - 2. Bundesliga,Braunschweig,32,35,1.63,1.09
Germany - 2. Bundesliga,Ulm,32,29,1.25,0.91
Germany - 2. Bundesliga,Regensburg,32,24,1.13,0.75
Germany - 3. Liga,Dynamo Dresden,36,67,1.88,1.86
Germany - 3. Liga,Bielefeld,36,66,2.5,1.83
Germany - 3. Liga,Saarbrucken,36,62,1.5,1.72
Germany - 3. Liga,Hansa Rostock,36,60,2.0,1.67
Germany - 3. Liga,Energie Cottbus,36,59,1.25,1.64
Germany - 3. Liga,Viktoria Koln,36,53,1.25,1.47
Germany - 3. Liga,Verl,36,53,1.25,1.47
Germany - 3. Liga,RW Essen,36,52,2.0,1.44
Germany - 3. Liga,FC Ingolstadt,36,51,1.13,1.42
Germany - 3. Liga,1860 Munchen,36,51,1.88,1.42
Germany - 3. Liga,Wehen Wiesbaden,36,49,1.0,1.36
Germany - 3. Liga,Erzgebirge Aue,36,49,1.13,1.36
Germany - 3. Liga,Osnabruck,36,48,1.63,1.33
Germany - 3. Liga,Alemannia A.,36,47,1.63,1.31
Germany - 3. Liga,VfB Stuttgart B,37,46,1.5,1.24
Germany - 3. Liga,Mannheim,36,43,1.25,1.19
Germany - 3. Liga,Dortmund B,37,43,1.0,1.16
Germany - 3. Liga,Hannover 96 B,36,34,1.38,0.94
Germany - 3. Liga,Sandhausen,36,32,0.0,0.89
Germany - 3. Liga,Unterhaching,36,25,0.75,0.69
Greece - Super League,Olympiakos,31,72,2.63,2.32
Greece - Super League,Panathinaikos,31,59,1.63,1.9
Greece - Super League,PAOK,31,55,1.5,1.77
Greece - Super League,AEK Athens,31,53,0.5,1.71
Greece - Super League,Aris,26,42,1.88,1.62
Greece - Super League,Levadiakos,32,41,1.75,1.28
Greece - Super League,Panaitolikos,32,39,0.88,1.22
Greece - Super League,OFI Crete,26,36,1.5,1.38
Greece - Super League,Panserraikos,32,36,1.75,1.13
Greece - Super League,Atromitos,26,35,1.63,1.35
Greece - Super League,Asteras T.,26,35,1.25,1.35
Greece - Super League,Volos,32,33,1.5,1.03
Greece - Super League,A. Kallithea,32,29,1.38,0.91
Greece - Super League,Lamia,32,17,0.63,0.53
Hong Kong - Premier League,LM Warriors,21,47,2.38,2.24
Hong Kong - Premier League,Tai Po,21,46,2.13,2.19
Hong Kong - Premier League,Eastern,21,44,2.13,2.1
Hong Kong - Premier League,Kitchee,22,41,1.5,1.86
Hong Kong - Premier League,Southern D.,23,25,1.5,1.09
Hong Kong - Premier League,Kowloon City,21,21,0.5,1.0
Hong Kong - Premier League,HK Rangers,21,20,1.38,0.95
Hong Kong - Premier League,North District,21,18,1.5,0.86
Hong Kong - Premier League,Hong Kong FC,23,11,0.13,0.48
Hungary - NB I,Ferencvaros,30,60,2.5,2.0
Hungary - NB I,Puskas A.,30,57,1.63,1.9
Hungary - NB I,Paks,30,55,2.13,1.83
Hungary - NB I,Gyor,31,52,2.5,1.68
Hungary - NB I,MTK Budapest,30,43,0.88,1.43
Hungary - NB I,DVTK,30,41,0.88,1.37
Hungary - NB I,Ujpest,30,36,0.88,1.2
Hungary - NB I,Zalaegerszegi,30,31,0.88,1.03
Hungary - NB I,Fehervar,31,31,0.38,1.0
Hungary - NB I,Nyiregyhaza,30,31,0.88,1.03
Hungary - NB I,Debrecen,30,30,1.38,1.0
Hungary - NB I,Kecskemeti TE,30,24,0.63,0.8
Iceland - Urvalsdeild,Vikingur R.,5,10,2.0,2.0
Iceland - Urvalsdeild,Vestri,5,10,2.0,2.0
Iceland - Urvalsdeild,Breidablik,5,10,2.0,2.0
Iceland - Urvalsdeild,KR Reykjavik,5,7,1.4,1.4
Iceland - Urvalsdeild,IBV,5,7,1.4,1.4
Iceland - Urvalsdeild,Afturelding,5,7,1.4,1.4
Iceland - Urvalsdeild,Fram,5,6,1.2,1.2
Iceland - Urvalsdeild,Valur,5,6,1.2,1.2
Iceland - Urvalsdeild,Stjarnan,5,6,1.2,1.2
Iceland - Urvalsdeild,IA Akranes,5,6,1.2,1.2
Iceland - Urvalsdeild,Hafnarfjordur,5,4,0.8,0.8
Iceland - Urvalsdeild,KA Akureyri,5,4,0.8,0.8
Iceland - 1. Deild,Thor Akureyri,2,4,2.0,2.0
Iceland - 1. Deild,Fylkir,2,4,2.0,2.0
Iceland - 1. Deild,IR Reykjavik,2,4,2.0,2.0
Iceland - 1. Deild,Throttur R.,2,4,2.0,2.0
Iceland - 1. Deild,Keflavik,2,3,1.5,1.5
Iceland - 1. Deild,Selfoss,2,3,1.5,1.5
Iceland - 1. Deild,HK Kopavogur,2,2,1.0,1.0
Iceland - 1. Deild,Njardvik,1,1,1.0,1.0
Iceland - 1. Deild,Leiknir R.,2,1,0.5,0.5
Iceland - 1. Deild,Grindavik,1,0,0.0,0.0
Iceland - 1. Deild,Volsungur,1,0,0.0,0.0
Iceland - 1. Deild,Fjolnir,1,0,0.0,0.0
Ireland - Premier Division,Shamrock Rovers,15,26,1.88,1.73
Ireland - Premier Division,Derry City,15,26,2.25,1.73
Ireland - Premier Division,Drogheda Utd,15,24,1.5,1.6
Ireland - Premier Division,St. Patricks,15,22,1.13,1.47
Ireland - Premier Division,Shelbourne,15,22,1.25,1.47
Ireland - Premier Division,Bohemians,14,21,1.88,1.5
Ireland - Premier Division,Waterford,15,21,1.5,1.4
Ireland - Premier Division,Galway Utd,15,20,0.88,1.33
Ireland - Premier Division,Cork City,15,12,0.63,0.8
Ireland - Premier Division,Sligo Rovers,14,9,0.63,0.64
Ireland - First Division,Dundalk,14,32,2.0,2.29
Ireland - First Division,Cobh Ramblers,14,29,1.88,2.07
Ireland - First Division,Bray Wanderers,14,28,2.38,2.0
Ireland - First Division,Wexford,14,20,1.38,1.43
Ireland - First Division,Treaty Utd,14,18,1.25,1.29
Ireland - First Division,Kerry,14,16,1.13,1.14
Ireland - First Division,Finn Harps,14,13,1.13,0.93
Ireland - First Division,UC Dublin,14,13,0.88,0.93
Ireland - First Division,Athlone Town,14,13,0.75,0.93
Ireland - First Division,Longford Town,14,13,0.75,0.93
Israel - Ligat HaAl,H. Beer Sheva,33,71,1.75,2.21
Israel - Ligat HaAl,M. Tel Aviv,33,71,2.13,2.15
Israel - Ligat HaAl,Maccabi Haifa,33,58,1.38,1.79
Israel - Ligat HaAl,B. Jerusalem,33,53,1.0,1.61
Israel - Ligat HaAl,Hapoel Haifa,33,48,0.88,1.45
Israel - Ligat HaAl,Maccabi Netanya,33,44,1.0,1.33
Israel - Ligat HaAl,H. Jerusalem,32,41,1.88,1.28
Israel - Ligat HaAl,M. Bnei Raina,32,38,0.88,1.19
Israel - Ligat HaAl,Kiryat Shmona,32,37,0.88,1.16
Israel - Ligat HaAl,Sakhnin,32,36,1.63,1.16
Israel - Ligat HaAl,Ironi Tiberias,32,34,1.38,1.06
Israel - Ligat HaAl,Ashdod,32,32,1.75,1.0
Israel - Ligat HaAl,M. Petah Tikva,32,32,1.0,1.0
Israel - Ligat HaAl,Hapoel Hadera,32,27,1.25,0.84
Israel - Leumit League,H. Petah Tikva,35,84,2.75,2.4
Israel - Leumit League,Hapoel Tel Aviv,35,81,2.38,2.34
Israel - Leumit League,H. Ramat Gan,35,65,1.63,1.86
Israel - Leumit League,H. Kfar Shalem,35,62,0.75,1.77
Israel - Leumit League,Hapoel Akko,36,52,1.75,1.44
Israel - Leumit League,M. Herziliya,35,51,1.63,1.46
Israel - Leumit League,Bnei Yehuda,36,50,0.75,1.39
Israel - Leumit League,Kafr Qasim,36,47,1.13,1.31
Israel - Leumit League,H. Kfar Saba,36,47,1.0,1.31
Israel - Leumit League,Ramat Hasharon,36,45,1.25,1.25
Israel - Leumit League,H. Ironi Rishon,35,44,1.25,1.26
Israel - Leumit League,Maccabi Jaffa,36,41,2.0,1.14
Israel - Leumit League,Hapoel Raanana,36,40,0.88,1.11
Israel - Leumit League,H. Nof Hagalil,36,32,1.25,0.89
Israel - Leumit League,Hapoel Afula,36,26,1.0,0.72
Israel - Leumit League,H. Umm al-Fahm,36,23,1.0,0.64
Italy - Serie A,Napoli,35,77,2.5,2.2
Italy - Serie A,Inter Milan,35,74,2.0,2.11
Italy - Serie A,Atalanta,35,68,1.63,1.94
Italy - Serie A,Juventus,35,63,1.38,1.8
Italy - Serie A,AS Roma,35,63,2.5,1.8
Italy - Serie A,Lazio,35,63,1.63,1.8
Italy - Serie A,Bologna,36,62,1.5,1.72
Italy - Serie A,AC Milan,36,60,2.0,1.67
Italy - Serie A,Fiorentina,35,59,1.75,1.69
Italy - Serie A,Como,35,45,2.13,1.29
Italy - Serie A,Torino,35,44,1.25,1.26
Italy - Serie A,Udinese,35,44,0.63,1.26
Italy - Serie A,Genoa,35,39,1.0,1.11
Italy - Serie A,Cagliari,35,33,1.0,0.94
Italy - Serie A,Hellas Verona,35,32,0.75,0.91
Italy - Serie A,Parma,35,32,1.13,0.91
Italy - Serie A,Lecce,35,27,0.25,0.77
Italy - Serie A,Venezia,35,26,1.0,0.74
Italy - Serie A,Empoli,35,25,0.38,0.71
Italy - Serie A,Monza,35,15,0.13,0.43
Italy - Serie B,Sassuolo,37,82,2.0,2.22
Italy - Serie B,Pisa,37,73,2.0,1.97
Italy - Serie B,Spezia,37,63,1.13,1.7
Italy - Serie B,Cremonese,37,61,2.0,1.65
Italy - Serie B,Juve Stabia,37,54,1.75,1.46
Italy - Serie B,Catanzaro,37,52,1.13,1.41
Italy - Serie B,Palermo,37,51,1.5,1.38
Italy - Serie B,Cesena,37,50,1.13,1.35
Italy - Serie B,Bari,37,47,1.0,1.27
Italy - Serie B,Sudtirol,37,45,1.5,1.22
Italy - Serie B,Modena,37,45,1.25,1.22
Italy - Serie B,Carrarese,37,44,1.5,1.19
Italy - Serie B,Reggiana,37,44,1.63,1.19
Italy - Serie B,Mantova,37,43,1.63,1.16
Italy - Serie B,Brescia,37,40,1.13,1.08
Italy - Serie B,Frosinone,37,40,1.25,1.08
Italy - Serie B,Sampdoria,37,40,1.13,1.08
Italy - Serie B,Salernitana,37,39,1.25,1.05
Italy - Serie B,Cittadella,37,39,0.75,1.05
Italy - Serie B,Cosenza,37,30,0.63,0.92
Italy - Serie C - Group A,Padova,38,86,1.75,2.26
Italy - Serie C - Group A,Vicenza,38,83,2.0,2.18
Italy - Serie C - Group A,FeralpiSalo,38,72,2.0,1.89
Italy - Serie C - Group A,AlbinoLeffe,38,60,2.0,1.58
Italy - Serie C - Group A,Renate,38,60,2.38,1.58
Italy - Serie C - Group A,Atalanta B,38,57,1.88,1.5
Italy - Serie C - Group A,Trento,38,57,1.63,1.5
Italy - Serie C - Group A,Giana Erminio,38,57,1.75,1.5
Italy - Serie C - Group A,Virtus Verona,38,56,1.25,1.47
Italy - Serie C - Group A,Arzignano,38,53,1.88,1.39
Italy - Serie C - Group A,Novara,38,52,1.25,1.42
Italy - Serie C - Group A,Alcione,38,47,0.75,1.24
Italy - Serie C - Group A,Lecco,38,43,1.13,1.13
Italy - Serie C - Group A,Pergolettese,38,42,0.75,1.11
Italy - Serie C - Group A,Lumezzane,38,42,0.5,1.11
Italy - Serie C - Group A,Triestina,38,39,1.13,1.16
Italy - Serie C - Group A,Pro Vercelli,38,37,0.75,0.97
Italy - Serie C - Group A,Pro Patria,38,34,1.38,0.89
Italy - Serie C - Group A,Caldiero Terme,38,33,1.38,0.87
Italy - Serie C - Group A,Clodiense,38,21,0.38,0.55
Italy - Serie C - Group B,Entella,38,83,2.0,2.18
Italy - Serie C - Group B,Ternana,38,74,1.38,2.0
Italy - Serie C - Group B,Torres,38,68,1.38,1.79
Italy - Serie C - Group B,Pescara,38,67,1.63,1.76
Italy - Serie C - Group B,Arezzo,38,64,1.88,1.68
Italy - Serie C - Group B,Vis Pesaro,38,58,1.0,1.53
Italy - Serie C - Group B,Pineto,38,57,1.5,1.5
Italy - Serie C - Group B,Pianese,38,53,1.13,1.39
Italy - Serie C - Group B,Rimini,38,51,1.38,1.39
Italy - Serie C - Group B,Pontedera,38,48,1.5,1.26
Italy - Serie C - Group B,Gubbio,38,48,1.38,1.26
Italy - Serie C - Group B,Perugia,38,47,1.75,1.24
Italy - Serie C - Group B,Athletic Carpi,38,44,1.0,1.16
Italy - Serie C - Group B,Campobasso,38,43,1.25,1.13
Italy - Serie C - Group B,Ascoli,38,40,0.88,1.05
Italy - Serie C - Group B,Lucchese,38,39,1.75,1.18
Italy - Serie C - Group B,SPAL,38,35,1.25,1.0
Italy - Serie C - Group B,AC Milan B,38,34,1.38,0.89
Italy - Serie C - Group B,Sestri Levante,38,31,1.0,0.82
Italy - Serie C - Group B,Legnago Salus,38,29,0.75,0.76
Japan - J1 League,Kashima Antlers,15,31,1.88,2.07
Japan - J1 League,Kashiwa Reysol,15,30,2.25,2.0
Japan - J1 League,Kyoto Sanga,16,27,1.88,1.69
Japan - J1 League,Urawa RD,15,25,2.25,1.67
Japan - J1 League,S. Hiroshima,14,23,1.5,1.64
Japan - J1 League,Gamba Osaka,15,23,1.63,1.53
Japan - J1 League,Shimizu S-Pulse,15,21,1.25,1.4
Japan - J1 League,Vissel Kobe,14,21,1.88,1.5
Japan - J1 League,Avispa Fukuoka,16,21,1.0,1.31
Japan - J1 League,Machida Zelvia,15,20,0.88,1.33
Japan - J1 League,Tokyo Verdy,15,20,1.5,1.33
Japan - J1 League,Cerezo Osaka,15,19,1.63,1.27
Japan - J1 League,FC Tokyo,15,19,1.5,1.27
Japan - J1 League,Fagiano Okayama,16,19,1.0,1.19
Japan - J1 League,K. Frontale,12,18,1.38,1.5
Japan - J1 League,Shonan Bellmare,15,18,0.88,1.2
Japan - J1 League,Nagoya G.,15,15,1.25,1.0
Japan - J1 League,Yokohama FC,15,15,1.0,1.0
Japan - J1 League,Albirex Niigata,14,12,1.13,0.86
Japan - J1 League,Yokohama M.,12,8,0.63,0.67
Japan - J2 League,JEF Utd Chiba,14,32,1.75,2.29
Japan - J2 League,Omiya Ardija,15,30,1.88,2.0
Japan - J2 League,Vegalta Sendai,15,28,2.13,1.87
Japan - J2 League,FC Imabari,14,25,1.75,1.79
Japan - J2 League,Mito Hollyhock,14,23,2.13,1.64
Japan - J2 League,Tokushima V.,14,22,1.63,1.57
Japan - J2 League,Oita Trinita,14,21,1.75,1.5
Japan - J2 League,Jubilo Iwata,14,21,1.13,1.5
Japan - J2 League,Sagan Tosu,14,21,1.75,1.5
Japan - J2 League,V-V. Nagasaki,14,20,0.75,1.43
Japan - J2 League,M. Yamagata,14,16,1.13,1.14
Japan - J2 League,R. Kumamoto,14,16,1.13,1.14
Japan - J2 League,Ventforet Kofu,14,16,1.5,1.14
Japan - J2 League,C. Sapporo,14,16,1.25,1.14
Japan - J2 League,Fujieda MYFC,14,15,0.75,1.07
Japan - J2 League,Kataller Toyama,14,14,0.5,1.0
Japan - J2 League,Iwaki,14,14,1.38,1.0
Japan - J2 League,Blaublitz Akita,14,13,0.88,0.93
Japan - J2 League,R. Yamaguchi,14,11,0.75,0.79
Japan - J2 League,Ehime FC,14,9,1.0,0.64
Japan - J3 League,Tochigi City,12,25,2.25,2.08
Japan - J3 League,Osaka,12,25,1.88,2.08
Japan - J3 League,T. Miyazaki,12,22,1.88,1.83
Japan - J3 League,V. Hachinohe,12,21,2.13,1.75
Japan - J3 League,Kagoshima Utd,12,20,1.63,1.67
Japan - J3 League,G. Kitakyushu,12,20,1.38,1.67
Japan - J3 League,Nara Club,12,19,1.5,1.58
Japan - J3 League,Fukushima Utd,12,18,1.38,1.5
Japan - J3 League,Z. Kanazawa,12,17,1.25,1.42
Japan - J3 League,Tochigi SC,12,15,1.38,1.25
Japan - J3 League,Matsumoto Y.,11,15,1.63,1.36
Japan - J3 League,SC Sagamihara,12,14,1.0,1.17
Japan - J3 League,Kamatamare S.,12,13,1.0,1.08
Japan - J3 League,Kusatsu,12,13,1.13,1.08
Japan - J3 League,Gifu,12,13,1.13,1.08
Japan - J3 League,Kochi United,12,12,1.0,1.0
Japan - J3 League,Nagano Parceiro,11,11,0.63,1.0
Japan - J3 League,FC Ryukyu,12,10,1.13,0.83
Japan - J3 League,Gainare Tottori,12,10,1.0,0.83
Japan - J3 League,AC Numazu,12,9,0.38,0.75
Kazakhstan - Premier League,Kairat Almaty,9,23,2.75,2.56
Kazakhstan - Premier League,FC Astana,8,18,2.25,2.25
Kazakhstan - Premier League,Aktobe,7,16,2.29,2.29
Kazakhstan - Premier League,Tobol,7,14,2.0,2.0
Kazakhstan - Premier League,Yelimay Semey,7,13,1.86,1.86
Kazakhstan - Premier League,Okzhetpes,7,11,1.57,1.57
Kazakhstan - Premier League,Ordabasy,7,11,1.57,1.57
Kazakhstan - Premier League,Turan,7,8,1.14,1.14
Kazakhstan - Premier League,Kyzylzhar,7,8,1.14,1.14
Kazakhstan - Premier League,Zhenys,8,5,0.63,0.63
Kazakhstan - Premier League,Kaisar K.,7,4,0.57,0.57
Kazakhstan - Premier League,Zhetysu,7,4,0.57,0.57
Kazakhstan - Premier League,Atyrau,9,3,0.0,0.33
Kazakhstan - Premier League,Ulytau,7,2,0.29,0.29
Lithuania - A Lyga,Kauno Zalgiris,11,21,2.13,1.91
Lithuania - A Lyga,Hegelmann L.,10,21,2.25,2.1
Lithuania - A Lyga,Suduva,10,18,1.5,1.8
Lithuania - A Lyga,Dziugas Telsiai,11,18,1.5,1.64
Lithuania - A Lyga,Siauliai,10,15,1.38,1.5
Lithuania - A Lyga,Zalgiris,11,15,1.25,1.36
Lithuania - A Lyga,Banga,10,14,1.38,1.4
Lithuania - A Lyga,Panevezys,10,11,1.38,1.1
Lithuania - A Lyga,Riteriai,11,10,1.0,0.91
Lithuania - A Lyga,Dainava,10,2,0.13,0.2
Malaysia - Super League,Johor Darul,24,70,3.0,2.92
Malaysia - Super League,Selangor,24,52,2.13,2.17
Malaysia - Super League,Sabah,24,40,1.38,1.67
Malaysia - Super League,Kuching,24,39,2.13,1.63
Malaysia - Super League,Terengganu,24,35,1.38,1.46
Malaysia - Super League,Kuala Lumpur,24,31,1.75,1.54
Malaysia - Super League,Perak,24,30,1.5,1.25
Malaysia - Super League,Pahang,24,29,1.63,1.21
Malaysia - Super League,PDRM,24,27,0.75,1.13
Malaysia - Super League,Pulau Pinang,24,26,1.5,1.08
Malaysia - Super League,Kedah,24,21,0.5,1.0
Malaysia - Super League,Negeri Sembilan,24,16,0.88,0.67
Malaysia - Super League,Kelantan United,24,7,0.0,0.29
Malta - Premier League,Floriana,27,54,1.88,2.0
Malta - Premier League,Birkirkara,27,51,1.75,1.89
Malta - Premier League,Sliema,27,48,1.5,1.78
Malta - Premier League,Hibernians,27,44,1.75,1.63
Malta - Premier League,Hamrun Spartans,27,41,1.25,1.52
Malta - Premier League,Marsaxlokk,27,40,1.63,1.48
Malta - Premier League,Mosta,27,38,2.0,1.41
Malta - Premier League,Gzira Utd,27,34,1.0,1.26
Malta - Premier League,Zabbar,27,28,1.0,1.04
Malta - Premier League,Melita,27,28,0.75,1.04
Malta - Premier League,Balzan,27,22,0.88,0.81
Malta - Premier League,Naxxar Lions,27,22,1.25,0.81
Mexico - Liga MX - Apertura,Cruz Azul,17,42,2.5,2.47
Mexico - Liga MX - Apertura,Toluca,17,35,2.13,2.06
Mexico - Liga MX - Apertura,Tigres,17,34,1.75,2.0
Mexico - Liga MX - Apertura,Pumas UNAM,17,31,1.88,1.82
Mexico - Liga MX - Apertura,Monterrey,17,31,1.5,1.82
Mexico - Liga MX - Apertura,A. San Luis,17,30,2.0,1.76
Mexico - Liga MX - Apertura,Tijuana,17,29,1.88,1.71
Mexico - Liga MX - Apertura,CF America,17,27,1.75,1.59
Mexico - Liga MX - Apertura,Guadalajara,17,25,1.38,1.47
Mexico - Liga MX - Apertura,Atlas,17,22,1.0,1.29
Mexico - Liga MX - Apertura,Club Leon,17,18,1.38,1.06
Mexico - Liga MX - Apertura,Juarez,17,17,1.63,1.0
Mexico - Liga MX - Apertura,Necaxa,17,15,0.38,0.88
Mexico - Liga MX - Apertura,Mazatlan,17,14,0.88,0.82
Mexico - Liga MX - Apertura,Puebla,17,14,0.38,0.82
Mexico - Liga MX - Apertura,Pachuca,17,13,0.5,0.76
Mexico - Liga MX - Apertura,Queretaro,17,12,1.0,0.71
Mexico - Liga MX - Apertura,Santos Laguna,17,10,0.25,0.59
Mexico - Liga MX - Clausura,Toluca,17,37,2.38,2.18
Mexico - Liga MX - Clausura,CF America,17,34,1.75,2.0
Mexico - Liga MX - Clausura,Cruz Azul,17,33,2.0,1.94
Mexico - Liga MX - Clausura,Tigres,17,33,2.13,1.94
Mexico - Liga MX - Clausura,Necaxa,17,31,1.63,1.82
Mexico - Liga MX - Clausura,Club Leon,17,30,0.88,1.76
Mexico - Liga MX - Clausura,Monterrey,17,28,2.0,1.65
Mexico - Liga MX - Clausura,Pachuca,17,28,1.5,1.65
Mexico - Liga MX - Clausura,Juarez,17,24,1.0,1.41
Mexico - Liga MX - Clausura,Pumas UNAM,17,21,1.25,1.24
Mexico - Liga MX - Clausura,Guadalajara,17,21,1.25,1.24
Mexico - Liga MX - Clausura,Queretaro,17,20,1.63,1.18
Mexico - Liga MX - Clausura,Tijuana,17,19,1.5,1.12
Mexico - Liga MX - Clausura,Atlas,17,18,1.38,1.06
Mexico - Liga MX - Clausura,A. San Luis,17,18,1.5,1.06
Mexico - Liga MX - Clausura,Mazatlan,17,17,0.75,1.0
Mexico - Liga MX - Clausura,Puebla,17,9,0.13,0.53
Mexico - Liga MX - Clausura,Santos Laguna,17,7,0.38,0.41
Netherlands - Eredivisie,Ajax Amsterdam,31,74,2.13,2.39
Netherlands - Eredivisie,PSV Eindhoven,31,70,2.25,2.26
Netherlands - Eredivisie,Feyenoord,31,65,2.75,2.1
Netherlands - Eredivisie,FC Utrecht,31,62,2.38,2.0
Netherlands - Eredivisie,FC Twente,31,51,1.13,1.65
Netherlands - Eredivisie,AZ Alkmaar,31,50,0.88,1.61
Netherlands - Eredivisie,Go Ahead Eagles,31,47,1.5,1.52
Netherlands - Eredivisie,Heerenveen,31,40,1.63,1.29
Netherlands - Eredivisie,FC Groningen,31,38,1.38,1.23
Netherlands - Eredivisie,Heracles Almelo,32,38,1.38,1.19
Netherlands - Eredivisie,Fortuna Sittard,31,36,1.25,1.16
Netherlands - Eredivisie,Sparta,31,35,1.88,1.13
Netherlands - Eredivisie,NEC Nijmegen,31,34,1.13,1.1
Netherlands - Eredivisie,PEC Zwolle,31,34,1.13,1.1
Netherlands - Eredivisie,NAC Breda,31,32,0.63,1.03
Netherlands - Eredivisie,Willem II,32,25,0.13,0.78
Netherlands - Eredivisie,Almere City,31,20,0.75,0.65
Netherlands - Eredivisie,RKC Waalwijk,31,19,0.25,0.61
Netherlands - Eerste Divisie,FC Volendam,38,82,2.25,2.16
Netherlands - Eerste Divisie,Excelsior,38,74,2.63,1.95
Netherlands - Eerste Divisie,Cambuur,38,71,2.0,1.87
Netherlands - Eerste Divisie,ADO Den Haag,38,70,1.88,1.84
Netherlands - Eerste Divisie,FC Dordrecht,38,68,1.88,1.79
Netherlands - Eerste Divisie,De Graafschap,38,65,1.63,1.71
Netherlands - Eerste Divisie,Telstar,38,61,2.13,1.61
Netherlands - Eerste Divisie,FC Emmen,38,56,1.5,1.47
Netherlands - Eerste Divisie,FC Den Bosch,38,55,1.5,1.45
Netherlands - Eerste Divisie,Jong AZ,38,52,1.63,1.37
Netherlands - Eerste Divisie,FC Eindhoven,38,51,1.5,1.34
Netherlands - Eerste Divisie,Roda JC,38,49,0.5,1.29
Netherlands - Eerste Divisie,Helmond Sport,38,46,0.5,1.21
Netherlands - Eerste Divisie,VVV,38,41,1.38,1.08
Netherlands - Eerste Divisie,MVV Maastricht,38,40,0.88,1.05
Netherlands - Eerste Divisie,TOP Oss,38,38,1.13,1.0
Netherlands - Eerste Divisie,Jong Ajax,38,36,0.63,0.95
Netherlands - Eerste Divisie,Jong PSV,38,30,0.88,0.79
Netherlands - Eerste Divisie,Jong Utrecht,38,23,0.63,0.61
Netherlands - Eerste Divisie,Vitesse Arnhem,38,5,1.13,1.16
Northern Ireland - NIFL Premiership,Linfield,38,85,2.25,2.24
Northern Ireland - NIFL Premiership,Larne,38,63,1.75,1.66
Northern Ireland - NIFL Premiership,Glentoran,38,61,1.13,1.61
Northern Ireland - NIFL Premiership,Cliftonville,38,58,2.0,1.53
Northern Ireland - NIFL Premiership,Dungannon,38,57,1.38,1.5
Northern Ireland - NIFL Premiership,Portadown,38,56,1.75,1.47
Northern Ireland - NIFL Premiership,Coleraine,38,55,1.38,1.45
Northern Ireland - NIFL Premiership,Crusaders,38,54,1.0,1.42
Northern Ireland - NIFL Premiership,Ballymena Utd,38,47,0.88,1.24
Northern Ireland - NIFL Premiership,Glenavon,38,46,1.0,1.21
Northern Ireland - NIFL Premiership,Carrick Rangers,38,32,0.75,0.84
Northern Ireland - NIFL Premiership,Loughgall,38,22,1.0,0.58
Norway - Eliteserien,Brann,6,15,2.5,2.5
Norway - Eliteserien,Viking,7,14,2.0,2.0
Norway - Eliteserien,Rosenborg,6,14,2.33,2.33
Norway - Eliteserien,Bodo.Glimt,4,10,2.5,2.5
Norway - Eliteserien,Fredrikstad,5,10,2.0,2.0
Norway - Eliteserien,Kristiansund,7,10,1.43,1.43
Norway - Eliteserien,Sandefjord,5,9,1.8,1.8
Norway - Eliteserien,Sarpsborg 08,5,8,1.6,1.6
Norway - Eliteserien,Valerenga,6,7,1.17,1.17
Norway - Eliteserien,Stromsgodset,6,6,1.0,1.0
Norway - Eliteserien,Molde,5,5,1.0,1.0
Norway - Eliteserien,Tromso,5,4,0.8,0.8
Norway - Eliteserien,KFUM Oslo,5,4,0.8,0.8
Norway - Eliteserien,HamKam,5,4,0.8,0.8
Norway - Eliteserien,Bryne,5,3,0.6,0.6
Norway - Eliteserien,Haugesund,6,1,0.17,0.17
Norway - 1st Division,Lillestrom,5,13,2.6,2.6
Norway - 1st Division,Egersund,5,13,2.6,2.6
Norway - 1st Division,Kongsvinger,5,10,2.0,2.0
Norway - 1st Division,Aalesund,5,9,1.8,1.8
Norway - 1st Division,Start,5,9,1.8,1.8
Norway - 1st Division,Sogndal,5,9,1.8,1.8
Norway - 1st Division,Odd,5,7,1.4,1.4
Norway - 1st Division,Raufoss,5,7,1.4,1.4
Norway - 1st Division,Hodd,5,7,1.4,1.4
Norway - 1st Division,Stabaek,5,7,1.4,1.4
Norway - 1st Division,Ranheim,5,6,1.2,1.2
Norway - 1st Division,Moss,5,6,1.2,1.2
Norway - 1st Division,Asane,5,5,1.0,1.0
Norway - 1st Division,Lyn,5,3,0.6,0.6
Norway - 1st Division,Mjondalen,5,2,0.4,0.4
Norway - 1st Division,Skeid,5,0,0.0,0.0
Paraguay - Primera Div. - Apertura,Libertad,17,36,1.63,2.12
Paraguay - Primera Div. - Apertura,Guarani,17,32,2.0,1.88
Paraguay - Primera Div. - Apertura,Olimpia,17,29,1.5,1.71
Paraguay - Primera Div. - Apertura,Cerro Porteno,17,28,1.75,1.65
Paraguay - Primera Div. - Apertura,S. Trinidense,18,24,1.5,1.33
Paraguay - Primera Div. - Apertura,S. Ameliano,17,21,1.13,1.24
Paraguay - Primera Div. - Apertura,D. Recoleta,17,21,1.25,1.24
Paraguay - Primera Div. - Apertura,G. Caballero,17,18,0.75,1.06
Paraguay - Primera Div. - Apertura,Nacional,18,18,1.25,1.0
Paraguay - Primera Div. - Apertura,A. Tembetary,18,17,0.88,0.94
Paraguay - Primera Div. - Apertura,S. Luqueno,17,17,1.0,1.0
Paraguay - Primera Div. - Apertura,2 de Mayo,18,15,0.75,0.83
Paraguay - Division Intermedia,D. Capiata,7,11,1.57,1.57
Paraguay - Division Intermedia,San Lorenzo,7,11,1.57,1.57
Paraguay - Division Intermedia,Guairena,7,11,1.57,1.57
Paraguay - Division Intermedia,Rubio Nu,7,11,1.57,1.57
Paraguay - Division Intermedia,S. Carapegua,7,10,1.43,1.43
Paraguay - Division Intermedia,Tacuary,6,10,1.67,1.67
Paraguay - Division Intermedia,Independiente,6,9,1.5,1.5
Paraguay - Division Intermedia,12 de Junio VH,7,9,1.29,1.29
Paraguay - Division Intermedia,Pastoreo,6,8,1.33,1.33
Paraguay - Division Intermedia,F. de la Mora,6,8,1.33,1.33
Paraguay - Division Intermedia,Resistencia,6,7,1.17,1.17
Paraguay - Division Intermedia,Guarani de Fram,7,6,0.86,0.86
Paraguay - Division Intermedia,D. Santani,6,6,1.0,1.0
Paraguay - Division Intermedia,Sol de America,6,6,1.0,1.0
Paraguay - Division Intermedia,Encarnacion,6,5,0.83,0.83
Paraguay - Division Intermedia,C. River Plate,7,4,0.57,0.57
Peru - Liga 1 - Apertura,Universitario,10,23,2.38,2.3
Peru - Liga 1 - Apertura,D. Garcilaso,11,20,1.63,1.82
Peru - Liga 1 - Apertura,FBC Melgar,10,20,1.75,2.0
Peru - Liga 1 - Apertura,Sport Huancayo,11,19,1.63,1.73
Peru - Liga 1 - Apertura,Alianza Lima,10,19,2.0,1.9
Peru - Liga 1 - Apertura,ADT,11,18,1.38,1.64
Peru - Liga 1 - Apertura,Alianza A.,10,16,1.63,1.6
Peru - Liga 1 - Apertura,Cusco,10,16,2.0,1.6
Peru - Liga 1 - Apertura,S. Cristal,10,16,1.5,1.6
Peru - Liga 1 - Apertura,Sport Boys,11,16,1.25,1.45
Peru - Liga 1 - Apertura,Cienciano,10,13,1.5,1.3
Peru - Liga 1 - Apertura,Binacional,11,12,1.13,1.09
Peru - Liga 1 - Apertura,Los Chankas,10,11,1.13,1.1
Peru - Liga 1 - Apertura,Cajamarca,10,11,1.38,1.1
Peru - Liga 1 - Apertura,Atletico Grau,9,10,0.88,1.11
Peru - Liga 1 - Apertura,Comerciantes U.,10,8,0.88,0.8
Peru - Liga 1 - Apertura,Juan Pablo II C,9,7,0.88,0.78
Peru - Liga 1 - Apertura,Ayacucho,11,6,0.38,0.55
Peru - Liga 1 - Apertura,A. Huanuco,10,6,0.63,0.6
Poland - Ekstraklasa,Rakow C.,31,65,2.38,2.1
Poland - Ekstraklasa,Lech Poznan,31,63,2.0,2.03
Poland - Ekstraklasa,Jagiellonia,31,56,1.38,1.81
Poland - Ekstraklasa,Pogon Szczecin,30,53,1.75,1.77
Poland - Ekstraklasa,Legia Warsaw,30,50,1.75,1.67
Poland - Ekstraklasa,Gornik Zabrze,32,46,1.13,1.44
Poland - Ekstraklasa,Cracovia Krakow,31,45,0.88,1.45
Poland - Ekstraklasa,Korona Kielce,31,43,1.75,1.39
Poland - Ekstraklasa,Motor Lublin,31,43,1.0,1.39
Poland - Ekstraklasa,Katowice,31,42,1.5,1.35
Poland - Ekstraklasa,Piast Gliwice,32,42,1.13,1.31
Poland - Ekstraklasa,Widzew Lodz,30,37,1.38,1.23
Poland - Ekstraklasa,Radomiak Radom,31,37,1.5,1.19
Poland - Ekstraklasa,Lechia Gdansk,31,33,1.5,1.06
Poland - Ekstraklasa,Zaglebie Lubin,31,33,1.38,1.06
Poland - Ekstraklasa,Slask Wroclaw,32,28,1.63,0.88
Poland - Ekstraklasa,Puszcza Niepolo,31,27,0.63,0.87
Poland - Ekstraklasa,Stal Mielec,31,26,0.38,0.84
Poland - 1. Liga,Arka Gdynia,31,68,2.5,2.19
Poland - 1. Liga,T. Nieciecza,31,62,1.75,2.0
Poland - 1. Liga,Wisla Plock,31,57,1.75,1.84
Poland - 1. Liga,Wisla Krakow,32,56,2.38,1.75
Poland - 1. Liga,Miedz Legnica,31,56,1.75,1.81
Poland - 1. Liga,Polonia Warszaw,31,52,2.13,1.68
Poland - 1. Liga,Tychy,32,49,2.13,1.53
Poland - 1. Liga,Gornik Leczna,31,47,1.75,1.52
Poland - 1. Liga,Znicz Pruszkow,32,46,1.38,1.44
Poland - 1. Liga,Ruch Chorzow,31,46,1.25,1.48
Poland - 1. Liga,LKS Lodz,31,41,1.25,1.32
Poland - 1. Liga,Stal Rzeszow,31,35,0.13,1.13
Poland - 1. Liga,K. Kolobrzeg,31,29,1.13,0.94
Poland - 1. Liga,Odra Opole,31,27,0.88,0.87
Poland - 1. Liga,Chrobry Glogow,31,26,0.63,0.84
Poland - 1. Liga,Pogon Siedlce,31,23,1.5,0.74
Poland - 1. Liga,Stalowa Wola,32,23,1.0,0.72
Poland - 1. Liga,Warta Poznan,31,21,0.13,0.68
Portugal - Liga Portugal,Sporting CP,32,78,2.75,2.44
Portugal - Liga Portugal,Benfica,32,78,2.75,2.44
Portugal - Liga Portugal,FC Porto,32,65,1.88,2.03
Portugal - Liga Portugal,Sporting Braga,32,65,2.25,2.03
Portugal - Liga Portugal,Guimaraes,32,54,2.38,1.69
Portugal - Liga Portugal,Santa Clara,32,51,1.5,1.59
Portugal - Liga Portugal,Famalicao,32,44,1.63,1.38
Portugal - Liga Portugal,Casa Pia,32,42,0.75,1.31
Portugal - Liga Portugal,Estoril,32,42,1.0,1.31
Portugal - Liga Portugal,Moreirense,32,36,1.13,1.13
Portugal - Liga Portugal,Rio Ave,32,36,0.88,1.13
Portugal - Liga Portugal,Arouca,32,34,1.13,1.06
Portugal - Liga Portugal,Nacional,32,33,0.88,1.03
Portugal - Liga Portugal,Gil Vicente,32,32,1.13,1.0
Portugal - Liga Portugal,Estrela Amadora,32,29,0.88,0.91
Portugal - Liga Portugal,Farense,32,24,1.0,0.75
Portugal - Liga Portugal,Boavista,32,24,1.13,0.75
Portugal - Liga Portugal,AVS,32,24,0.13,0.75
Portugal - Liga Portugal 2,Tondela,32,61,2.38,1.91
Portugal - Liga Portugal 2,Vizela,32,58,2.5,1.81
Portugal - Liga Portugal 2,Alverca,32,57,1.88,1.78
Portugal - Liga Portugal 2,Benfica B,32,51,1.5,1.59
Portugal - Liga Portugal 2,Torreense,32,51,1.88,1.59
Portugal - Liga Portugal 2,Chaves,32,50,1.5,1.56
Portugal - Liga Portugal 2,Uniao de Leiria,32,49,1.63,1.53
Portugal - Liga Portugal 2,Feirense,33,49,1.63,1.48
Portugal - Liga Portugal 2,Academico Viseu,32,44,1.38,1.38
Portugal - Liga Portugal 2,Penafiel,32,43,0.38,1.34
Portugal - Liga Portugal 2,Maritimo,32,42,1.75,1.31
Portugal - Liga Portugal 2,Felgueiras,32,40,1.38,1.25
Portugal - Liga Portugal 2,Leixoes,32,38,1.38,1.19
Portugal - Liga Portugal 2,Portimonense,32,34,0.63,1.06
Portugal - Liga Portugal 2,FC Porto B,32,32,1.38,1.0
Portugal - Liga Portugal 2,Pacos Ferreira,32,30,0.38,0.94
Portugal - Liga Portugal 2,Oliveirense,32,28,0.88,0.88
Portugal - Liga Portugal 2,Mafra,33,24,0.75,0.73
Scotland - Premiership,Celtic,35,85,2.0,2.43
Scotland - Premiership,Rangers,35,68,1.5,1.94
Scotland - Premiership,Hibernian,35,56,2.38,1.6
Scotland - Premiership,Aberdeen,35,53,1.5,1.51
Scotland - Premiership,Dundee Utd,35,50,1.25,1.43
Scotland - Premiership,St. Mirren,35,45,1.38,1.29
Scotland - Premiership,Motherwell,35,45,1.75,1.29
Scotland - Premiership,Hearts,35,43,1.25,1.23
Scotland - Premiership,Kilmarnock,35,41,1.25,1.17
Scotland - Premiership,Dundee FC,35,37,1.25,1.06
Scotland - Premiership,Ross County,35,35,0.38,1.0
Scotland - Premiership,St. Johnstone,35,29,1.0,0.83
Scotland - Championship,Falkirk,36,73,1.63,2.03
Scotland - Championship,Livingston,36,70,2.0,1.94
Scotland - Championship,Ayr Utd,36,63,1.13,1.75
Scotland - Championship,Partick Thistle,36,55,1.75,1.53
Scotland - Championship,Raith Rovers,36,53,2.0,1.47
Scotland - Championship,Greenock Morton,36,48,1.38,1.33
Scotland - Championship,Dunfermline,36,35,1.0,0.97
Scotland - Championship,Queens Park,36,35,0.25,0.97
Scotland - Championship,Airdrieonians,36,29,1.13,0.81
Scotland - Championship,Hamilton,36,21,1.0,1.0
Serbia - Super Liga,Red Star,34,95,2.63,2.79
Serbia - Super Liga,Partizan,34,67,1.75,1.97
Serbia - Super Liga,Vojvodina,34,51,1.88,1.5
Serbia - Super Liga,OFK Beograd,34,50,1.25,1.47
Serbia - Super Liga,Radnicki 1923,34,49,0.63,1.44
Serbia - Super Liga,Mladost Lucani,34,47,0.88,1.38
Serbia - Super Liga,Novi Pazar,34,47,1.5,1.38
Serbia - Super Liga,Backa Topola,34,44,1.63,1.29
Serbia - Super Liga,Cukaricki,34,44,1.0,1.29
Serbia - Super Liga,Z. Pancevo,34,44,1.5,1.29
Serbia - Super Liga,IMT N. Beograd,34,41,1.75,1.21
Serbia - Super Liga,S. Subotica,34,41,1.0,1.21
Serbia - Super Liga,Radnicki Nis,34,40,1.25,1.18
Serbia - Super Liga,Napredak,34,38,1.25,1.12
Serbia - Super Liga,T. Odzaci,34,34,1.13,1.0
Serbia - Super Liga,Jedinstvo U.,34,22,1.0,0.65
Singapore - Premier League,Lion City,29,68,2.13,2.34
Singapore - Premier League,Tampines Rovers,29,60,2.25,2.07
Singapore - Premier League,Geylang,29,50,1.25,1.72
Singapore - Premier League,Khalsa,29,42,2.0,1.45
Singapore - Premier League,A. Niigata (S),29,36,1.0,1.24
Singapore - Premier League,DPMM FC,29,35,1.75,1.21
Singapore - Premier League,Hougang,29,30,1.0,1.03
Singapore - Premier League,Young Lions,29,26,0.5,0.9
Singapore - Premier League,Tanjong Pagar,28,14,0.63,0.5
Slovenia - Prva Liga,NK Olimpija,33,69,1.88,2.09
Slovenia - Prva Liga,Maribor,33,63,1.88,1.91
Slovenia - Prva Liga,Koper,33,59,2.25,1.79
Slovenia - Prva Liga,NK Celje,33,57,2.25,1.73
Slovenia - Prva Liga,Bravo,33,50,0.75,1.52
Slovenia - Prva Liga,Primorje,33,37,0.88,1.12
Slovenia - Prva Liga,Radomlje,33,35,1.25,1.06
Slovenia - Prva Liga,Mura,33,34,0.5,1.03
Slovenia - Prva Liga,Nafta,33,25,0.75,0.76
Slovenia - Prva Liga,Domzale,33,24,1.0,0.73
Slovakia - Fortuna Liga,S. Bratislava,30,66,2.13,2.2
Slovakia - Fortuna Liga,Zilina,30,54,1.13,1.8
Slovakia - Fortuna Liga,Spartak Trnava,30,49,0.63,1.63
Slovakia - Fortuna Liga,DAC Streda,30,45,1.63,1.5
Slovakia - Fortuna Liga,FC Kosice,30,41,1.5,1.37
Slovakia - Fortuna Liga,Podbrezova,30,37,0.88,1.23
Slovakia - Fortuna Liga,Z. Michalovce,30,37,1.25,1.23
Slovakia - Fortuna Liga,Komarno,30,36,1.75,1.2
Slovakia - Fortuna Liga,Skalica,30,35,2.0,1.17
Slovakia - Fortuna Liga,Trencin,30,32,1.5,1.07
Slovakia - Fortuna Liga,Ruzomberok,30,30,1.25,1.0
Slovakia - Fortuna Liga,Banska Bystrica,30,22,0.63,0.73
South Africa - Premier Division ,Mamelodi S.,26,67,2.38,2.58
South Africa - Premier Division ,Orlando Pirates,23,52,2.0,2.26
South Africa - Premier Division ,Sekhukhune,27,45,1.75,1.67
South Africa - Premier Division ,Stellenbosch,25,44,2.13,1.76
South Africa - Premier Division ,TS Galaxy,28,37,1.13,1.32
South Africa - Premier Division ,AmaZulu,28,37,1.0,1.32
South Africa - Premier Division ,Polokwane,27,36,0.75,1.33
South Africa - Premier Division ,Kaizer Chiefs,27,31,0.75,1.15
South Africa - Premier Division ,Chippa Utd,26,30,1.0,1.15
South Africa - Premier Division ,Richards Bay,27,30,1.5,1.11
South Africa - Premier Division ,Magesi,26,30,2.0,1.15
South Africa - Premier Division ,Marumo G.,26,30,1.75,1.15
South Africa - Premier Division ,Golden Arrows,25,29,1.0,1.16
South Africa - Premier Division ,SuperSport Utd,25,27,1.25,1.08
South Africa - Premier Division ,Cape Town City,27,24,0.38,0.89
South Africa - Premier Division ,Royal AM,11,8,0.63,0.73
South Korea - K League 1,Daejeon Citizen,13,27,1.88,2.08
South Korea - K League 1,Jeonbuk Motors,12,22,2.25,1.83
South Korea - K League 1,Ulsan,14,21,1.38,1.5
South Korea - K League 1,Gimcheon Sangmu,12,20,1.63,1.67
South Korea - K League 1,Gwangju,12,19,1.63,1.58
South Korea - K League 1,Pohang Steelers,13,19,1.75,1.46
South Korea - K League 1,Gangwon,12,17,1.25,1.42
South Korea - K League 1,Anyang,13,16,1.25,1.23
South Korea - K League 1,Seoul,12,14,1.13,1.17
South Korea - K League 1,Jeju Utd,12,11,0.88,0.92
South Korea - K League 1,Suwon City,13,11,1.0,0.85
South Korea - K League 1,Daegu,12,10,0.38,0.83
South Korea - K League 2,Incheon Utd,10,25,2.38,2.5
South Korea - K League 2,Seoul E-Land,10,20,2.0,2.0
South Korea - K League 2,Jeonnam,10,19,1.88,1.9
South Korea - K League 2,Busan IPark,10,18,2.13,1.8
South Korea - K League 2,Suwon Bluewings,10,18,1.88,1.8
South Korea - K League 2,Bucheon FC,11,18,1.5,1.64
South Korea - K League 2,Seongnam,10,16,1.5,1.6
South Korea - K League 2,Gimpo,11,12,1.0,1.09
South Korea - K League 2,Asan,10,11,1.25,1.1
South Korea - K League 2,Cheongju,10,11,1.25,1.1
South Korea - K League 2,Gyeongnam,11,11,0.88,1.0
South Korea - K League 2,Hwaseong,11,9,0.88,0.82
South Korea - K League 2,Ansan Greeners,10,7,0.88,0.7
South Korea - K League 2,Cheonan City,10,3,0.38,0.3
Spain - La Liga,FC Barcelona,34,79,2.75,2.32
Spain - La Liga,Real Madrid,34,75,2.63,2.21
Spain - La Liga,Atletico Madrid,34,67,1.38,1.97
Spain - La Liga,Athletic Bilbao,34,61,1.63,1.79
Spain - La Liga,Villarreal,34,58,1.75,1.71
Spain - La Liga,Real Betis,34,57,2.38,1.68
Spain - La Liga,Rayo Vallecano,35,47,1.38,1.34
Spain - La Liga,Celta Vigo,34,46,1.63,1.35
Spain - La Liga,Osasuna,34,44,1.38,1.29
Spain - La Liga,Mallorca,34,44,1.0,1.29
Spain - La Liga,Real Sociedad,34,43,1.13,1.26
Spain - La Liga,Valencia,34,42,2.25,1.24
Spain - La Liga,Getafe,34,39,1.13,1.15
Spain - La Liga,Espanyol,34,39,1.38,1.15
Spain - La Liga,Girona,34,38,0.75,1.12
Spain - La Liga,Sevilla FC,34,38,0.63,1.12
Spain - La Liga,Alaves,34,35,1.5,1.03
Spain - La Liga,Las Palmas,35,32,1.0,0.91
Spain - La Liga,Leganes,34,31,0.5,0.91
Spain - La Liga,Valladolid,34,16,0.0,0.47
Spain - La Liga 2,Elche,38,71,2.25,1.87
Spain - La Liga 2,Levante,38,67,1.75,1.76
Spain - La Liga 2,Racing,38,66,1.63,1.74
Spain - La Liga 2,Real Oviedo,38,65,1.88,1.71
Spain - La Liga 2,Mirandes,38,65,1.38,1.71
Spain - La Liga 2,Almeria,39,62,1.5,1.59
Spain - La Liga 2,Granada,38,59,1.63,1.55
Spain - La Liga 2,Huesca,38,58,0.88,1.53
Spain - La Liga 2,Cordoba,38,54,1.38,1.42
Spain - La Liga 2,Deportivo,38,53,1.63,1.39
Spain - La Liga 2,Cadiz,39,52,1.0,1.33
Spain - La Liga 2,Albacete,38,51,1.75,1.34
Spain - La Liga 2,Burgos,38,51,1.5,1.34
Spain - La Liga 2,Castellon,38,49,1.25,1.29
Spain - La Liga 2,Malaga,38,49,1.25,1.29
Spain - La Liga 2,Eibar,38,49,1.13,1.29
Spain - La Liga 2,Sporting Gijon,38,47,0.88,1.24
Spain - La Liga 2,Real Zaragoza,38,45,1.13,1.18
Spain - La Liga 2,Eldense,38,40,0.75,1.05
Spain - La Liga 2,Tenerife,38,35,1.63,0.92
Spain - La Liga 2,Racing Ferrol,38,26,0.5,0.68
Spain - La Liga 2,Cartagena,38,20,0.63,0.53
Sweden - Allsvenskan,Mjallby,7,17,2.43,2.43
Sweden - Allsvenskan,AIK,7,17,2.43,2.43
Sweden - Allsvenskan,Hammarby,7,16,2.29,2.29
Sweden - Allsvenskan,Elfsborg,7,13,1.86,1.86
Sweden - Allsvenskan,Malmo FF,7,11,1.57,1.57
Sweden - Allsvenskan,Degerfors,7,10,1.43,1.43
Sweden - Allsvenskan,Brommapojkarna,6,10,1.67,1.67
Sweden - Allsvenskan,Hacken,7,10,1.43,1.43
Sweden - Allsvenskan,IFK Goteborg,7,10,1.43,1.43
Sweden - Allsvenskan,Norrkoping,7,9,1.29,1.29
Sweden - Allsvenskan,Djurgarden,6,8,1.33,1.33
Sweden - Allsvenskan,GAIS,7,7,1.0,1.0
Sweden - Allsvenskan,Halmstad,7,7,1.0,1.0
Sweden - Allsvenskan,Sirius,7,6,0.86,0.86
Sweden - Allsvenskan,Oster,7,3,0.43,0.43
Sweden - Allsvenskan,Varnamo,7,0,0.0,0.0
Sweden - Superettan,Varberg BoIS,6,14,2.33,2.33
Sweden - Superettan,Kalmar,6,14,2.33,2.33
Sweden - Superettan,Landskrona,6,14,2.33,2.33
Sweden - Superettan,Orgryte,6,11,1.83,1.83
Sweden - Superettan,Ostersunds,6,11,1.83,1.83
Sweden - Superettan,Oddevold,6,10,1.67,1.67
Sweden - Superettan,Vasteras,6,9,1.5,1.5
Sweden - Superettan,GIF Sundsvall,6,8,1.33,1.33
Sweden - Superettan,Falkenberg,6,8,1.33,1.33
Sweden - Superettan,Brage,6,8,1.33,1.33
Sweden - Superettan,Sandviken,6,7,1.17,1.17
Sweden - Superettan,Helsingborg,6,6,1.0,1.0
Sweden - Superettan,Utsikten,6,5,0.83,0.83
Sweden - Superettan,Trelleborg,6,4,0.67,0.67
Sweden - Superettan,Orebro,6,1,0.17,0.17
Sweden - Superettan,Umea,6,1,0.17,0.17
Switzerland - Super League,FC Basel,34,64,2.38,1.88
Switzerland - Super League,Servette,34,55,1.25,1.62
Switzerland - Super League,BSC Young Boys,34,53,2.0,1.56
Switzerland - Super League,Lugano,34,52,1.25,1.53
Switzerland - Super League,Luzern,34,51,1.0,1.5
Switzerland - Super League,Lausanne Sport,34,50,1.63,1.47
Switzerland - Super League,St. Gallen,34,48,1.5,1.41
Switzerland - Super League,FC Zurich,34,47,1.0,1.38
Switzerland - Super League,Sion,34,39,1.13,1.15
Switzerland - Super League,Yverdon,34,34,1.13,1.0
Switzerland - Super League,Grasshopper,34,33,0.88,0.97
Switzerland - Super League,Winterthur,34,33,1.63,0.97
Switzerland - Challenge League,Thun,33,68,2.38,2.06
Switzerland - Challenge League,Aarau,34,57,0.75,1.68
Switzerland - Challenge League,Etoile Carouge,34,54,1.38,1.59
Switzerland - Challenge League,Wil,34,50,1.75,1.47
Switzerland - Challenge League,Lausanne Ouchy,34,47,1.88,1.38
Switzerland - Challenge League,Vaduz,33,47,1.63,1.42
Switzerland - Challenge League,Neuchatel Xamax,34,38,0.63,1.12
Switzerland - Challenge League,Bellinzona,34,38,1.5,1.12
Switzerland - Challenge League,Stade Nyonnais,34,35,1.5,1.03
Switzerland - Challenge League,Schaffhausen,34,25,0.5,0.82
Thailand - Thai League 1,Buriram Utd,30,70,2.0,2.33
Thailand - Thai League 1,Bangkok Utd,30,69,2.75,2.3
Thailand - Thai League 1,Pathum Utd,30,53,2.13,1.77
Thailand - Thai League 1,Ratchaburi,30,52,2.25,1.73
Thailand - Thai League 1,Port FC,30,48,1.5,1.6
Thailand - Thai League 1,Muang Thong Utd,30,45,1.25,1.5
Thailand - Thai League 1,Prachuap,30,44,1.63,1.47
Thailand - Thai League 1,Uthai Thani,30,37,1.0,1.23
Thailand - Thai League 1,Lamphun Warrior,30,37,1.13,1.23
Thailand - Thai League 1,Sukhothai,30,36,0.88,1.2
Thailand - Thai League 1,Chiangrai Utd,30,36,1.25,1.2
Thailand - Thai League 1,Rayong,30,32,1.25,1.07
Thailand - Thai League 1,N. Ratchasima,30,32,0.63,1.07
Thailand - Thai League 1,N. Bua Pitchaya,30,27,0.63,0.9
Thailand - Thai League 1,Nakhon Pathom,30,23,0.63,0.77
Thailand - Thai League 1,Khon Kaen Utd,30,18,0.88,0.6
Turkey - Super Lig,Galatasaray,32,83,2.38,2.59
Turkey - Super Lig,Fenerbahce,33,78,2.13,2.36
Turkey - Super Lig,Samsunspor,33,57,1.25,1.73
Turkey - Super Lig,Besiktas,32,55,1.38,1.72
Turkey - Super Lig,Basaksehir,33,51,1.88,1.55
Turkey - Super Lig,Eyupspor,33,50,1.25,1.52
Turkey - Super Lig,Goztepe,32,46,1.25,1.44
Turkey - Super Lig,Trabzonspor,32,46,1.75,1.44
Turkey - Super Lig,Antalyaspor,32,43,1.63,1.34
Turkey - Super Lig,Konyaspor,33,43,1.88,1.3
Turkey - Super Lig,Kasimpasa,32,43,1.5,1.34
Turkey - Super Lig,Gaziantep,33,42,0.88,1.27
Turkey - Super Lig,Kayserispor,32,41,2.13,1.28
Turkey - Super Lig,Rizespor,32,40,1.25,1.25
Turkey - Super Lig,Alanyaspor,33,38,0.88,1.15
Turkey - Super Lig,Sivasspor,33,34,1.25,1.03
Turkey - Super Lig,Bodrumspor,32,34,1.38,1.06
Turkey - Super Lig,Hatayspor,32,19,0.75,0.59
Turkey - Super Lig,Adana Demirspor,32,-2,0.13,0.31
Turkey - 1,Kocaelispor,37,69,1.38,1.86
Turkey - 1,Genclerbirligi,37,65,2.13,1.76
Turkey - 1,F. Karagumruk,37,63,1.38,1.7
Turkey - 1,Istanbulspor,37,61,2.25,1.65
Turkey - 1,Bandirmaspor,37,61,1.75,1.65
Turkey - 1,Erzurum BB,37,61,1.63,1.65
Turkey - 1,Igdir,37,58,2.25,1.57
Turkey - 1,Boluspor,37,58,1.75,1.57
Turkey - 1,Amed SK,37,57,1.75,1.54
Turkey - 1,Corum,37,54,1.5,1.46
Turkey - 1,Umraniyespor,37,53,1.5,1.43
Turkey - 1,Erokspor,37,52,1.75,1.41
Turkey - 1,Keciorengucu,37,51,1.13,1.38
Turkey - 1,Pendikspor,37,48,1.0,1.3
Turkey - 1,Sakaryaspor,37,48,1.5,1.3
Turkey - 1,Manisa BB,37,45,1.38,1.22
Turkey - 1,Ankaragucu,37,45,0.88,1.22
Turkey - 1,Sanliurfaspor,37,40,0.75,1.08
Turkey - 1,Adanaspor,37,30,0.38,0.81
Turkey - 1,Y. Malatyaspor,37,-21,0.0,0.0
UAE - Pro League,Shabab Al Ahli,23,56,1.88,2.43
UAE - Pro League,Al Sharjah,23,45,1.0,1.96
UAE - Pro League,Al Wahda,23,41,2.0,1.78
UAE - Pro League,Al Wasl,23,40,2.38,1.74
UAE - Pro League,Al Ain,23,37,1.38,1.61
UAE - Pro League,Al Nasr,23,34,1.0,1.48
UAE - Pro League,Al Jazira,23,33,1.13,1.43
UAE - Pro League,Khorfakkan,23,32,2.13,1.39
UAE - Pro League,Ittihad Kalba,23,28,0.88,1.22
UAE - Pro League,Ajman,23,27,1.0,1.17
UAE - Pro League,Bani Yas,23,25,1.13,1.09
UAE - Pro League,Al Bataeh,23,24,1.63,1.04
UAE - Pro League,Dibba Al Hisn,23,16,0.88,0.7
UAE - Pro League,Al Urooba,23,10,0.88,0.43
Ukraine - Premier League,Dynamo Kyiv,28,68,2.25,2.43
Ukraine - Premier League,Oleksandria,27,63,2.75,2.33
Ukraine - Premier League,Shakhtar,28,58,2.13,2.07
Ukraine - Premier League,Polessya,28,44,1.25,1.57
Ukraine - Premier League,Karpaty Lviv,27,43,2.0,1.59
Ukraine - Premier League,Kryvbas KR,27,43,1.38,1.59
Ukraine - Premier League,Zorya Luhansk,28,37,1.0,1.32
Ukraine - Premier League,Veres,27,35,1.25,1.3
Ukraine - Premier League,Rukh Lviv,27,34,1.38,1.26
Ukraine - Premier League,Kolos Kovalivka,27,29,1.38,1.07
Ukraine - Premier League,LNZ Cherkasy,27,28,0.75,1.04
Ukraine - Premier League,Obolon,27,28,1.25,1.04
Ukraine - Premier League,Vorskla Poltava,27,25,1.0,0.93
Ukraine - Premier League,Livyi Bereh,27,23,0.5,0.85
Ukraine - Premier League,Inhulets,27,20,1.0,0.74
Ukraine - Premier League,Chornomorets,27,18,0.38,0.67
Ukraine - Premier League,Dnipro-1,0,0,0.0,0.0
USA - MLS,Vancouver,11,26,2.13,2.36
USA - MLS,Columbus Crew,11,24,2.13,2.18
USA - MLS,Philadelphia,11,22,1.63,2.0
USA - MLS,Cincinnati,11,22,2.0,2.0
USA - MLS,Inter Miami,10,21,2.13,2.1
USA - MLS,Charlotte,11,19,1.88,1.73
USA - MLS,Minnesota Utd,11,19,1.63,1.73
USA - MLS,Portland,11,18,1.88,1.64
USA - MLS,San Diego,11,17,1.25,1.55
USA - MLS,Nashville SC,11,17,1.63,1.55
USA - MLS,Orlando City,11,17,1.75,1.55
USA - MLS,Los Angeles FC,11,17,1.38,1.55
USA - MLS,New York City,11,17,1.63,1.55
USA - MLS,Seattle,11,16,1.5,1.45
USA - MLS,New England,10,16,1.88,1.6
USA - MLS,Colorado Rapids,11,16,1.38,1.45
USA - MLS,Austin,11,16,1.63,1.45
USA - MLS,New York RB,11,15,1.38,1.36
USA - MLS,Dallas,11,15,1.38,1.36
USA - MLS,SJ Earthquakes,11,13,0.88,1.18
USA - MLS,Chicago Fire,11,13,1.13,1.18
USA - MLS,Real Salt Lake,11,12,1.13,1.09
USA - MLS,DC United,11,12,0.88,1.09
USA - MLS,Sporting KC,11,10,1.25,0.91
USA - MLS,St. Louis City,11,10,0.63,0.91
USA - MLS,Houston Dynamo,11,10,1.13,0.91
USA - MLS,Atlanta Utd,11,10,0.75,0.91
USA - MLS,Toronto,11,7,0.75,0.64
USA - MLS,CF Montreal,11,3,0.38,0.27
USA - MLS,LA Galaxy,11,3,0.38,0.27
USL Championship,Loudoun Utd,8,18,2.25,2.25
USL Championship,Louisville City,7,17,2.43,2.43
USL Championship,San Antonio,8,16,2.0,2.0
USL Championship,Charleston,7,15,2.14,2.14
USL Championship,Monterey Bay,9,15,1.88,1.67
USL Championship,Detroit City,8,15,1.88,1.88
USL Championship,New Mexico,7,15,2.14,2.14
USL Championship,North Carolina,9,14,1.63,1.56
USL Championship,FC Tulsa,7,12,1.71,1.71
USL Championship,El Paso,8,12,1.5,1.5
USL Championship,Las Vegas L.,7,11,1.57,1.57
USL Championship,Orange County,8,10,1.25,1.25
USL Championship,Sacramento R.,7,9,1.29,1.29
USL Championship,Colorado S.,8,7,0.88,0.88
USL Championship,Lexington,8,7,0.88,0.88
USL Championship,Phoenix Rising,8,7,0.88,0.88
USL Championship,Pittsburgh,7,7,1.0,1.0
USL Championship,Miami FC,7,7,1.0,1.0
USL Championship,Oakland Roots,8,7,0.88,0.88
USL Championship,Indy Eleven,6,6,1.0,1.0
USL Championship,Birmingham L.,7,6,0.86,0.86
USL Championship,Rhode Island,6,5,0.83,0.83
USL Championship,Tampa Bay,7,4,0.57,0.57
USL Championship,Hartford A.,6,3,0.5,0.5
USA - USL League One,Spokane V.,7,14,2.0,2.0
USA - USL League One,Naples,7,14,2.0,2.0
USA - USL League One,One Knoxville,6,12,2.0,2.0
USA - USL League One,Richmond K.,8,11,1.38,1.38
USA - USL League One,Charlotte I.,6,11,1.83,1.83
USA - USL League One,Greenville,7,8,1.14,1.14
USA - USL League One,Forward Madison,6,7,1.17,1.17
USA - USL League One,Tormenta,6,7,1.17,1.17
USA - USL League One,Chattanooga RW,5,6,1.2,1.2
USA - USL League One,Alta,5,6,1.2,1.2
USA - USL League One,Westchester SC,5,5,1.0,1.0
USA - USL League One,Union Omaha,4,4,1.0,1.0
USA - USL League One,Portland Hearts,4,3,0.75,0.75
USA - USL League One,Texoma,6,1,0.17,0.17
Vietnam - V League,Nam Dinh,21,42,2.25,2.0
Vietnam - V League,Ha Noi,21,37,2.13,1.76
Vietnam - V League,Viettel,21,36,1.38,1.71
Vietnam - V League,Hong Linh Ha T.,22,35,2.0,1.59
Vietnam - V League,Cong An Nhan,21,33,2.0,1.57
Vietnam - V League,Thanh Hoa,21,30,0.88,1.43
Vietnam - V League,Hai Phong,22,28,1.75,1.27
Vietnam - V League,Binh Duong,21,25,0.88,1.19
Vietnam - V League,Ho Chi Minh,22,25,1.13,1.14
Vietnam - V League,Gia Lai,21,24,0.88,1.14
Vietnam - V League,Quang Nam,21,21,0.75,1.0
Vietnam - V League,Song Lam Nghe,21,20,1.0,0.95
Vietnam - V League,Binh Dinh,20,19,0.88,0.95
Vietnam - V League,Da Nang,21,14,0.75,0.67
Vietnam - V League 2,Phu Dong,15,43,2.75,2.87
Vietnam - V League 2,Binh Phuoc,16,37,2.13,2.31
Vietnam - V League 2,PVF-CAND,15,33,2.38,2.2
Vietnam - V League 2,Ba Ria Vung Tau,15,17,1.0,1.13
Vietnam - V League 2,S. Khanh Hoa,15,16,0.88,1.07
Vietnam - V League 2,Dong Thap,16,16,1.0,1.0
Vietnam - V League 2,Long An,16,14,0.75,0.88
Vietnam - V League 2,Dong Nai,16,14,1.25,0.88
Vietnam - V League 2,Ho Chi Minh B,15,14,1.25,0.93
Vietnam - V League 2,Hoa Binh,15,13,1.0,0.87
Vietnam - V League 2,Hue,16,11,0.75,0.69
