Team_Home,Matches,Perc.,W,D,L,Goals,Pts,PPG,League
Independiente,6 out of 8,75%,6,0,0,15 - 1,18,3.00,argentina
Boca Juniors,7 out of 8,88%,7,0,0,14 - 2,21,3.00,argentina
Racing Club,5 out of 7,71%,5,0,0,12 - 1,15,3.00,argentina
Rosario Central,6 out of 7,86%,6,0,0,12 - 3,18,3.00,argentina
River Plate,6 out of 9,67%,6,0,0,11 - 2,18,3.00,argentina
Instituto,4 out of 7,57%,4,0,0,9 - 0,12,3.00,argentina
Huracan,4 out of 8,50%,4,0,0,7 - 0,12,3.00,argentina
Newells,3 out of 8,38%,3,0,0,5 - 0,9,3.00,argentina
D. Riestra,2 out of 8,25%,2,0,0,4 - 0,6,3.00,argentina
Velez Sarsfield,2 out of 8,25%,2,0,0,2 - 0,6,3.00,argentina
SM San Juan,1 out of 9,11%,1,0,0,1 - 0,3,3.00,argentina
Argentinos Jrs,7 out of 9,78%,6,1,0,16 - 2,19,2.71,argentina
Estudiantes,4 out of 7,57%,3,1,0,7 - 2,10,2.50,argentina
Gimnasia,4 out of 8,50%,3,1,0,6 - 1,10,2.50,argentina
I. Rivadavia,4 out of 8,50%,3,1,0,7 - 3,10,2.50,argentina
Union Santa Fe,4 out of 9,44%,3,1,0,6 - 2,10,2.50,argentina
San Lorenzo,4 out of 8,50%,3,1,0,6 - 3,10,2.50,argentina
A. Tucuman,5 out of 8,62%,4,0,1,12 - 4,12,2.40,argentina
Central Cordoba,5 out of 9,56%,4,0,1,10 - 2,12,2.40,argentina
Tigre,5 out of 8,62%,4,0,1,7 - 2,12,2.40,argentina
Lanus,3 out of 8,38%,2,1,0,4 - 1,7,2.33,argentina
Aldosivi,3 out of 8,38%,2,1,0,6 - 4,7,2.33,argentina
Platense,3 out of 8,38%,2,1,0,4 - 2,7,2.33,argentina
Barracas C.,6 out of 8,75%,4,1,1,10 - 7,13,2.17,argentina
Godoy Cruz,2 out of 8,25%,1,1,0,2 - 1,4,2.00,argentina
Belgrano,5 out of 8,62%,2,3,0,7 - 3,9,1.80,argentina
Banfield,5 out of 8,62%,2,2,1,9 - 5,8,1.60,argentina
T. de Cordoba,3 out of 8,38%,1,0,2,5 - 5,3,1.00,argentina
Sarmiento,2 out of 8,25%,0,2,0,2 - 2,2,1.00,argentina
Defensa y J.,4 out of 7,57%,1,1,2,4 - 5,4,1.00,argentina
Agropecuario,7 out of 9,78%,7,0,0,13 - 2,21,3.00,argentina3
Los Andes,5 out of 9,56%,5,0,0,10 - 1,15,3.00,argentina3
Patronato,4 out of 8,50%,4,0,0,11 - 4,12,3.00,argentina3
All Boys,3 out of 8,38%,3,0,0,9 - 2,9,3.00,argentina3
Ferro Carril,4 out of 9,44%,4,0,0,7 - 0,12,3.00,argentina3
Chaco For Ever,5 out of 9,56%,5,0,0,7 - 1,15,3.00,argentina3
Chacarita J.,2 out of 8,25%,2,0,0,6 - 0,6,3.00,argentina3
Colon Santa Fe,4 out of 9,44%,4,0,0,7 - 2,12,3.00,argentina3
Tristan Suarez,3 out of 8,38%,3,0,0,7 - 2,9,3.00,argentina3
Alvarado,2 out of 8,25%,2,0,0,5 - 2,6,3.00,argentina3
D. Madryn,3 out of 8,38%,3,0,0,4 - 1,9,3.00,argentina3
CA Estudiantes,2 out of 8,25%,2,0,0,3 - 0,6,3.00,argentina3
Colegiales,3 out of 9,33%,3,0,0,3 - 0,9,3.00,argentina3
T. Remedios,1 out of 8,12%,1,0,0,2 - 0,3,3.00,argentina3
San Telmo,2 out of 8,25%,2,0,0,2 - 0,6,3.00,argentina3
Atlanta,8 out of 9,89%,7,1,0,12 - 3,22,2.75,argentina3
Deportivo Moron,7 out of 8,88%,6,1,0,14 - 2,19,2.71,argentina3
Temperley,6 out of 8,75%,5,1,0,10 - 1,16,2.67,argentina3
San Miguel,6 out of 9,67%,5,1,0,11 - 3,16,2.67,argentina3
Gimnasia Jujuy,6 out of 9,67%,5,1,0,9 - 2,16,2.67,argentina3
Almagro,5 out of 9,56%,4,1,0,5 - 1,13,2.60,argentina3
SM Tucuman,4 out of 8,50%,3,1,0,5 - 1,10,2.50,argentina3
D. de Belgrano,4 out of 8,50%,3,1,0,5 - 2,10,2.50,argentina3
G. Mendoza,7 out of 9,78%,5,2,0,10 - 3,17,2.43,argentina3
E. Rio Cuarto,6 out of 8,75%,4,2,0,7 - 3,14,2.33,argentina3
Atletico Mitre,3 out of 9,33%,2,1,0,5 - 1,7,2.33,argentina3
Deportivo Maipu,5 out of 8,62%,3,2,0,8 - 2,11,2.20,argentina3
Quilmes,6 out of 9,67%,4,1,1,11 - 4,13,2.17,argentina3
Central Norte,6 out of 9,67%,4,1,1,9 - 5,13,2.17,argentina3
Gimnasia y Tiro,7 out of 8,88%,4,2,1,11 - 4,14,2.00,argentina3
Nueva Chicago,5 out of 9,56%,3,1,1,7 - 4,10,2.00,argentina3
CA Guemes,5 out of 8,62%,2,3,0,6 - 3,9,1.80,argentina3
Racing Cordoba,8 out of 9,89%,3,5,0,15 - 7,14,1.75,argentina3
Almirante Brown,4 out of 9,44%,1,2,1,5 - 5,5,1.25,argentina3
Defensores U.,1 out of 8,12%,0,1,0,2 - 2,1,1.00,argentina3
Arsenal Sarandi,2 out of 9,22%,0,2,0,2 - 2,2,1.00,argentina3
Western United,8 out of 13,62%,7,1,0,21 - 7,22,2.75,australia
Melbourne City,8 out of 13,62%,7,1,0,16 - 3,22,2.75,australia
Auckland,11 out of 13,85%,8,3,0,26 - 10,27,2.45,australia
Sydney FC,8 out of 13,62%,5,3,0,24 - 10,18,2.25,australia
WS Wanderers,5 out of 13,38%,3,2,0,14 - 6,11,2.20,australia
Melbourne V.,8 out of 13,62%,5,2,1,16 - 7,17,2.13,australia
Wellington,5 out of 13,38%,2,3,0,7 - 5,9,1.80,australia
Central Coast,5 out of 13,38%,2,2,1,10 - 8,8,1.60,australia
Newcastle Jets,8 out of 13,62%,3,3,2,19 - 11,12,1.50,australia
Adelaide Utd,6 out of 13,46%,2,3,1,11 - 10,9,1.50,australia
Brisbane Roar,5 out of 13,38%,2,1,2,7 - 10,7,1.40,australia
Perth Glory,6 out of 13,46%,2,1,3,10 - 11,7,1.17,australia
Macarthur FC,7 out of 13,54%,2,1,4,12 - 11,7,1.00,australia
Wolfsberger AC,4 out of 11,36%,4,0,0,13 - 3,12,3.00,austria
Austria Wien,5 out of 11,45%,5,0,0,11 - 1,15,3.00,austria
Hartberg,4 out of 11,36%,4,0,0,7 - 2,12,3.00,austria
BW Linz,7 out of 11,64%,6,0,1,14 - 4,18,2.57,austria
Sturm Graz,9 out of 11,82%,7,2,0,30 - 9,23,2.56,austria
Rapid Wien,9 out of 11,82%,7,1,1,19 - 6,22,2.44,austria
LASK Linz,4 out of 11,36%,3,0,1,11 - 5,9,2.25,austria
Salzburg,6 out of 11,55%,4,1,1,13 - 4,13,2.17,austria
A. Klagenfurt,6 out of 11,55%,3,2,1,13 - 9,11,1.83,austria
Tirol,2 out of 11,18%,1,0,1,2 - 2,3,1.50,austria
Altach,3 out of 11,27%,1,1,1,5 - 4,4,1.33,austria
Grazer AK,4 out of 11,36%,1,1,2,7 - 8,4,1.00,austria
Rapid Wien B,7 out of 15,47%,7,0,0,19 - 3,21,3.00,austria2
Kapfenberger,8 out of 15,53%,8,0,0,26 - 11,24,3.00,austria2
St. Polten,6 out of 15,40%,6,0,0,19 - 4,18,3.00,austria2
First Vienna,7 out of 15,47%,7,0,0,15 - 4,21,3.00,austria2
Liefering,6 out of 15,40%,5,1,0,15 - 4,16,2.67,austria2
Sturm Graz B,7 out of 15,47%,6,0,1,14 - 5,18,2.57,austria2
Ried,12 out of 15,80%,9,3,0,27 - 5,30,2.50,austria2
Amstetten,6 out of 15,40%,5,0,1,16 - 5,15,2.50,austria2
Admira Wacker,11 out of 15,73%,8,1,2,21 - 11,25,2.27,austria2
Floridsdorfer,8 out of 15,53%,5,3,0,13 - 5,18,2.25,austria2
Stripfing,6 out of 15,40%,4,1,1,12 - 5,13,2.17,austria2
Bregenz,7 out of 15,47%,5,0,2,17 - 10,15,2.14,austria2
Lafnitz,4 out of 15,27%,2,2,0,11 - 5,8,2.00,austria2
A. Lustenau,6 out of 15,40%,3,3,0,10 - 5,12,2.00,austria2
Voitsberg,6 out of 15,40%,4,0,2,10 - 6,12,2.00,austria2
SV Horn,5 out of 15,33%,3,1,1,16 - 13,10,2.00,austria2
Dinamo Brest,3 out of 6,50%,3,0,0,10 - 1,9,3.00,belarus
Dinamo Minsk,5 out of 6,83%,5,0,0,11 - 4,15,3.00,belarus
Maxline,4 out of 5,80%,4,0,0,8 - 2,12,3.00,belarus
Neman Grodno,2 out of 6,33%,2,0,0,5 - 1,6,3.00,belarus
Naftan,1 out of 5,20%,1,0,0,3 - 1,3,3.00,belarus
BATE Borisov,1 out of 5,20%,1,0,0,2 - 0,3,3.00,belarus
Gomel,1 out of 5,20%,1,0,0,2 - 0,3,3.00,belarus
Isloch,4 out of 6,67%,3,1,0,13 - 2,10,2.50,belarus
Vitebsk,4 out of 6,67%,3,1,0,11 - 4,10,2.50,belarus
Slavia Mozyr,4 out of 5,80%,3,1,0,9 - 2,10,2.50,belarus
Arsenal D.,2 out of 6,33%,1,1,0,4 - 1,4,2.00,belarus
T. Zhodino,2 out of 5,40%,1,1,0,4 - 3,4,2.00,belarus
FC Minsk,4 out of 6,67%,2,1,1,7 - 6,7,1.75,belarus
Slutsk,3 out of 7,43%,1,1,1,4 - 3,4,1.33,belarus
Smorgon,0 out of 3,0%,0,0,0,0 - 0,0,0,belarus
Molodechno,0 out of 5,0%,0,0,0,0 - 0,0,0,belarus
Dnepr Mogilev,5 out of 5,100%,5,0,0,12 - 3,15,3.00,belarus2
Ostrovets,3 out of 6,50%,3,0,0,8 - 2,9,3.00,belarus2
Baranovichi,2 out of 5,40%,2,0,0,7 - 2,6,3.00,belarus2
ABFF U19,3 out of 6,50%,3,0,0,6 - 2,9,3.00,belarus2
Uni X L. Minsk,1 out of 5,20%,1,0,0,3 - 0,3,3.00,belarus2
Slonim,1 out of 5,20%,1,0,0,1 - 0,3,3.00,belarus2
Lokomotiv Gomel,1 out of 5,20%,1,0,0,1 - 0,3,3.00,belarus2
Niva,4 out of 6,67%,3,1,0,7 - 4,10,2.50,belarus2
Dinamo Minsk B,3 out of 7,43%,2,1,0,8 - 2,7,2.33,belarus2
Volna Pinsk,3 out of 6,50%,2,1,0,7 - 4,7,2.33,belarus2
BATE B,4 out of 7,57%,2,2,0,12 - 5,8,2.00,belarus2
Lida,3 out of 5,60%,2,0,1,8 - 4,6,2.00,belarus2
Belshina,2 out of 5,40%,1,1,0,5 - 3,4,2.00,belarus2
Osipovichy,2 out of 5,40%,1,1,0,5 - 3,4,2.00,belarus2
Bumprom,2 out of 5,40%,1,1,0,2 - 1,4,2.00,belarus2
Gomel B,3 out of 5,60%,1,2,0,7 - 6,5,1.67,belarus2
Orsha,2 out of 4,50%,1,0,1,4 - 2,3,1.50,belarus2
Minsk B,0 out of 6,0%,0,0,0,0 - 0,0,0,belarus2
KRC Genk,9 out of 15,60%,9,0,0,20 - 3,27,3.00,belgium
OH Leuven,6 out of 15,40%,6,0,0,12 - 3,18,3.00,belgium
Dender,4 out of 15,27%,4,0,0,8 - 2,12,3.00,belgium
Standard Liege,8 out of 15,53%,7,1,0,10 - 3,22,2.75,belgium
Anderlecht,9 out of 15,60%,7,2,0,26 - 4,23,2.56,belgium
Club Brugge,11 out of 15,73%,9,1,1,30 - 11,28,2.55,belgium
Royale Union SG,11 out of 15,73%,9,1,1,27 - 9,28,2.55,belgium
Gent,8 out of 15,53%,6,2,0,19 - 3,20,2.50,belgium
Antwerp,8 out of 15,53%,6,2,0,23 - 8,20,2.50,belgium
Cercle Brugge,7 out of 15,47%,5,2,0,12 - 4,17,2.43,belgium
Sint-Truiden,7 out of 15,47%,5,1,1,15 - 8,16,2.29,belgium
Charleroi,9 out of 15,60%,6,2,1,16 - 5,20,2.22,belgium
Kortrijk,6 out of 15,40%,4,1,1,9 - 4,13,2.17,belgium
KV Mechelen,10 out of 15,67%,6,2,2,26 - 12,20,2.00,belgium
Westerlo,7 out of 15,47%,4,2,1,15 - 6,14,2.00,belgium
Beerschot,5 out of 15,33%,2,2,1,8 - 7,8,1.60,belgium
The Strongest,4 out of 5,80%,4,0,0,16 - 6,12,3.00,bolivia
Always Ready,3 out of 4,75%,3,0,0,9 - 3,9,3.00,bolivia
Bolivar,2 out of 4,50%,2,0,0,8 - 2,6,3.00,bolivia
Aurora,2 out of 4,50%,2,0,0,7 - 1,6,3.00,bolivia
Blooming,2 out of 5,40%,2,0,0,6 - 2,6,3.00,bolivia
I. Petrolero,1 out of 5,20%,1,0,0,5 - 2,3,3.00,bolivia
ABB,1 out of 4,25%,1,0,0,2 - 0,3,3.00,bolivia
U. de Vinto,1 out of 5,20%,1,0,0,2 - 0,3,3.00,bolivia
SA Bulo Bulo,3 out of 4,75%,2,1,0,8 - 4,7,2.33,bolivia
GV San Jose,3 out of 5,60%,2,1,0,5 - 2,7,2.33,bolivia
Nacional Potosi,3 out of 4,75%,2,0,1,7 - 3,6,2.00,bolivia
Guabira,3 out of 5,60%,2,0,1,6 - 5,6,2.00,bolivia
Oriente P.,2 out of 4,50%,1,1,0,4 - 3,4,2.00,bolivia
Real Oruro,3 out of 4,75%,1,2,0,5 - 3,5,1.67,bolivia
Real Tomayapo,3 out of 4,75%,1,2,0,6 - 5,5,1.67,bolivia
Wilstermann,0 out of 5,0%,0,0,0,0 - 0,0,0,bolivia
Flamengo,4 out of 6,67%,4,0,0,16 - 0,12,3.00,brazil
Botafogo,4 out of 5,80%,4,0,0,11 - 2,12,3.00,brazil
Cruzeiro,5 out of 6,83%,5,0,0,10 - 3,15,3.00,brazil
Fortaleza,2 out of 5,40%,2,0,0,7 - 0,6,3.00,brazil
Corinthians,3 out of 6,50%,3,0,0,8 - 2,9,3.00,brazil
Vasco da Gama,2 out of 6,33%,2,0,0,6 - 1,6,3.00,brazil
Palmeiras,2 out of 5,40%,2,0,0,3 - 0,6,3.00,brazil
Internacional,1 out of 5,20%,1,0,0,3 - 0,3,3.00,brazil
Santos,1 out of 5,20%,1,0,0,2 - 0,3,3.00,brazil
Vitoria,1 out of 5,20%,1,0,0,2 - 1,3,3.00,brazil
Atletico MG,1 out of 5,20%,1,0,0,1 - 0,3,3.00,brazil
Ceara,5 out of 6,83%,4,1,0,8 - 2,13,2.60,brazil
Bahia,5 out of 6,83%,4,1,0,7 - 3,13,2.60,brazil
Bragantino,5 out of 6,83%,4,0,1,5 - 2,12,2.40,brazil
Mirassol,3 out of 5,60%,2,1,0,7 - 3,7,2.33,brazil
Fluminense,3 out of 5,60%,2,1,0,4 - 2,7,2.33,brazil
Gremio,5 out of 6,83%,3,2,0,6 - 3,11,2.20,brazil
Sao Paulo,2 out of 6,33%,1,1,0,3 - 2,4,2.00,brazil
Juventude,3 out of 6,50%,1,2,0,5 - 3,5,1.67,brazil
Sport Recife,1 out of 5,20%,0,1,0,1 - 1,1,1.00,brazil
Chapecoense,4 out of 5,80%,4,0,0,9 - 2,12,3.00,brazil2
Avai,4 out of 6,67%,4,0,0,7 - 1,12,3.00,brazil2
Remo,4 out of 6,67%,4,0,0,6 - 0,12,3.00,brazil2
Vila Nova,4 out of 5,80%,4,0,0,6 - 1,12,3.00,brazil2
Coritiba,4 out of 5,80%,4,0,0,6 - 1,12,3.00,brazil2
CRB,4 out of 5,80%,4,0,0,5 - 0,12,3.00,brazil2
Volta Redonda,2 out of 5,40%,2,0,0,2 - 0,6,3.00,brazil2
Goias,5 out of 6,83%,4,1,0,8 - 2,13,2.60,brazil2
Novorizontino,4 out of 6,67%,3,1,0,6 - 3,10,2.50,brazil2
Cuiaba,4 out of 6,67%,3,1,0,5 - 2,10,2.50,brazil2
America MG,5 out of 6,83%,4,0,1,8 - 4,12,2.40,brazil2
Athletico PR,4 out of 6,67%,3,0,1,6 - 5,9,2.25,brazil2
Operario PR,3 out of 5,60%,2,0,1,5 - 2,6,2.00,brazil2
Ferroviaria,2 out of 5,40%,1,1,0,3 - 1,4,2.00,brazil2
Amazonas,2 out of 5,40%,1,1,0,3 - 1,4,2.00,brazil2
Botafogo SP,3 out of 6,50%,1,2,0,5 - 4,5,1.67,brazil2
Athletic Club,2 out of 5,40%,1,0,1,3 - 3,3,1.50,brazil2
Criciuma,3 out of 5,60%,1,1,1,6 - 3,4,1.33,brazil2
Atletico GO,3 out of 5,60%,1,1,1,3 - 3,4,1.33,brazil2
Paysandu,0 out of 5,0%,0,0,0,0 - 0,0,0,brazil2
Ludogorets,15 out of 18,83%,14,1,0,34 - 4,43,2.87,bulgaria
Slavia Sofia,10 out of 19,53%,9,1,0,24 - 13,28,2.80,bulgaria
Spartak Varna,10 out of 18,56%,9,0,1,19 - 5,27,2.70,bulgaria
Arda,12 out of 18,67%,10,2,0,27 - 8,32,2.67,bulgaria
L. Krumovgrad,6 out of 18,33%,5,1,0,9 - 1,16,2.67,bulgaria
CSKA Sofia,11 out of 18,61%,9,2,0,26 - 6,29,2.64,bulgaria
Beroe,7 out of 18,39%,6,0,1,17 - 6,18,2.57,bulgaria
Cherno More,8 out of 18,44%,6,2,0,16 - 3,20,2.50,bulgaria
CSKA 1948 Sofia,9 out of 19,47%,7,1,1,18 - 7,22,2.44,bulgaria
Lokomotiv Sofia,9 out of 19,47%,7,1,1,20 - 12,22,2.44,bulgaria
Septemvri Sofia,8 out of 19,42%,6,1,1,18 - 8,19,2.38,bulgaria
Botev Vratsa,8 out of 18,44%,6,1,1,15 - 8,19,2.38,bulgaria
Levski Sofia,16 out of 18,89%,11,3,2,31 - 13,36,2.25,bulgaria
Botev Plovdiv,12 out of 18,67%,8,3,1,21 - 11,27,2.25,bulgaria
Hebar,5 out of 18,28%,3,1,1,8 - 5,10,2.00,bulgaria
Lok. Plovdiv,7 out of 18,39%,3,2,2,8 - 8,11,1.57,bulgaria
U. de Chile,6 out of 6,100%,6,0,0,21 - 2,18,3.00,chile
U. Catolica,3 out of 5,60%,3,0,0,10 - 1,9,3.00,chile
Audax Italiano,3 out of 7,43%,3,0,0,7 - 2,9,3.00,chile
Huachipato,2 out of 6,33%,2,0,0,6 - 1,6,3.00,chile
Colo-Colo,2 out of 6,33%,2,0,0,4 - 0,6,3.00,chile
Union Espanola,1 out of 6,17%,1,0,0,3 - 0,3,3.00,chile
D. Iquique,1 out of 5,20%,1,0,0,3 - 0,3,3.00,chile
La Serena,2 out of 6,33%,2,0,0,2 - 0,6,3.00,chile
Cobresal,5 out of 7,71%,4,1,0,11 - 5,13,2.60,chile
Union La Calera,4 out of 7,57%,3,1,0,8 - 2,10,2.50,chile
OHiggins,4 out of 6,67%,3,1,0,8 - 3,10,2.50,chile
Coquimbo Unido,4 out of 6,67%,3,1,0,6 - 2,10,2.50,chile
Palestino,4 out of 6,67%,3,1,0,6 - 2,10,2.50,chile
D. Limache,4 out of 7,57%,3,0,1,7 - 3,9,2.25,chile
Nublense,2 out of 7,29%,1,1,0,3 - 1,4,2.00,chile
Everton,2 out of 7,29%,1,1,0,3 - 1,4,2.00,chile
Copiapo,4 out of 6,67%,4,0,0,12 - 0,12,3.00,chile2
Magallanes,3 out of 6,50%,3,0,0,7 - 0,9,3.00,chile2
Deportes Temuco,3 out of 6,50%,3,0,0,7 - 1,9,3.00,chile2
S. Wanderers,2 out of 6,33%,2,0,0,6 - 1,6,3.00,chile2
Concepcion,2 out of 5,40%,2,0,0,3 - 0,6,3.00,chile2
CD Santa Cruz,1 out of 6,17%,1,0,0,2 - 0,3,3.00,chile2
S. Morning,1 out of 7,14%,1,0,0,2 - 1,3,3.00,chile2
San Marcos,4 out of 7,57%,3,1,0,6 - 3,10,2.50,chile2
Recoleta,5 out of 6,83%,4,0,1,9 - 5,12,2.40,chile2
Cobreloa,3 out of 6,50%,2,1,0,5 - 2,7,2.33,chile2
U. Concepcion,4 out of 6,67%,3,0,1,9 - 4,9,2.25,chile2
San Luis,2 out of 5,40%,1,1,0,2 - 1,4,2.00,chile2
Antofagasta,4 out of 6,67%,2,1,1,7 - 5,7,1.75,chile2
Curico Unido,6 out of 7,86%,2,1,3,10 - 9,7,1.17,chile2
Rangers,2 out of 6,33%,0,2,0,3 - 3,2,1.00,chile2
U. San Felipe,3 out of 7,43%,1,0,2,3 - 4,3,1.00,chile2
S. Shenhua,4 out of 7,57%,4,0,0,11 - 3,12,3.00,china
Shandong T.,2 out of 7,29%,2,0,0,8 - 1,6,3.00,china
Dalian Yingbo,3 out of 6,50%,3,0,0,6 - 2,9,3.00,china
Sichuan Jiuniu,2 out of 5,40%,2,0,0,4 - 1,6,3.00,china
Tianjin T.,2 out of 6,33%,2,0,0,3 - 0,6,3.00,china
Yunnan Yukun,2 out of 6,33%,2,0,0,3 - 0,6,3.00,china
Wuhan Three T.,1 out of 6,17%,1,0,0,3 - 1,3,3.00,china
Qingdao West C.,4 out of 7,57%,3,1,0,10 - 4,10,2.50,china
Beijing Guoan,4 out of 5,80%,3,1,0,7 - 2,10,2.50,china
Chengdu,6 out of 7,86%,4,2,0,8 - 3,14,2.33,china
Zhejiang,5 out of 6,83%,3,2,0,12 - 6,11,2.20,china
Shanghai Port,5 out of 8,62%,3,1,1,9 - 5,10,2.00,china
Meizhou Hakka,3 out of 7,43%,2,0,1,8 - 5,6,2.00,china
Qingdao Hainiu,2 out of 7,29%,1,1,0,5 - 2,4,2.00,china
Changchun Yatai,1 out of 6,17%,0,1,0,1 - 1,1,1.00,china
Henan SL,4 out of 5,80%,0,0,4,7 - 12,0,0.00,china
Guangdong GZP,3 out of 5,60%,3,0,0,8 - 0,9,3.00,china2
Nantong Zhiyun,3 out of 6,50%,3,0,0,8 - 0,9,3.00,china2
Yanbian Longdin,4 out of 5,80%,4,0,0,8 - 1,12,3.00,china2
Shanghai Jiadin,3 out of 6,50%,3,0,0,7 - 1,9,3.00,china2
Shenzhen J.,3 out of 5,60%,3,0,0,8 - 4,9,3.00,china2
Liaoning Tieren,4 out of 5,80%,4,0,0,7 - 3,12,3.00,china2
Suzhou Dongwu,2 out of 5,40%,2,0,0,4 - 0,6,3.00,china2
Dalian Kuncheng,1 out of 6,17%,1,0,0,1 - 0,3,3.00,china2
Guangxi Baoyun,1 out of 6,17%,1,0,0,1 - 0,3,3.00,china2
Chongqing T.,4 out of 6,67%,3,1,0,6 - 3,10,2.50,china2
Shaanxi Union,2 out of 5,40%,1,1,0,4 - 2,4,2.00,china2
S. Gongfu,4 out of 5,80%,2,1,1,6 - 3,7,1.75,china2
Heilongjiang IC,3 out of 6,50%,1,2,0,6 - 5,5,1.67,china2
Foshan Nanshi,3 out of 6,50%,1,2,0,4 - 3,5,1.67,china2
Qingdao RL,1 out of 5,20%,0,1,0,1 - 1,1,1.00,china2
Nanjing City,2 out of 6,33%,0,1,1,3 - 5,1,0.50,china2
A. Nacional,8 out of 10,80%,8,0,0,22 - 5,24,3.00,colombia
I. Medelin,5 out of 10,50%,5,0,0,11 - 0,15,3.00,colombia
Millonarios,6 out of 10,60%,6,0,0,10 - 1,18,3.00,colombia
Deportes Tolima,4 out of 10,40%,4,0,0,8 - 1,12,3.00,colombia
Boyaca Chico,3 out of 10,30%,3,0,0,4 - 1,9,3.00,colombia
La Equidad,1 out of 10,10%,1,0,0,2 - 0,3,3.00,colombia
America de Cali,8 out of 10,80%,7,1,0,16 - 1,22,2.75,colombia
A. Bucaramanga,5 out of 10,50%,4,1,0,10 - 1,13,2.60,colombia
Fortaleza CEIF,5 out of 10,50%,4,1,0,9 - 2,13,2.60,colombia
Llaneros,5 out of 10,50%,4,1,0,9 - 4,13,2.60,colombia
D. Pereira,8 out of 10,80%,6,2,0,13 - 2,20,2.50,colombia
Deportivo Pasto,8 out of 10,80%,6,2,0,14 - 6,20,2.50,colombia
Deportivo Cali,4 out of 10,40%,3,1,0,6 - 2,10,2.50,colombia
A. Petrolera,5 out of 10,50%,4,0,1,11 - 3,12,2.40,colombia
Once Caldas,7 out of 10,70%,5,1,1,13 - 5,16,2.29,colombia
Junior,7 out of 10,70%,5,1,1,12 - 6,16,2.29,colombia
Santa Fe,5 out of 10,50%,3,2,0,10 - 6,11,2.20,colombia
R. Aguilas,4 out of 10,40%,2,2,0,5 - 3,8,2.00,colombia
Envigado,5 out of 10,50%,2,1,2,8 - 7,7,1.40,colombia
Union Magdalena,2 out of 10,20%,0,2,0,2 - 2,2,1.00,colombia
America de Cali,7 out of 10,70%,7,0,0,13 - 1,21,3.00,colombia2
Deportivo Pasto,7 out of 9,78%,7,0,0,14 - 4,21,3.00,colombia2
Once Caldas,5 out of 10,50%,5,0,0,11 - 2,15,3.00,colombia2
Millonarios,5 out of 9,56%,5,0,0,9 - 0,15,3.00,colombia2
D. Pereira,4 out of 9,44%,4,0,0,5 - 0,12,3.00,colombia2
Envigado,2 out of 9,22%,2,0,0,4 - 0,6,3.00,colombia2
I. Medelin,6 out of 9,67%,5,1,0,12 - 2,16,2.67,colombia2
Junior,5 out of 10,50%,4,1,0,12 - 5,13,2.60,colombia2
A. Petrolera,4 out of 10,40%,3,1,0,9 - 1,10,2.50,colombia2
Santa Fe,4 out of 10,40%,3,1,0,8 - 2,10,2.50,colombia2
Fortaleza CEIF,4 out of 10,40%,3,1,0,8 - 4,10,2.50,colombia2
La Equidad,4 out of 9,44%,3,1,0,6 - 3,10,2.50,colombia2
Boyaca Chico,4 out of 9,44%,3,1,0,5 - 2,10,2.50,colombia2
Deportes Tolima,7 out of 10,70%,5,2,0,15 - 4,17,2.43,colombia2
Jaguares de C.,3 out of 9,33%,2,1,0,4 - 2,7,2.33,colombia2
Patriotas,4 out of 10,40%,3,0,1,9 - 3,9,2.25,colombia2
A. Nacional,5 out of 10,50%,3,2,0,13 - 6,11,2.20,colombia2
A. Bucaramanga,5 out of 9,56%,3,0,2,6 - 5,9,1.80,colombia2
Deportivo Cali,6 out of 9,67%,3,1,2,7 - 6,10,1.67,colombia2
R. Aguilas,3 out of 10,30%,1,2,0,3 - 2,5,1.67,colombia2
Cartagines,7 out of 11,64%,7,0,0,15 - 3,21,3.00,costarica
Puntarenas,2 out of 11,18%,2,0,0,4 - 2,6,3.00,costarica
Alajuelense,6 out of 11,55%,5,1,0,14 - 2,16,2.67,costarica
Guanacasteca,9 out of 11,82%,8,0,1,14 - 6,24,2.67,costarica
Herediano,6 out of 11,55%,5,1,0,11 - 3,16,2.67,costarica
Sporting SJ,5 out of 11,45%,4,1,0,11 - 4,13,2.60,costarica
Saprissa,9 out of 11,82%,7,2,0,19 - 9,23,2.56,costarica
Santa Ana,4 out of 11,36%,3,1,0,7 - 4,10,2.50,costarica
M. Liberia,5 out of 11,45%,3,1,1,10 - 3,10,2.00,costarica
Zeledon,6 out of 11,55%,3,2,1,10 - 7,11,1.83,costarica
San Carlos,5 out of 11,45%,2,3,0,12 - 6,9,1.80,costarica
Santos Guapiles,5 out of 11,45%,3,0,2,10 - 7,9,1.80,costarica
Lok. Zagreb,4 out of 18,22%,4,0,0,9 - 1,12,3.00,croatia
Hajduk Split,11 out of 18,61%,10,1,0,22 - 6,31,2.82,croatia
Slaven Belupo,5 out of 18,28%,4,1,0,13 - 5,13,2.60,croatia
Rijeka,14 out of 18,78%,11,3,0,33 - 5,36,2.57,croatia
Dinamo Zagreb,15 out of 18,83%,12,2,1,41 - 12,38,2.53,croatia
Varazdin,8 out of 18,44%,6,2,0,11 - 4,20,2.50,croatia
Gorica,10 out of 18,56%,7,3,0,14 - 7,24,2.40,croatia
Sibenik,5 out of 18,28%,4,0,1,9 - 4,12,2.40,croatia
Osijek,9 out of 18,50%,6,1,2,15 - 7,19,2.11,croatia
Istra,12 out of 18,67%,6,5,1,24 - 14,23,1.92,croatia
Slavia Prague,16 out of 18,89%,16,0,0,40 - 6,48,3.00,czechrepublic
Jablonec,9 out of 17,53%,9,0,0,28 - 3,27,3.00,czechrepublic
Hradec Kralove,7 out of 17,41%,7,0,0,12 - 0,21,3.00,czechrepublic
Banik Ostrava,11 out of 18,61%,10,1,0,23 - 5,31,2.82,czechrepublic
Slovacko,6 out of 18,33%,5,1,0,8 - 3,16,2.67,czechrepublic
Viktoria Plzen,14 out of 18,78%,11,2,1,34 - 10,35,2.50,czechrepublic
Teplice,12 out of 18,67%,9,1,2,21 - 9,28,2.33,czechrepublic
Mlada Boleslav,9 out of 18,50%,6,2,1,19 - 7,20,2.22,czechrepublic
Slovan Liberec,11 out of 16,69%,7,3,1,22 - 7,24,2.18,czechrepublic
Pardubice,6 out of 17,35%,4,1,1,10 - 5,13,2.17,czechrepublic
Sparta Prague,12 out of 17,71%,8,1,3,24 - 14,25,2.08,czechrepublic
Sigma Olomouc,8 out of 17,47%,5,1,2,18 - 10,16,2.00,czechrepublic
Bohemians,8 out of 17,47%,4,2,2,16 - 12,14,1.75,czechrepublic
Karvina,7 out of 16,44%,4,0,3,12 - 9,12,1.71,czechrepublic
Dukla Praha,6 out of 17,35%,3,1,2,9 - 7,10,1.67,czechrepublic
C. Budejovice,2 out of 17,12%,0,1,1,3 - 4,1,0.50,czechrepublic
FC Midtjylland,11 out of 16,69%,11,0,0,29 - 8,33,3.00,denmark
Brondby IF,6 out of 16,38%,5,1,0,12 - 3,16,2.67,denmark
FC Kobenhavn,10 out of 16,62%,8,2,0,21 - 7,26,2.60,denmark
Nordsjaelland,9 out of 16,56%,7,2,0,20 - 9,23,2.56,denmark
AGF Aarhus,10 out of 16,62%,7,3,0,26 - 8,24,2.40,denmark
Randers FC,11 out of 16,69%,8,2,1,26 - 12,26,2.36,denmark
Lyngby,6 out of 16,38%,4,1,1,10 - 5,13,2.17,denmark
Silkeborg,11 out of 16,69%,6,4,1,20 - 12,22,2.00,denmark
Aalborg BK,5 out of 16,31%,3,1,1,11 - 7,10,2.00,denmark
SonderjyskE,10 out of 16,62%,5,4,1,21 - 16,19,1.90,denmark
Viborg,10 out of 16,62%,5,3,2,20 - 16,18,1.80,denmark
Vejle BK,9 out of 16,56%,2,4,3,17 - 16,10,1.11,denmark
Hvidovre,8 out of 16,50%,8,0,0,17 - 4,24,3.00,denmark2
Kolding IF,6 out of 16,38%,5,1,0,11 - 2,16,2.67,denmark2
Hillerod,9 out of 16,56%,7,2,0,22 - 7,23,2.56,denmark2
Odense BK,12 out of 16,75%,9,3,0,28 - 14,30,2.50,denmark2
HB Koge,5 out of 16,31%,4,0,1,12 - 10,12,2.40,denmark2
Esbjerg,7 out of 16,44%,5,1,1,17 - 9,16,2.29,denmark2
Fredericia,8 out of 16,50%,6,0,2,17 - 6,18,2.25,denmark2
B 93,5 out of 16,31%,3,2,0,11 - 4,11,2.20,denmark2
Hobro,6 out of 16,38%,4,1,1,9 - 7,13,2.17,denmark2
Vendsyssel,7 out of 16,44%,5,0,2,16 - 8,15,2.14,denmark2
AC Horsens,9 out of 16,56%,6,1,2,17 - 11,19,2.11,denmark2
Roskilde,8 out of 16,50%,3,2,3,12 - 10,11,1.38,denmark2
Cuniburo,4 out of 7,57%,4,0,0,11 - 3,12,3.00,ecuador
Libertad,4 out of 8,50%,4,0,0,11 - 3,12,3.00,ecuador
D. Cuenca,4 out of 7,57%,4,0,0,9 - 1,12,3.00,ecuador
Barcelona SC,5 out of 7,71%,5,0,0,8 - 1,15,3.00,ecuador
El Nacional,3 out of 8,38%,3,0,0,7 - 3,9,3.00,ecuador
U. Catolica,5 out of 7,71%,4,1,0,10 - 2,13,2.60,ecuador
Orense,6 out of 7,86%,5,0,1,11 - 6,15,2.50,ecuador
Aucas,5 out of 8,62%,4,0,1,9 - 3,12,2.40,ecuador
Delfin,3 out of 7,43%,2,1,0,4 - 1,7,2.33,ecuador
LDU Quito,5 out of 7,71%,3,2,0,13 - 4,11,2.20,ecuador
I. del Valle,5 out of 7,71%,3,2,0,10 - 3,11,2.20,ecuador
Mushuc Runa,5 out of 8,62%,3,1,1,9 - 7,10,2.00,ecuador
Emelec,4 out of 8,50%,2,2,0,4 - 2,8,2.00,ecuador
Macara,2 out of 8,25%,1,1,0,3 - 2,4,2.00,ecuador
Manta,5 out of 8,62%,2,3,0,10 - 8,9,1.80,ecuador
Tecnico U.,3 out of 7,43%,0,2,1,4 - 6,2,0.67,ecuador
Leicester City,4 out of 19,21%,4,0,0,8 - 1,12,3.00,england
Liverpool,11 out of 19,58%,10,1,0,24 - 6,31,2.82,england
West Ham Utd,6 out of 19,32%,5,1,0,14 - 6,16,2.67,england
Newcastle Utd,13 out of 19,68%,11,1,1,34 - 8,34,2.62,england
Aston Villa,10 out of 19,53%,8,2,0,19 - 7,26,2.60,england
Chelsea,13 out of 19,68%,10,2,1,25 - 9,32,2.46,england
Bournemouth,11 out of 19,58%,8,2,1,20 - 6,26,2.36,england
Manchester Utd,6 out of 19,32%,4,2,0,12 - 2,14,2.33,england
Crystal Palace,6 out of 19,32%,4,2,0,11 - 5,14,2.33,england
Manchester City,12 out of 19,63%,8,3,1,26 - 10,27,2.25,england
Nottm Forest,12 out of 19,63%,8,3,1,22 - 8,27,2.25,england
Wolverhampton,8 out of 19,42%,6,0,2,16 - 6,18,2.25,england
Arsenal,15 out of 19,79%,9,5,1,30 - 14,32,2.13,england
Brentford,8 out of 19,42%,5,2,1,21 - 14,17,2.13,england
Brighton,8 out of 19,42%,4,4,0,16 - 10,16,2.00,england
Everton,8 out of 19,42%,4,3,1,21 - 11,15,1.88,england
Fulham,12 out of 19,63%,5,3,4,20 - 20,18,1.50,england
Tottenham,8 out of 19,42%,3,1,4,15 - 14,10,1.25,england
Ipswich Town,6 out of 19,32%,1,3,2,8 - 8,6,1.00,england
Southampton,6 out of 19,32%,1,2,3,7 - 10,5,0.83,england
Burnley,13 out of 23,57%,12,1,0,28 - 4,37,2.85,england2
Blackburn,11 out of 23,48%,10,1,0,26 - 6,31,2.82,england2
Millwall,14 out of 23,61%,12,2,0,23 - 7,38,2.71,england2
Leeds Utd,21 out of 23,91%,17,4,0,59 - 10,55,2.62,england2
West Brom,14 out of 23,61%,11,3,0,31 - 12,36,2.57,england2
Coventry City,14 out of 23,61%,12,0,2,29 - 10,36,2.57,england2
Derby County,11 out of 23,48%,9,1,1,21 - 5,28,2.55,england2
Portsmouth,11 out of 23,48%,9,1,1,22 - 7,28,2.55,england2
Sunderland,13 out of 23,57%,10,3,0,24 - 8,33,2.54,england2
Sheffield Utd,19 out of 23,83%,15,3,1,32 - 10,48,2.53,england2
Bristol City,13 out of 23,57%,10,2,1,26 - 11,32,2.46,england2
Watford,11 out of 23,48%,9,0,2,16 - 6,27,2.45,england2
Middlesbrough,14 out of 23,61%,10,3,1,27 - 12,33,2.36,england2
Oxford Utd,13 out of 23,57%,9,2,2,19 - 13,29,2.23,england2
Plymouth,9 out of 23,39%,6,2,1,21 - 11,20,2.22,england2
Stoke City,11 out of 23,48%,7,3,1,22 - 11,24,2.18,england2
Sheffield Wed,9 out of 23,39%,5,4,0,21 - 10,19,2.11,england2
Swansea City,15 out of 23,65%,9,3,3,28 - 14,30,2.00,england2
Cardiff City,11 out of 23,48%,6,4,1,19 - 7,22,2.00,england2
Preston,13 out of 23,57%,7,5,1,21 - 12,26,2.00,england2
Luton Town,11 out of 23,48%,6,4,1,16 - 8,22,2.00,england2
Norwich City,15 out of 23,65%,8,5,2,40 - 20,29,1.93,england2
QP Rangers,11 out of 23,48%,6,3,2,22 - 12,21,1.91,england2
Hull City,8 out of 23,35%,2,5,1,12 - 10,11,1.38,england2
Charlton,14 out of 23,61%,14,0,0,27 - 5,42,3.00,england3
Huddersfield,10 out of 23,43%,10,0,0,21 - 5,30,3.00,england3
Birmingham City,17 out of 23,74%,16,1,0,38 - 6,49,2.88,england3
Stockport,13 out of 23,57%,12,1,0,29 - 5,37,2.85,england3
Reading,15 out of 23,65%,13,2,0,32 - 8,41,2.73,england3
Wrexham,17 out of 23,74%,15,1,1,34 - 8,46,2.71,england3
Leyton Orient,13 out of 23,57%,11,1,1,26 - 6,34,2.62,england3
Stevenage,11 out of 23,48%,8,3,0,19 - 5,27,2.45,england3
Rotherham,9 out of 23,39%,7,1,1,20 - 9,22,2.44,england3
Bristol Rovers,12 out of 23,52%,9,1,2,24 - 13,28,2.33,england3
Mansfield,10 out of 23,43%,7,2,1,22 - 12,23,2.30,england3
Wycombe,14 out of 23,61%,10,2,2,22 - 10,32,2.29,england3
Cambridge Utd,7 out of 23,30%,5,1,1,14 - 6,16,2.29,england3
Peterborough,13 out of 23,57%,8,5,0,34 - 16,29,2.23,england3
Blackpool,9 out of 23,39%,5,4,0,20 - 10,19,2.11,england3
Bolton,9 out of 23,39%,6,1,2,18 - 9,19,2.11,england3
Lincoln City,11 out of 23,48%,7,2,2,28 - 13,23,2.09,england3
Crawley Town,11 out of 23,48%,7,2,2,23 - 13,23,2.09,england3
Wigan Athletic,12 out of 23,52%,7,3,2,18 - 10,24,2.00,england3
Northampton,9 out of 23,39%,5,3,1,17 - 9,18,2.00,england3
Exeter City,10 out of 23,43%,6,1,3,14 - 8,19,1.90,england3
Barnsley,12 out of 23,52%,6,4,2,26 - 17,22,1.83,england3
Shrewsbury,9 out of 23,39%,4,2,3,15 - 14,14,1.56,england3
Burton Albion,11 out of 23,48%,4,4,3,19 - 16,16,1.45,england3
Colchester Utd,9 out of 23,39%,9,0,0,19 - 1,27,3.00,england4
Bradford,16 out of 23,70%,15,1,0,33 - 7,46,2.88,england4
AFC Wimbledon,14 out of 23,61%,12,2,0,27 - 4,38,2.71,england4
Doncaster,14 out of 23,61%,12,2,0,30 - 9,38,2.71,england4
Port Vale,13 out of 23,57%,11,2,0,27 - 8,35,2.69,england4
Harrogate,11 out of 23,48%,9,2,0,18 - 7,29,2.64,england4
Salford City,11 out of 23,48%,9,1,1,21 - 5,28,2.55,england4
Grimsby,11 out of 23,48%,9,1,1,24 - 12,28,2.55,england4
Crewe Alexandra,10 out of 23,43%,7,3,0,20 - 4,24,2.40,england4
Fleetwood,10 out of 23,43%,7,3,0,16 - 5,24,2.40,england4
Chesterfield,13 out of 23,57%,9,4,0,29 - 10,31,2.38,england4
Newport,12 out of 23,52%,9,1,2,27 - 15,28,2.33,england4
Tranmere,9 out of 23,39%,6,3,0,15 - 4,21,2.33,england4
Notts County,14 out of 23,61%,10,2,2,25 - 8,32,2.29,england4
Barrow,13 out of 23,57%,8,5,0,26 - 7,29,2.23,england4
Swindon Town,9 out of 23,39%,6,2,1,22 - 11,20,2.22,england4
Walsall,15 out of 23,65%,10,3,2,33 - 20,33,2.20,england4
Gillingham,15 out of 23,65%,10,2,3,22 - 10,32,2.13,england4
Cheltenham,10 out of 23,43%,6,3,1,16 - 11,21,2.10,england4
Morecambe,11 out of 23,48%,6,4,1,20 - 11,22,2.00,england4
Milton Keynes,9 out of 23,39%,5,3,1,16 - 9,18,2.00,england4
Bromley,16 out of 23,70%,9,4,3,32 - 18,31,1.94,england4
Accrington,9 out of 23,39%,4,5,0,18 - 9,17,1.89,england4
Carlisle Utd,8 out of 23,35%,4,2,2,14 - 12,14,1.75,england4
Rochdale,13 out of 23,57%,13,0,0,39 - 5,39,3.00,england5
Barnet,16 out of 23,70%,15,1,0,45 - 7,46,2.88,england5
York City,16 out of 23,70%,14,2,0,48 - 10,44,2.75,england5
Halifax Town,9 out of 23,39%,8,0,1,14 - 5,24,2.67,england5
Forest Green,16 out of 23,70%,13,3,0,29 - 9,42,2.63,england5
Woking,12 out of 23,52%,9,3,0,18 - 6,30,2.50,england5
Southend Utd,13 out of 23,57%,10,2,1,27 - 9,32,2.46,england5
Oldham,11 out of 23,48%,9,0,2,22 - 5,27,2.45,england5
Gateshead FC,14 out of 23,61%,11,1,2,33 - 17,34,2.43,england5
Solihull Moors,7 out of 23,30%,5,2,0,16 - 8,17,2.43,england5
Altrincham,13 out of 23,57%,9,4,0,28 - 9,31,2.38,england5
Braintree Town,11 out of 23,48%,8,2,1,16 - 6,26,2.36,england5
Hartlepool,9 out of 23,39%,6,3,0,20 - 10,21,2.33,england5
Tamworth,12 out of 23,52%,8,3,1,28 - 15,27,2.25,england5
Ebbsfleet Utd,4 out of 23,17%,3,0,1,8 - 4,9,2.25,england5
Aldershot Town,9 out of 23,39%,6,2,1,24 - 15,20,2.22,england5
Wealdstone,11 out of 23,48%,7,3,1,20 - 11,24,2.18,england5
Maidenhead Utd,12 out of 23,52%,7,5,0,26 - 12,26,2.17,england5
Sutton Utd,11 out of 23,48%,7,2,2,18 - 8,23,2.09,england5
Yeovil Town,9 out of 23,39%,5,3,1,15 - 10,18,2.00,england5
Dagenham & R.,16 out of 23,70%,9,4,3,38 - 20,31,1.94,england5
Boston Utd,10 out of 23,43%,6,1,3,17 - 10,19,1.90,england5
Eastleigh,14 out of 23,61%,7,5,2,21 - 13,26,1.86,england5
AFC Fylde,13 out of 23,57%,7,2,4,29 - 19,23,1.77,england5
Levadia,4 out of 7,57%,4,0,0,13 - 2,12,3.00,estonia
Narva Trans,5 out of 8,62%,5,0,0,14 - 4,15,3.00,estonia
Kuressaare,3 out of 7,43%,3,0,0,5 - 1,9,3.00,estonia
Harju JK,1 out of 7,14%,1,0,0,2 - 0,3,3.00,estonia
Paide,6 out of 8,75%,4,2,0,14 - 3,14,2.33,estonia
Nomme Kalju,6 out of 7,86%,4,1,1,18 - 5,13,2.17,estonia
Flora,6 out of 8,75%,4,1,1,15 - 6,13,2.17,estonia
Tammeka,3 out of 7,43%,2,0,1,7 - 2,6,2.00,estonia
Vaprus,4 out of 8,50%,2,1,1,6 - 5,7,1.75,estonia
Tallinna Kalev,2 out of 8,25%,1,0,1,2 - 3,3,1.50,estonia
Flora B,4 out of 7,57%,4,0,0,16 - 0,12,3.00,estonia2
Nomme Utd,5 out of 6,83%,5,0,0,18 - 4,15,3.00,estonia2
Levadia B,1 out of 5,20%,1,0,0,3 - 2,3,3.00,estonia2
Viimsi,6 out of 8,75%,5,1,0,17 - 1,16,2.67,estonia2
Tartu Welco,4 out of 7,57%,3,1,0,9 - 4,10,2.50,estonia2
FC Tallinn,3 out of 7,43%,2,1,0,11 - 2,7,2.33,estonia2
Elva,3 out of 7,43%,2,1,0,9 - 6,7,2.33,estonia2
Tallinna K. B,2 out of 8,25%,1,0,1,7 - 4,3,1.50,estonia2
Nomme Kalju B,2 out of 7,29%,0,1,1,5 - 7,1,0.50,estonia2
Tammeka B,1 out of 7,14%,0,0,1,2 - 5,0,0.00,estonia2
Klaksvik,6 out of 6,100%,6,0,0,24 - 4,18,3.00,faroeislands
NSI Runavik,3 out of 6,50%,3,0,0,16 - 1,9,3.00,faroeislands
B68 Toftir,4 out of 6,67%,4,0,0,10 - 3,12,3.00,faroeislands
HB Torshavn,3 out of 7,43%,3,0,0,9 - 3,9,3.00,faroeislands
Vikingur,2 out of 5,40%,2,0,0,7 - 2,6,3.00,faroeislands
B36 Torshavn,2 out of 6,33%,2,0,0,2 - 0,6,3.00,faroeislands
07 Vestur,3 out of 6,50%,2,0,1,9 - 3,6,2.00,faroeislands
Streymur,3 out of 6,50%,2,0,1,3 - 2,6,2.00,faroeislands
Suduroy,2 out of 6,33%,1,0,1,3 - 3,3,1.50,faroeislands
TB Tvoroyri,1 out of 6,17%,0,1,0,1 - 1,1,1.00,faroeislands
Skala,5 out of 7,71%,5,0,0,20 - 1,15,3.00,faroeislands2
AB Argir,3 out of 6,50%,3,0,0,12 - 2,9,3.00,faroeislands2
Vikingur B,2 out of 7,29%,2,0,0,8 - 1,6,3.00,faroeislands2
B71 Sandur,2 out of 5,40%,2,0,0,5 - 0,6,3.00,faroeislands2
Streymur B,1 out of 6,17%,1,0,0,3 - 1,3,3.00,faroeislands2
Klaksvik B,4 out of 7,57%,3,0,1,8 - 4,9,2.25,faroeislands2
NSI Runavik B,3 out of 6,50%,2,0,1,5 - 2,6,2.00,faroeislands2
IF Fuglafjordur,3 out of 5,60%,1,0,2,5 - 7,3,1.00,faroeislands2
B36 Torshavn B,0 out of 6,0%,0,0,0,0 - 0,0,0,faroeislands2
07 Vestur B,0 out of 5,0%,0,0,0,0 - 0,0,0,faroeislands2
KuPS,5 out of 6,83%,5,0,0,10 - 1,15,3.00,finland
HJK Helsinki,3 out of 5,60%,3,0,0,11 - 4,9,3.00,finland
Ilves,3 out of 5,60%,3,0,0,8 - 3,9,3.00,finland
Inter Turku,2 out of 4,50%,2,0,0,6 - 1,6,3.00,finland
Haka,2 out of 6,33%,2,0,0,5 - 3,6,3.00,finland
VPS,1 out of 4,25%,1,0,0,1 - 0,3,3.00,finland
SJK,2 out of 5,40%,1,1,0,3 - 2,4,2.00,finland
Gnistan,3 out of 4,75%,1,1,1,5 - 4,4,1.33,finland
Mariehamn,3 out of 5,60%,1,1,1,6 - 6,4,1.33,finland
KTP,1 out of 6,17%,0,1,0,2 - 2,1,1.00,finland
Jaro,1 out of 4,25%,0,1,0,1 - 1,1,1.00,finland
Oulu,2 out of 4,50%,0,0,2,3 - 7,0,0.00,finland
Lahti,4 out of 4,100%,4,0,0,9 - 3,12,3.00,finland2
PK-35,2 out of 5,40%,2,0,0,5 - 0,6,3.00,finland2
JIPPO,3 out of 4,75%,2,1,0,6 - 2,7,2.33,finland2
TPS,3 out of 4,75%,2,1,0,6 - 3,7,2.33,finland2
SJK Akatemia,2 out of 5,40%,1,0,1,6 - 5,3,1.50,finland2
Klubi-04,2 out of 4,50%,1,0,1,7 - 7,3,1.50,finland2
KaPa,1 out of 4,25%,0,1,0,1 - 1,1,1.00,finland2
SalPa,1 out of 5,20%,0,1,0,1 - 1,1,1.00,finland2
Ekenas IF,0 out of 5,0%,0,0,0,0 - 0,0,0,finland2
JaPS,0 out of 4,0%,0,0,0,0 - 0,0,0,finland2
Angers,5 out of 17,29%,5,0,0,12 - 3,15,3.00,france
Montpellier,1 out of 17,6%,1,0,0,3 - 1,3,3.00,france
Monaco,10 out of 17,59%,9,1,0,25 - 8,28,2.80,france
Paris SG,14 out of 17,82%,12,2,0,38 - 11,38,2.71,france
Brest,12 out of 17,71%,10,1,1,26 - 8,31,2.58,france
Rennes,11 out of 17,65%,9,1,1,22 - 4,28,2.55,france
Nice,12 out of 17,71%,9,3,0,31 - 7,30,2.50,france
Lyon,10 out of 17,59%,8,1,1,26 - 9,25,2.50,france
Saint-Etienne,6 out of 17,35%,5,0,1,10 - 8,15,2.50,france
Lille,11 out of 17,65%,8,3,0,20 - 9,27,2.45,france
Marseille,10 out of 17,59%,7,3,0,30 - 10,24,2.40,france
Lens,9 out of 17,53%,7,0,2,18 - 8,21,2.33,france
Strasbourg,10 out of 17,59%,7,1,2,22 - 13,22,2.20,france
Reims,5 out of 17,29%,3,2,0,10 - 5,11,2.20,france
Auxerre,10 out of 17,59%,6,3,1,19 - 7,21,2.10,france
Nantes,9 out of 17,53%,5,3,1,16 - 8,18,2.00,france
Toulouse,7 out of 17,41%,4,1,2,10 - 6,13,1.86,france
Le Havre,4 out of 17,24%,2,1,1,6 - 5,7,1.75,france
Lorient,10 out of 17,59%,10,0,0,32 - 3,30,3.00,france2
USL Dunkerque,10 out of 17,59%,10,0,0,22 - 5,30,3.00,france2
Pau FC,9 out of 17,53%,8,1,0,15 - 3,25,2.78,france2
Paris FC,12 out of 17,71%,11,0,1,24 - 8,33,2.75,france2
Troyes,8 out of 17,47%,7,1,0,18 - 3,22,2.75,france2
Amiens,11 out of 17,65%,10,0,1,21 - 8,30,2.73,france2
AC Ajaccio,7 out of 17,41%,6,1,0,13 - 3,19,2.71,france2
Metz,12 out of 17,71%,10,2,0,32 - 9,32,2.67,france2
Annecy,11 out of 17,65%,9,2,0,19 - 3,29,2.64,france2
SC Bastia,9 out of 17,53%,7,2,0,19 - 6,23,2.56,france2
Guingamp,10 out of 17,59%,8,1,1,24 - 6,25,2.50,france2
Red Star,7 out of 17,41%,5,2,0,10 - 3,17,2.43,france2
Grenoble,9 out of 17,53%,6,3,0,18 - 8,21,2.33,france2
Laval,11 out of 17,65%,8,1,2,19 - 9,25,2.27,france2
Caen,4 out of 17,24%,3,0,1,6 - 3,9,2.25,france2
Martigues,5 out of 17,29%,3,2,0,10 - 3,11,2.20,france2
Rodez Aveyron,6 out of 17,35%,3,2,1,8 - 7,11,1.83,france2
Clermont,8 out of 17,47%,3,5,0,15 - 10,14,1.75,france2
Dijon,8 out of 16,50%,7,1,0,16 - 3,22,2.75,france3
Quevilly Rouen,8 out of 16,50%,7,1,0,12 - 4,22,2.75,france3
Nancy,11 out of 16,69%,10,0,1,19 - 3,30,2.73,france3
Rouen,6 out of 16,38%,5,1,0,14 - 5,16,2.67,france3
Boulogne,10 out of 16,62%,8,2,0,20 - 8,26,2.60,france3
Concarneau,9 out of 16,56%,7,2,0,24 - 9,23,2.56,france3
Bourg-en-Bresse,7 out of 16,44%,5,2,0,9 - 4,17,2.43,france3
Sochaux,5 out of 16,31%,4,0,1,9 - 4,12,2.40,france3
Le Mans,8 out of 16,50%,6,1,1,16 - 5,19,2.38,france3
Valenciennes,9 out of 16,56%,6,3,0,16 - 7,21,2.33,france3
Villefranche,6 out of 16,38%,4,2,0,10 - 4,14,2.33,france3
Nimes,7 out of 16,44%,5,1,1,10 - 3,16,2.29,france3
Paris 13 A.,8 out of 16,50%,5,3,0,12 - 7,18,2.25,france3
Aubagne,10 out of 16,62%,7,1,2,19 - 8,22,2.20,france3
Chateauroux,11 out of 16,69%,6,3,2,19 - 13,21,1.91,france3
Orleans,9 out of 16,56%,5,2,2,20 - 12,17,1.89,france3
Versailles,9 out of 16,56%,4,3,2,15 - 10,15,1.67,france3
Iberia,7 out of 9,78%,7,0,0,14 - 2,21,3.00,georgia
Dila Gori,4 out of 9,44%,4,0,0,12 - 2,12,3.00,georgia
Samgurali,2 out of 9,22%,2,0,0,10 - 0,6,3.00,georgia
Dinamo Tbilisi,6 out of 8,75%,6,0,0,12 - 3,18,3.00,georgia
Torpedo Kutaisi,4 out of 9,44%,4,0,0,7 - 2,12,3.00,georgia
Dinamo Batumi,8 out of 9,89%,6,1,1,13 - 5,19,2.38,georgia
Gareji Sagarejo,3 out of 9,33%,2,1,0,7 - 3,7,2.33,georgia
Kolkheti Poti,3 out of 9,33%,2,1,0,5 - 3,7,2.33,georgia
Gagra,4 out of 10,40%,1,3,0,6 - 3,6,1.50,georgia
Telavi,5 out of 9,56%,2,1,2,6 - 6,7,1.40,georgia
Iberia B,2 out of 8,25%,2,0,0,5 - 1,6,3.00,georgia2
Rustavi,5 out of 8,62%,4,1,0,8 - 2,13,2.60,georgia2
Bolnisi,4 out of 8,50%,3,1,0,7 - 2,10,2.50,georgia2
Spaeri,6 out of 8,75%,4,2,0,15 - 4,14,2.33,georgia2
Meshakhte,3 out of 8,38%,2,1,0,3 - 1,7,2.33,georgia2
Merani Martvili,6 out of 8,75%,4,1,1,8 - 6,13,2.17,georgia2
L. Tbilisi,4 out of 8,50%,2,2,0,9 - 6,8,2.00,georgia2
Gonio,4 out of 8,50%,2,1,1,9 - 5,7,1.75,georgia2
Samtredia,5 out of 8,62%,1,4,0,5 - 4,7,1.40,georgia2
D. Tbilisi B,2 out of 8,25%,0,2,0,3 - 3,2,1.00,georgia2
Heidenheim,3 out of 17,18%,3,0,0,9 - 1,9,3.00,germany
Bochum,3 out of 17,18%,3,0,0,5 - 0,9,3.00,germany
Bayern Munich,15 out of 17,88%,14,0,1,50 - 13,42,2.80,germany
Union Berlin,6 out of 17,35%,5,1,0,12 - 7,16,2.67,germany
Sankt Pauli,4 out of 17,24%,3,1,0,8 - 2,10,2.50,germany
Dortmund,11 out of 17,65%,8,3,0,32 - 8,27,2.45,germany
E. Frankfurt,12 out of 17,71%,9,2,1,31 - 10,29,2.42,germany
Monchengladbach,9 out of 17,53%,6,2,1,21 - 9,20,2.22,germany
Leverkusen,10 out of 17,59%,7,1,2,25 - 14,22,2.20,germany
FSV Mainz,10 out of 17,59%,6,4,0,19 - 8,22,2.20,germany
Freiburg,10 out of 17,59%,7,1,2,25 - 15,22,2.20,germany
FC Augsburg,7 out of 17,41%,5,0,2,11 - 8,15,2.14,germany
Werder Bremen,8 out of 17,47%,5,2,1,16 - 10,17,2.13,germany
RB Leipzig,9 out of 17,53%,6,1,2,21 - 11,19,2.11,germany
Hoffenheim,5 out of 17,29%,3,1,1,12 - 8,10,2.00,germany
Holstein Kiel,6 out of 17,35%,3,1,2,13 - 11,10,1.67,germany
Stuttgart,10 out of 17,59%,5,1,4,26 - 16,16,1.60,germany
Wolfsburg,5 out of 17,29%,2,2,1,12 - 9,8,1.60,germany
Kaiserslautern,9 out of 17,53%,7,2,0,22 - 9,23,2.56,germany2
Regensburg,7 out of 17,41%,5,2,0,10 - 3,17,2.43,germany2
Dusseldorf,8 out of 17,47%,6,1,1,16 - 6,19,2.38,germany2
Hannover 96,8 out of 17,47%,6,1,1,12 - 5,19,2.38,germany2
Elversberg,10 out of 17,59%,7,1,2,28 - 11,22,2.20,germany2
Hamburger SV,12 out of 17,71%,7,5,0,33 - 11,26,2.17,germany2
FC Koln,14 out of 17,82%,9,3,2,30 - 13,30,2.14,germany2
Paderborn,9 out of 17,53%,6,1,2,21 - 13,19,2.11,germany2
Darmstadt,10 out of 17,59%,6,3,1,23 - 8,21,2.10,germany2
Karlsruher SC,10 out of 17,59%,6,3,1,19 - 11,21,2.10,germany2
Schalke 04,8 out of 17,47%,5,1,2,19 - 12,16,2.00,germany2
Hertha Berlin,5 out of 17,29%,3,1,1,9 - 5,10,2.00,germany2
Braunschweig,9 out of 17,53%,5,2,2,15 - 8,17,1.89,germany2
FC Nurnberg,12 out of 17,71%,7,1,4,27 - 18,22,1.83,germany2
Preuss. Munster,8 out of 17,47%,4,2,2,13 - 9,14,1.75,germany2
Magdeburg,8 out of 17,47%,3,4,1,15 - 9,13,1.63,germany2
Greuther Furth,9 out of 17,53%,3,4,2,17 - 14,13,1.44,germany2
Ulm,10 out of 17,59%,4,2,4,19 - 15,14,1.40,germany2
Saarbrucken,11 out of 19,58%,10,1,0,26 - 8,31,2.82,germany3
Dynamo Dresden,10 out of 19,53%,9,1,0,25 - 6,28,2.80,germany3
Viktoria Koln,10 out of 19,53%,9,0,1,18 - 2,27,2.70,germany3
Bielefeld,11 out of 19,58%,9,2,0,25 - 8,29,2.64,germany3
Hansa Rostock,14 out of 19,74%,11,3,0,29 - 6,36,2.57,germany3
RW Essen,9 out of 19,47%,7,2,0,25 - 8,23,2.56,germany3
Osnabruck,9 out of 19,47%,7,2,0,14 - 4,23,2.56,germany3
Hannover 96 B,5 out of 19,26%,4,0,1,11 - 7,12,2.40,germany3
Dortmund B,8 out of 19,42%,6,1,1,18 - 6,19,2.38,germany3
Erzgebirge Aue,13 out of 19,68%,10,1,2,22 - 13,31,2.38,germany3
Mannheim,11 out of 19,58%,8,2,1,24 - 11,26,2.36,germany3
FC Ingolstadt,10 out of 19,53%,7,2,1,20 - 11,23,2.30,germany3
Energie Cottbus,14 out of 19,74%,10,2,2,31 - 14,32,2.29,germany3
Sandhausen,8 out of 19,42%,6,0,2,21 - 15,18,2.25,germany3
1860 Munchen,9 out of 19,47%,6,2,1,18 - 7,20,2.22,germany3
Alemannia A.,10 out of 19,53%,6,3,1,17 - 10,21,2.10,germany3
Wehen Wiesbaden,11 out of 19,58%,7,2,2,21 - 13,23,2.09,germany3
Verl,12 out of 19,63%,7,4,1,21 - 11,25,2.08,germany3
VfB Stuttgart B,15 out of 19,79%,9,3,3,30 - 19,30,2.00,germany3
Unterhaching,6 out of 19,32%,3,3,0,9 - 4,12,2.00,germany3
Xelaju,5 out of 8,62%,5,0,0,15 - 2,15,3.00,guatemala
Malacateco,5 out of 8,62%,5,0,0,12 - 0,15,3.00,guatemala
Mixco,4 out of 8,50%,4,0,0,6 - 1,12,3.00,guatemala
Municipal,6 out of 8,75%,5,1,0,18 - 4,16,2.67,guatemala
Coban Imperial,4 out of 8,50%,3,1,0,12 - 4,10,2.50,guatemala
Antigua GFC,7 out of 8,88%,5,2,0,18 - 7,17,2.43,guatemala
Comunicaciones,5 out of 8,62%,4,0,1,11 - 4,12,2.40,guatemala
Xinabajul,5 out of 8,62%,4,0,1,9 - 2,12,2.40,guatemala
Achuapa,5 out of 8,62%,3,2,0,9 - 4,11,2.20,guatemala
Guastatoya,4 out of 8,50%,2,2,0,9 - 3,8,2.00,guatemala
Marquense,3 out of 8,38%,1,2,0,5 - 3,5,1.67,guatemala
Zacapa Tellioz,0 out of 8,0%,0,0,0,0 - 0,0,0,guatemala
Xelaju,5 out of 10,50%,5,0,0,18 - 5,15,3.00,guatemala2
Coban Imperial,7 out of 10,70%,7,0,0,14 - 3,21,3.00,guatemala2
Municipal,6 out of 10,60%,6,0,0,10 - 4,18,3.00,guatemala2
Malacateco,8 out of 10,80%,7,1,0,19 - 7,22,2.75,guatemala2
Guastatoya,6 out of 10,60%,5,1,0,10 - 2,16,2.67,guatemala2
Comunicaciones,6 out of 10,60%,5,1,0,10 - 5,16,2.67,guatemala2
Marquense,6 out of 10,60%,5,0,1,10 - 3,15,2.50,guatemala2
Mixco,6 out of 10,60%,4,1,1,10 - 6,13,2.17,guatemala2
Xinabajul,2 out of 10,20%,1,1,0,3 - 1,4,2.00,guatemala2
Achuapa,6 out of 10,60%,3,2,1,8 - 4,11,1.83,guatemala2
Antigua GFC,8 out of 10,80%,4,2,2,17 - 8,14,1.75,guatemala2
Olimpia,5 out of 9,56%,5,0,0,17 - 1,15,3.00,honduras
Motagua,5 out of 9,56%,5,0,0,17 - 5,15,3.00,honduras
Victoria,5 out of 9,56%,5,0,0,15 - 4,15,3.00,honduras
UPNFM,5 out of 9,56%,5,0,0,10 - 2,15,3.00,honduras
Genesis,3 out of 9,33%,3,0,0,8 - 1,9,3.00,honduras
Real Sociedad,1 out of 9,11%,1,0,0,1 - 0,3,3.00,honduras
Real Espana,5 out of 9,56%,4,1,0,8 - 3,13,2.60,honduras
Olancho,7 out of 9,78%,5,1,1,20 - 6,16,2.29,honduras
Marathon,4 out of 9,44%,2,2,0,8 - 3,8,2.00,honduras
Juticalpa,4 out of 9,44%,2,1,1,6 - 4,7,1.75,honduras
Real Espana,7 out of 9,78%,6,1,0,12 - 3,19,2.71,honduras2
Motagua,7 out of 9,78%,5,2,0,19 - 5,17,2.43,honduras2
Olimpia,7 out of 9,78%,5,2,0,14 - 3,17,2.43,honduras2
Olancho,3 out of 9,33%,2,1,0,5 - 1,7,2.33,honduras2
Marathon,5 out of 9,56%,3,2,0,11 - 4,11,2.20,honduras2
Genesis,5 out of 9,56%,3,2,0,11 - 4,11,2.20,honduras2
Juticalpa,3 out of 9,33%,2,0,1,3 - 2,6,2.00,honduras2
UPNFM,5 out of 9,56%,2,3,0,6 - 4,9,1.80,honduras2
Victoria,5 out of 9,56%,2,3,0,5 - 3,9,1.80,honduras2
Real Sociedad,3 out of 9,33%,1,2,0,4 - 3,5,1.67,honduras2
Ferencvaros,11 out of 16,69%,10,1,0,28 - 3,31,2.82,hungary
Nyiregyhaza,7 out of 17,41%,6,1,0,14 - 6,19,2.71,hungary
Puskas A.,13 out of 16,81%,11,2,0,31 - 13,35,2.69,hungary
DVTK,7 out of 17,41%,5,2,0,12 - 6,17,2.43,hungary
Gyor,11 out of 17,65%,8,2,1,20 - 7,26,2.36,hungary
MTK Budapest,7 out of 16,44%,5,1,1,18 - 7,16,2.29,hungary
Fehervar,7 out of 16,44%,5,1,1,11 - 4,16,2.29,hungary
Paks,13 out of 16,81%,8,4,1,28 - 17,28,2.15,hungary
Zalaegerszegi,7 out of 17,41%,4,2,1,15 - 10,14,2.00,hungary
Debrecen,5 out of 16,31%,3,1,1,15 - 12,10,2.00,hungary
Ujpest,8 out of 17,47%,4,3,1,16 - 9,15,1.88,hungary
Kecskemeti TE,6 out of 17,35%,3,2,1,12 - 7,11,1.83,hungary
Valur,4 out of 6,67%,4,0,0,14 - 3,12,3.00,iceland
Vikingur R.,5 out of 5,100%,5,0,0,14 - 4,15,3.00,iceland
Stjarnan,4 out of 6,67%,4,0,0,10 - 4,12,3.00,iceland
Hafnarfjordur,2 out of 4,50%,2,0,0,5 - 0,6,3.00,iceland
Afturelding,2 out of 5,40%,2,0,0,4 - 0,6,3.00,iceland
IA Akranes,1 out of 4,25%,1,0,0,3 - 0,3,3.00,iceland
Vestri,2 out of 5,40%,2,0,0,3 - 0,6,3.00,iceland
KA Akureyri,2 out of 5,40%,2,0,0,4 - 2,6,3.00,iceland
IBV,1 out of 4,25%,1,0,0,3 - 1,3,3.00,iceland
Breidablik,4 out of 6,67%,3,1,0,10 - 5,10,2.50,iceland
KR Reykjavik,3 out of 5,60%,2,1,0,12 - 4,7,2.33,iceland
Fram,3 out of 5,60%,2,0,1,5 - 2,6,2.00,iceland
Keflavik,1 out of 3,33%,1,0,0,6 - 0,3,3.00,iceland2
IR Reykjavik,3 out of 3,100%,3,0,0,5 - 1,9,3.00,iceland2
HK Kopavogur,1 out of 3,33%,1,0,0,4 - 1,3,3.00,iceland2
Fylkir,1 out of 3,33%,1,0,0,2 - 0,3,3.00,iceland2
Volsungur,1 out of 2,50%,1,0,0,2 - 1,3,3.00,iceland2
Throttur R.,2 out of 3,67%,1,1,0,5 - 2,4,2.00,iceland2
Njardvik,3 out of 4,75%,1,2,0,7 - 3,5,1.67,iceland2
Thor Akureyri,2 out of 5,40%,1,0,1,5 - 4,3,1.50,iceland2
Selfoss,2 out of 3,67%,1,0,1,3 - 3,3,1.50,iceland2
Fjolnir,2 out of 3,67%,0,1,1,2 - 4,1,0.50,iceland2
Leiknir R.,0 out of 4,0%,0,0,0,0 - 0,0,0,iceland2
Grindavik,1 out of 3,33%,0,0,1,3 - 4,0,0.00,iceland2
Aeggir,3 out of 4,75%,3,0,0,9 - 2,9,3.00,iceland3
KFG,2 out of 4,50%,2,0,0,8 - 1,6,3.00,iceland3
Dalvik/Reynir,2 out of 3,67%,2,0,0,6 - 0,6,3.00,iceland3
Grotta,2 out of 3,67%,2,0,0,5 - 0,6,3.00,iceland3
Haukar,3 out of 4,75%,3,0,0,6 - 3,9,3.00,iceland3
Kormakur/Hvot,2 out of 3,67%,2,0,0,3 - 0,6,3.00,iceland3
Vidir,3 out of 4,75%,1,2,0,3 - 2,5,1.67,iceland3
V. Olafsvik,2 out of 4,50%,1,0,1,5 - 4,3,1.50,iceland3
Throttur Vogar,2 out of 3,67%,1,0,1,2 - 2,3,1.50,iceland3
KFA,3 out of 4,75%,1,1,1,11 - 5,4,1.33,iceland3
Kari,1 out of 3,33%,0,0,1,1 - 2,0,0.00,iceland3
Hottur/Huginn,1 out of 3,33%,0,0,1,1 - 3,0,0.00,iceland3
Bohemians,5 out of 9,56%,5,0,0,8 - 2,15,3.00,ireland
Sligo Rovers,1 out of 9,11%,1,0,0,2 - 1,3,3.00,ireland
St. Patricks,6 out of 9,67%,5,1,0,16 - 7,16,2.67,ireland
Shamrock Rovers,8 out of 10,80%,6,1,1,20 - 6,19,2.38,ireland
Galway Utd,4 out of 9,44%,3,0,1,6 - 4,9,2.25,ireland
Derry City,6 out of 9,67%,4,0,2,9 - 5,12,2.00,ireland
Shelbourne,4 out of 10,40%,2,2,0,7 - 4,8,2.00,ireland
Drogheda Utd,7 out of 9,78%,3,3,1,11 - 6,12,1.71,ireland
Waterford,5 out of 9,56%,2,1,2,7 - 8,7,1.40,ireland
Cork City,3 out of 9,33%,0,3,0,4 - 4,3,1.00,ireland
Bray Wanderers,6 out of 9,67%,6,0,0,17 - 5,18,3.00,ireland2
Longford Town,3 out of 8,38%,3,0,0,7 - 3,9,3.00,ireland2
Treaty Utd,6 out of 8,75%,5,0,1,18 - 5,15,2.50,ireland2
Cobh Ramblers,6 out of 9,67%,5,0,1,14 - 5,15,2.50,ireland2
Wexford,4 out of 9,44%,3,1,0,9 - 3,10,2.50,ireland2
Kerry,4 out of 8,50%,3,1,0,7 - 1,10,2.50,ireland2
Dundalk,7 out of 8,88%,4,3,0,12 - 5,15,2.14,ireland2
Finn Harps,3 out of 8,38%,2,0,1,10 - 4,6,2.00,ireland2
UC Dublin,2 out of 9,22%,1,1,0,3 - 1,4,2.00,ireland2
Athlone Town,2 out of 8,25%,1,1,0,3 - 2,4,2.00,ireland2
Kiryat Shmona,6 out of 17,35%,6,0,0,13 - 4,18,3.00,israel
Maccabi Haifa,9 out of 18,50%,8,1,0,24 - 7,25,2.78,israel
H. Jerusalem,9 out of 17,53%,8,1,0,23 - 6,25,2.78,israel
H. Beer Sheva,13 out of 18,72%,11,2,0,38 - 8,35,2.69,israel
Sakhnin,6 out of 16,38%,5,1,0,11 - 4,16,2.67,israel
M. Tel Aviv,12 out of 18,67%,9,3,0,30 - 8,30,2.50,israel
B. Jerusalem,8 out of 18,44%,6,1,1,17 - 8,19,2.38,israel
Hapoel Haifa,11 out of 18,61%,8,1,2,26 - 14,25,2.27,israel
Ironi Tiberias,8 out of 17,47%,5,2,1,12 - 7,17,2.13,israel
Maccabi Netanya,9 out of 18,50%,5,3,1,19 - 8,18,2.00,israel
M. Petah Tikva,3 out of 16,19%,2,0,1,7 - 3,6,2.00,israel
M. Bnei Raina,8 out of 17,47%,5,1,2,12 - 9,16,2.00,israel
Ashdod,5 out of 16,31%,2,2,1,10 - 9,8,1.60,israel
Hapoel Hadera,6 out of 16,38%,2,2,2,9 - 10,8,1.33,israel
AS Roma,11 out of 19,58%,11,0,0,28 - 3,33,3.00,italy
Hellas Verona,3 out of 19,16%,3,0,0,7 - 2,9,3.00,italy
Napoli,14 out of 19,74%,12,2,0,27 - 6,38,2.71,italy
Inter Milan,14 out of 19,74%,12,2,0,33 - 13,38,2.71,italy
Fiorentina,13 out of 19,68%,11,1,1,28 - 10,34,2.62,italy
Juventus,13 out of 19,68%,10,3,0,23 - 6,33,2.54,italy
Torino,7 out of 19,37%,5,2,0,10 - 3,17,2.43,italy
AC Milan,9 out of 19,47%,6,3,0,17 - 3,21,2.33,italy
Bologna,11 out of 19,58%,7,3,1,21 - 8,24,2.18,italy
Lecce,6 out of 19,32%,4,1,1,9 - 6,13,2.17,italy
Lazio,10 out of 19,53%,5,5,0,21 - 9,20,2.00,italy
Cagliari,9 out of 19,47%,5,3,1,18 - 10,18,2.00,italy
Udinese,11 out of 19,58%,7,1,3,19 - 13,22,2.00,italy
Genoa,8 out of 19,42%,5,1,2,13 - 8,16,2.00,italy
Parma,8 out of 19,42%,5,1,2,14 - 10,16,2.00,italy
Como,13 out of 19,68%,7,4,2,22 - 13,25,1.92,italy
Atalanta,10 out of 19,53%,6,1,3,26 - 14,19,1.90,italy
Empoli,5 out of 19,26%,2,3,0,7 - 5,9,1.80,italy
Venezia,9 out of 19,47%,4,3,2,14 - 11,15,1.67,italy
Monza,6 out of 19,32%,1,2,3,7 - 11,5,0.83,italy
Sassuolo,11 out of 19,58%,11,0,0,29 - 4,33,3.00,italy2
Mantova,8 out of 19,42%,8,0,0,16 - 4,24,3.00,italy2
Pisa,13 out of 19,68%,12,1,0,28 - 9,37,2.85,italy2
Juve Stabia,11 out of 19,58%,10,1,0,20 - 5,31,2.82,italy2
Carrarese,10 out of 19,53%,9,1,0,18 - 5,28,2.80,italy2
Spezia,9 out of 19,47%,8,1,0,20 - 3,25,2.78,italy2
Salernitana,8 out of 19,42%,7,1,0,17 - 6,22,2.75,italy2
Catanzaro,7 out of 19,37%,6,1,0,18 - 5,19,2.71,italy2
Modena,6 out of 19,32%,5,1,0,12 - 3,16,2.67,italy2
Cesena,10 out of 19,53%,8,1,1,21 - 11,25,2.50,italy2
Cosenza,7 out of 19,37%,5,2,0,9 - 4,17,2.43,italy2
Cremonese,9 out of 19,47%,6,3,0,18 - 7,21,2.33,italy2
Cittadella,3 out of 19,16%,2,1,0,7 - 4,7,2.33,italy2
Palermo,11 out of 19,58%,8,1,2,21 - 10,25,2.27,italy2
Bari,11 out of 19,58%,7,4,0,19 - 10,25,2.27,italy2
Reggiana,8 out of 19,42%,5,3,0,16 - 9,18,2.25,italy2
Sampdoria,10 out of 19,53%,6,2,2,12 - 8,20,2.00,italy2
Sudtirol,10 out of 19,53%,5,3,2,17 - 12,18,1.80,italy2
Brescia,8 out of 19,42%,4,2,2,15 - 10,14,1.75,italy2
Frosinone,10 out of 19,53%,4,5,1,17 - 13,17,1.70,italy2
Gamba Osaka,5 out of 9,56%,5,0,0,11 - 2,15,3.00,japan
Urawa RD,6 out of 11,55%,6,0,0,11 - 3,18,3.00,japan
Kashiwa Reysol,3 out of 9,33%,3,0,0,4 - 0,9,3.00,japan
Shonan Bellmare,3 out of 9,33%,3,0,0,5 - 2,9,3.00,japan
Kashima Antlers,8 out of 10,80%,7,0,1,15 - 5,21,2.63,japan
S. Hiroshima,5 out of 10,50%,4,1,0,6 - 2,13,2.60,japan
FC Tokyo,4 out of 9,44%,3,1,0,8 - 2,10,2.50,japan
Tokyo Verdy,4 out of 9,44%,3,1,0,6 - 2,10,2.50,japan
Vissel Kobe,5 out of 9,56%,4,0,1,9 - 6,12,2.40,japan
Shimizu S-Pulse,6 out of 9,67%,4,2,0,13 - 5,14,2.33,japan
Yokohama FC,6 out of 10,60%,4,2,0,8 - 2,14,2.33,japan
Fagiano Okayama,7 out of 10,70%,5,1,1,11 - 5,16,2.29,japan
K. Frontale,5 out of 9,56%,3,2,0,13 - 5,11,2.20,japan
Nagoya G.,6 out of 9,67%,4,1,1,12 - 6,13,2.17,japan
Cerezo Osaka,7 out of 10,70%,4,3,0,9 - 4,15,2.14,japan
Kyoto Sanga,7 out of 9,78%,4,2,1,12 - 6,14,2.00,japan
Yokohama M.,4 out of 10,40%,2,1,1,8 - 5,7,1.75,japan
Avispa Fukuoka,4 out of 10,40%,2,1,1,4 - 3,7,1.75,japan
Machida Zelvia,4 out of 9,44%,2,0,2,6 - 4,6,1.50,japan
Albirex Niigata,4 out of 9,44%,0,3,1,7 - 8,3,0.75,japan
Jubilo Iwata,6 out of 9,67%,6,0,0,10 - 3,18,3.00,japan2
JEF Utd Chiba,4 out of 9,44%,4,0,0,8 - 2,12,3.00,japan2
M. Yamagata,2 out of 7,29%,2,0,0,7 - 2,6,3.00,japan2
Fujieda MYFC,2 out of 9,22%,2,0,0,5 - 2,6,3.00,japan2
FC Imabari,1 out of 10,10%,1,0,0,4 - 1,3,3.00,japan2
C. Sapporo,1 out of 7,14%,1,0,0,1 - 0,3,3.00,japan2
Mito Hollyhock,7 out of 10,70%,6,1,0,17 - 6,19,2.71,japan2
Omiya Ardija,6 out of 10,60%,5,1,0,11 - 3,16,2.67,japan2
V-V. Nagasaki,5 out of 9,56%,4,1,0,9 - 2,13,2.60,japan2
Vegalta Sendai,5 out of 9,56%,4,1,0,9 - 3,13,2.60,japan2
Tokushima V.,5 out of 8,62%,4,1,0,6 - 1,13,2.60,japan2
Sagan Tosu,8 out of 11,73%,5,3,0,12 - 7,18,2.25,japan2
Ventforet Kofu,4 out of 8,50%,3,0,1,4 - 2,9,2.25,japan2
Iwaki,4 out of 10,40%,2,2,0,9 - 4,8,2.00,japan2
R. Kumamoto,3 out of 10,30%,2,0,1,7 - 3,6,2.00,japan2
Oita Trinita,5 out of 9,56%,3,1,1,6 - 3,10,2.00,japan2
Blaublitz Akita,3 out of 8,38%,2,0,1,4 - 3,6,2.00,japan2
Kataller Toyama,5 out of 9,56%,2,2,1,9 - 6,8,1.60,japan2
R. Yamaguchi,6 out of 9,67%,2,3,1,8 - 6,9,1.50,japan2
Ehime FC,3 out of 9,33%,0,1,2,4 - 6,1,0.33,japan2
RFS,6 out of 8,75%,6,0,0,17 - 1,18,3.00,latvia
Metta,1 out of 8,12%,1,0,0,1 - 0,3,3.00,latvia
Riga FC,6 out of 8,75%,5,1,0,13 - 1,16,2.67,latvia
Auda,6 out of 9,67%,5,1,0,11 - 1,16,2.67,latvia
Daugavpils,6 out of 8,75%,5,1,0,13 - 4,16,2.67,latvia
Liepaja,5 out of 8,62%,4,1,0,13 - 4,13,2.60,latvia
Tukums,3 out of 7,43%,2,1,0,6 - 2,7,2.33,latvia
FS Jelgava,3 out of 8,38%,2,1,0,5 - 3,7,2.33,latvia
Super Nova,4 out of 8,50%,2,2,0,10 - 3,8,2.00,latvia
Grobina,5 out of 8,62%,3,1,1,8 - 5,10,2.00,latvia
Alberts JDFS,5 out of 5,100%,5,0,0,16 - 2,15,3.00,latvia2
Ogre United,2 out of 2,100%,2,0,0,12 - 2,6,3.00,latvia2
RFS B,3 out of 6,50%,3,0,0,9 - 2,9,3.00,latvia2
Tukums B,2 out of 4,50%,2,0,0,5 - 2,6,3.00,latvia2
Augsdaugava,1 out of 3,33%,1,0,0,4 - 1,3,3.00,latvia2
Leevon PPK,1 out of 4,25%,1,0,0,4 - 2,3,3.00,latvia2
JFK Ventspils,3 out of 4,75%,2,1,0,5 - 2,7,2.33,latvia2
Marupe,4 out of 6,67%,3,0,1,6 - 2,9,2.25,latvia2
Smiltene,3 out of 5,60%,2,0,1,9 - 4,6,2.00,latvia2
Skanste,4 out of 5,80%,2,2,0,5 - 2,8,2.00,latvia2
Rezekne,2 out of 4,50%,1,1,0,2 - 1,4,2.00,latvia2
Riga Mariners,4 out of 5,80%,2,1,1,8 - 4,7,1.75,latvia2
AFA Olaine,3 out of 5,60%,0,2,1,5 - 9,2,0.67,latvia2
Riga FC B,4 out of 5,80%,0,2,2,6 - 8,2,0.50,latvia2
Panevezys,3 out of 7,43%,3,0,0,8 - 0,9,3.00,lithuania
Hegelmann L.,6 out of 7,86%,6,0,0,10 - 3,18,3.00,lithuania
Suduva,6 out of 7,86%,5,1,0,12 - 2,16,2.67,lithuania
Kauno Zalgiris,6 out of 8,75%,5,0,1,17 - 4,15,2.50,lithuania
Banga,4 out of 8,50%,3,0,1,7 - 3,9,2.25,lithuania
Zalgiris,5 out of 7,71%,3,1,1,10 - 5,10,2.00,lithuania
Siauliai,4 out of 7,57%,2,2,0,9 - 4,8,2.00,lithuania
Dziugas Telsiai,2 out of 6,33%,1,1,0,3 - 1,4,2.00,lithuania
Dainava,3 out of 7,43%,0,1,2,3 - 6,1,0.33,lithuania
Riteriai,1 out of 6,17%,0,0,1,2 - 4,0,0.00,lithuania
Tauras,6 out of 7,86%,6,0,0,17 - 2,18,3.00,lithuania2
TransINVEST,6 out of 6,100%,6,0,0,16 - 1,18,3.00,lithuania2
Zalgiris B,2 out of 5,40%,2,0,0,8 - 4,6,3.00,lithuania2
Panevezys B,2 out of 5,40%,2,0,0,6 - 2,6,3.00,lithuania2
Minija,2 out of 5,40%,2,0,0,4 - 0,6,3.00,lithuania2
Neptuna K.,5 out of 6,83%,4,1,0,12 - 2,13,2.60,lithuania2
BFA Vilnius,5 out of 6,83%,4,1,0,11 - 4,13,2.60,lithuania2
Babrungas,4 out of 5,80%,3,1,0,10 - 4,10,2.50,lithuania2
Kauno Z. B,5 out of 5,100%,4,0,1,11 - 5,12,2.40,lithuania2
Jonava,3 out of 5,60%,2,1,0,5 - 2,7,2.33,lithuania2
Siauliai B,2 out of 5,40%,1,1,0,5 - 1,4,2.00,lithuania2
Hegelmann B,2 out of 5,40%,1,1,0,3 - 2,4,2.00,lithuania2
Ekranas,2 out of 5,40%,1,0,1,5 - 3,3,1.50,lithuania2
Atmosfera,3 out of 7,43%,1,1,1,4 - 5,4,1.33,lithuania2
Nevezis,3 out of 5,60%,1,1,1,4 - 5,4,1.33,lithuania2
Be1 NFA,1 out of 6,17%,0,1,0,1 - 1,1,1.00,lithuania2
Toluca,7 out of 9,78%,7,0,0,25 - 4,21,3.00,mexico
Cruz Azul,6 out of 9,67%,6,0,0,14 - 0,18,3.00,mexico
CF America,5 out of 8,62%,5,0,0,12 - 2,15,3.00,mexico
Monterrey,5 out of 9,56%,5,0,0,15 - 6,15,3.00,mexico
Tigres,6 out of 8,75%,6,0,0,8 - 2,18,3.00,mexico
Tijuana,4 out of 9,44%,4,0,0,9 - 4,12,3.00,mexico
Queretaro,1 out of 8,12%,1,0,0,1 - 0,3,3.00,mexico
A. San Luis,5 out of 8,62%,4,1,0,10 - 2,13,2.60,mexico
Pumas UNAM,7 out of 8,88%,6,0,1,14 - 4,18,2.57,mexico
Guadalajara,4 out of 9,44%,3,1,0,10 - 1,10,2.50,mexico
Necaxa,4 out of 9,44%,3,1,0,10 - 2,10,2.50,mexico
Atlas,4 out of 8,50%,3,1,0,6 - 2,10,2.50,mexico
Puebla,4 out of 9,44%,3,1,0,6 - 3,10,2.50,mexico
Mazatlan,4 out of 8,50%,2,2,0,8 - 3,8,2.00,mexico
Pachuca,3 out of 8,38%,2,0,1,10 - 6,6,2.00,mexico
Santos Laguna,2 out of 9,22%,1,1,0,3 - 1,4,2.00,mexico
Club Leon,5 out of 9,56%,2,2,1,8 - 4,8,1.60,mexico
Juarez,4 out of 8,50%,1,1,2,5 - 6,4,1.00,mexico
Tigres,7 out of 9,78%,7,0,0,16 - 4,21,3.00,mexico2
Pachuca,4 out of 9,44%,4,0,0,9 - 3,12,3.00,mexico2
A. San Luis,4 out of 9,44%,4,0,0,8 - 3,12,3.00,mexico2
Pumas UNAM,3 out of 9,33%,3,0,0,5 - 1,9,3.00,mexico2
Queretaro,3 out of 9,33%,3,0,0,4 - 0,9,3.00,mexico2
CF America,6 out of 9,67%,5,1,0,19 - 1,16,2.67,mexico2
Toluca,6 out of 8,75%,5,1,0,14 - 5,16,2.67,mexico2
Necaxa,5 out of 8,62%,4,0,1,11 - 7,12,2.40,mexico2
Mazatlan,3 out of 9,33%,2,1,0,4 - 2,7,2.33,mexico2
Cruz Azul,5 out of 8,62%,3,2,0,8 - 3,11,2.20,mexico2
Guadalajara,5 out of 8,62%,3,2,0,6 - 3,11,2.20,mexico2
Monterrey,6 out of 8,75%,4,1,1,11 - 6,13,2.17,mexico2
Club Leon,6 out of 8,75%,4,1,1,9 - 6,13,2.17,mexico2
Juarez,7 out of 9,78%,4,3,0,11 - 6,15,2.14,mexico2
Tijuana,3 out of 8,38%,1,0,2,8 - 8,3,1.00,mexico2
Santos Laguna,3 out of 8,38%,1,0,2,5 - 5,3,1.00,mexico2
Puebla,3 out of 8,38%,1,0,2,4 - 5,3,1.00,mexico2
Atlas,2 out of 9,22%,0,1,1,4 - 5,1,0.50,mexico2
Ajax Amsterdam,11 out of 17,65%,11,0,0,27 - 3,33,3.00,netherlands
Fortuna Sittard,8 out of 17,47%,8,0,0,14 - 2,24,3.00,netherlands
FC Groningen,9 out of 17,53%,8,1,0,22 - 5,25,2.78,netherlands
PSV Eindhoven,12 out of 17,71%,10,2,0,42 - 7,32,2.67,netherlands
FC Utrecht,8 out of 17,47%,7,0,1,17 - 8,21,2.63,netherlands
Heerenveen,10 out of 17,59%,8,2,0,20 - 5,26,2.60,netherlands
Feyenoord,11 out of 17,65%,9,1,1,31 - 10,28,2.55,netherlands
Go Ahead Eagles,11 out of 17,65%,8,3,0,23 - 8,27,2.45,netherlands
AZ Alkmaar,11 out of 17,65%,8,2,1,25 - 8,26,2.36,netherlands
PEC Zwolle,9 out of 17,53%,6,3,0,17 - 6,21,2.33,netherlands
Sparta,6 out of 17,35%,4,2,0,12 - 3,14,2.33,netherlands
FC Twente,13 out of 17,76%,9,3,1,28 - 9,30,2.31,netherlands
NEC Nijmegen,9 out of 17,53%,6,2,1,23 - 7,20,2.22,netherlands
RKC Waalwijk,6 out of 17,35%,4,1,1,15 - 5,13,2.17,netherlands
NAC Breda,10 out of 17,59%,6,2,2,15 - 9,20,2.00,netherlands
Willem II,5 out of 17,29%,3,0,2,12 - 6,9,1.80,netherlands
Almere City,5 out of 17,29%,2,2,1,7 - 6,8,1.60,netherlands
Heracles Almelo,13 out of 17,76%,5,5,3,23 - 20,20,1.54,netherlands
FC Volendam,13 out of 19,68%,13,0,0,41 - 6,39,3.00,netherlands2
Excelsior,12 out of 19,63%,12,0,0,31 - 4,36,3.00,netherlands2
De Graafschap,14 out of 19,74%,13,1,0,41 - 11,40,2.86,netherlands2
Cambuur,9 out of 19,47%,8,1,0,16 - 3,25,2.78,netherlands2
TOP Oss,7 out of 19,37%,6,1,0,10 - 3,19,2.71,netherlands2
FC Dordrecht,14 out of 19,74%,11,3,0,38 - 7,36,2.57,netherlands2
Roda JC,9 out of 19,47%,7,2,0,18 - 5,23,2.56,netherlands2
Telstar,13 out of 19,68%,10,3,0,38 - 6,33,2.54,netherlands2
ADO Den Haag,15 out of 19,79%,11,3,1,29 - 14,36,2.40,netherlands2
Vitesse Arnhem,9 out of 19,47%,6,3,0,17 - 6,21,2.33,netherlands2
MVV Maastricht,10 out of 19,53%,7,1,2,27 - 9,22,2.20,netherlands2
Jong Ajax,8 out of 19,42%,5,2,1,16 - 5,17,2.13,netherlands2
FC Den Bosch,12 out of 19,63%,7,4,1,23 - 8,25,2.08,netherlands2
FC Emmen,9 out of 19,47%,5,3,1,18 - 8,18,2.00,netherlands2
VVV,9 out of 19,47%,5,2,2,18 - 13,17,1.89,netherlands2
Jong AZ,6 out of 19,32%,3,2,1,16 - 7,11,1.83,netherlands2
Helmond Sport,12 out of 19,63%,6,3,3,23 - 15,21,1.75,netherlands2
FC Eindhoven,7 out of 19,37%,4,0,3,11 - 9,12,1.71,netherlands2
Jong PSV,9 out of 19,47%,4,3,2,23 - 19,15,1.67,netherlands2
Jong Utrecht,6 out of 19,32%,2,2,2,9 - 10,8,1.33,netherlands2
Managua FC,5 out of 9,56%,5,0,0,14 - 4,15,3.00,nicaragua
Diriangen,8 out of 9,89%,7,0,1,30 - 4,21,2.63,nicaragua
Real Esteli,5 out of 9,56%,4,1,0,18 - 2,13,2.60,nicaragua
Walter Ferreti,4 out of 9,44%,3,1,0,9 - 3,10,2.50,nicaragua
UNAN Managua,4 out of 9,44%,3,1,0,9 - 3,10,2.50,nicaragua
D. Ocotal,4 out of 9,44%,3,1,0,7 - 3,10,2.50,nicaragua
Matagalpa,7 out of 9,78%,5,2,0,17 - 5,17,2.43,nicaragua
Jalapa,6 out of 9,67%,4,2,0,9 - 3,14,2.33,nicaragua
Export Sebaco,7 out of 9,78%,5,1,1,15 - 4,16,2.29,nicaragua
Rancho Santana,5 out of 9,56%,2,2,1,8 - 7,8,1.60,nicaragua
Diriangen,5 out of 9,56%,5,0,0,13 - 1,15,3.00,nicaragua2
Walter Ferreti,4 out of 9,44%,4,0,0,13 - 3,12,3.00,nicaragua2
Managua FC,8 out of 9,89%,7,0,1,15 - 3,21,2.63,nicaragua2
Jalapa,4 out of 9,44%,3,1,0,9 - 2,10,2.50,nicaragua2
D. Ocotal,4 out of 9,44%,3,1,0,9 - 4,10,2.50,nicaragua2
Real Esteli,9 out of 9,100%,7,1,1,20 - 6,22,2.44,nicaragua2
UNAN Managua,4 out of 9,44%,3,0,1,7 - 2,9,2.25,nicaragua2
Matagalpa,5 out of 9,56%,3,2,0,15 - 8,11,2.20,nicaragua2
Rancho Santana,4 out of 9,44%,2,2,0,9 - 3,8,2.00,nicaragua2
CS Sebaco,3 out of 9,33%,2,0,1,3 - 3,6,2.00,nicaragua2
Glenavon,4 out of 19,21%,4,0,0,9 - 2,12,3.00,northernireland
Portadown,10 out of 20,50%,9,1,0,16 - 3,28,2.80,northernireland
Coleraine,9 out of 19,47%,8,1,0,21 - 7,25,2.78,northernireland
Linfield,17 out of 20,85%,15,0,2,35 - 11,45,2.65,northernireland
Glentoran,9 out of 17,53%,7,2,0,13 - 4,23,2.56,northernireland
Ballymena Utd,9 out of 18,50%,7,1,1,21 - 9,22,2.44,northernireland
Crusaders,9 out of 20,45%,7,1,1,19 - 9,22,2.44,northernireland
Cliftonville,14 out of 18,78%,11,1,2,30 - 8,34,2.43,northernireland
Larne,7 out of 18,39%,5,2,0,12 - 4,17,2.43,northernireland
Dungannon,14 out of 20,70%,10,2,2,24 - 13,32,2.29,northernireland
Carrick Rangers,10 out of 20,50%,6,0,4,19 - 13,18,1.80,northernireland
Loughgall,7 out of 19,37%,3,1,3,14 - 11,10,1.43,northernireland
Sandefjord,4 out of 4,100%,4,0,0,10 - 3,12,3.00,norway
Viking,2 out of 6,33%,2,0,0,8 - 2,6,3.00,norway
Bryne,3 out of 5,60%,3,0,0,10 - 6,9,3.00,norway
Sarpsborg 08,1 out of 4,25%,1,0,0,4 - 0,3,3.00,norway
Molde,1 out of 5,20%,1,0,0,2 - 1,3,3.00,norway
HamKam,1 out of 4,25%,1,0,0,2 - 1,3,3.00,norway
Fredrikstad,5 out of 6,83%,4,1,0,10 - 2,13,2.60,norway
Brann,3 out of 7,43%,2,1,0,8 - 5,7,2.33,norway
Bodo/Glimt,4 out of 4,100%,3,0,1,12 - 4,9,2.25,norway
Rosenborg,5 out of 6,83%,3,2,0,7 - 2,11,2.20,norway
Valerenga,2 out of 4,50%,1,1,0,4 - 2,4,2.00,norway
Tromso,3 out of 5,60%,2,0,1,5 - 4,6,2.00,norway
Haugesund,0 out of 5,0%,0,0,0,0 - 0,0,0,norway
Kristiansund,0 out of 4,0%,0,0,0,0 - 0,0,0,norway
Stromsgodset,2 out of 5,40%,0,0,2,2 - 4,0,0.00,norway
KFUM Oslo,1 out of 4,25%,0,0,1,1 - 3,0,0.00,norway
Moss,4 out of 5,80%,4,0,0,10 - 3,12,3.00,norway2
Lillestrom,4 out of 4,100%,4,0,0,7 - 0,12,3.00,norway2
Odd,4 out of 5,80%,4,0,0,7 - 2,12,3.00,norway2
Stabaek,2 out of 5,40%,2,0,0,5 - 0,6,3.00,norway2
Raufoss,3 out of 5,60%,3,0,0,7 - 4,9,3.00,norway2
Hodd,2 out of 4,50%,2,0,0,5 - 2,6,3.00,norway2
Ranheim,1 out of 5,20%,1,0,0,2 - 1,3,3.00,norway2
Asane,1 out of 4,25%,1,0,0,2 - 1,3,3.00,norway2
Kongsvinger,3 out of 4,75%,2,1,0,9 - 2,7,2.33,norway2
Aalesund,3 out of 5,60%,2,1,0,7 - 3,7,2.33,norway2
Sogndal,3 out of 5,60%,2,1,0,5 - 2,7,2.33,norway2
Lyn,1 out of 5,20%,0,1,0,1 - 1,1,1.00,norway2
Mjondalen,1 out of 4,25%,0,1,0,1 - 1,1,1.00,norway2
Skeid,2 out of 4,50%,0,1,1,2 - 4,1,0.50,norway2
Start,0 out of 4,0%,0,0,0,0 - 0,0,0,norway2
Egersund,0 out of 3,0%,0,0,0,0 - 0,0,0,norway2
Olimpia,4 out of 11,36%,4,0,0,12 - 4,12,3.00,paraguay
Libertad,6 out of 11,55%,5,0,1,9 - 3,15,2.50,paraguay
S. Trinidense,7 out of 11,64%,5,2,0,10 - 4,17,2.43,paraguay
Cerro Porteno,5 out of 11,45%,4,0,1,8 - 3,12,2.40,paraguay
S. Luqueno,3 out of 11,27%,2,1,0,3 - 1,7,2.33,paraguay
Guarani,4 out of 11,36%,3,0,1,7 - 6,9,2.25,paraguay
S. Ameliano,5 out of 11,45%,3,2,0,9 - 4,11,2.20,paraguay
Nacional,7 out of 11,64%,4,3,0,10 - 3,15,2.14,paraguay
G. Caballero,4 out of 11,36%,2,2,0,6 - 2,8,2.00,paraguay
D. Recoleta,6 out of 11,55%,2,4,0,8 - 5,10,1.67,paraguay
A. Tembetary,5 out of 11,45%,2,2,1,6 - 5,8,1.60,paraguay
2 de Mayo,4 out of 11,36%,0,3,1,4 - 7,3,0.75,paraguay
S. Carapegua,3 out of 6,50%,3,0,0,7 - 0,9,3.00,paraguay3
Pastoreo,3 out of 5,60%,3,0,0,6 - 1,9,3.00,paraguay3
Independiente,3 out of 6,50%,3,0,0,5 - 0,9,3.00,paraguay3
D. Capiata,3 out of 5,60%,3,0,0,6 - 3,9,3.00,paraguay3
Tacuary,3 out of 6,50%,3,0,0,4 - 1,9,3.00,paraguay3
D. Santani,2 out of 6,33%,2,0,0,4 - 1,6,3.00,paraguay3
Resistencia,5 out of 6,83%,4,1,0,8 - 3,13,2.60,paraguay3
Guairena,4 out of 6,67%,3,1,0,7 - 2,10,2.50,paraguay3
C. River Plate,3 out of 5,60%,2,1,0,9 - 2,7,2.33,paraguay3
Encarnacion,3 out of 5,60%,2,1,0,3 - 1,7,2.33,paraguay3
San Lorenzo,4 out of 6,67%,3,0,1,7 - 3,9,2.25,paraguay3
Rubio Nu,5 out of 5,100%,3,2,0,8 - 3,11,2.20,paraguay3
12 de Junio VH,3 out of 5,60%,2,0,1,4 - 3,6,2.00,paraguay3
Sol de America,2 out of 6,33%,1,1,0,3 - 2,4,2.00,paraguay3
Guarani de Fram,4 out of 5,80%,0,4,0,7 - 7,4,1.00,paraguay3
F. de la Mora,1 out of 5,20%,0,0,1,1 - 2,0,0.00,paraguay3
Universitario,5 out of 7,71%,5,0,0,18 - 3,15,3.00,peru
D. Garcilaso,4 out of 7,57%,4,0,0,12 - 1,12,3.00,peru
Sport Huancayo,4 out of 7,57%,4,0,0,10 - 3,12,3.00,peru
Alianza A.,4 out of 6,67%,4,0,0,8 - 1,12,3.00,peru
Juan Pablo II C,3 out of 5,60%,3,0,0,7 - 2,9,3.00,peru
Cajamarca,2 out of 6,33%,2,0,0,4 - 1,6,3.00,peru
Alianza Lima,6 out of 7,86%,5,1,0,10 - 1,16,2.67,peru
Sport Boys,4 out of 7,57%,3,1,0,8 - 4,10,2.50,peru
S. Cristal,4 out of 6,67%,3,0,1,9 - 3,9,2.25,peru
Cusco,5 out of 6,83%,3,2,0,13 - 6,11,2.20,peru
Atletico Grau,5 out of 6,83%,3,2,0,10 - 5,11,2.20,peru
Cienciano,5 out of 7,71%,3,1,1,14 - 8,10,2.00,peru
Los Chankas,3 out of 7,43%,2,0,1,6 - 5,6,2.00,peru
FBC Melgar,6 out of 7,86%,3,2,1,11 - 4,11,1.83,peru
ADT,3 out of 7,43%,1,2,0,7 - 4,5,1.67,peru
Ayacucho,3 out of 6,50%,1,1,1,6 - 6,4,1.33,peru
Binacional,4 out of 6,67%,1,2,1,5 - 4,5,1.25,peru
Comerciantes U.,1 out of 6,17%,0,1,0,1 - 1,1,1.00,peru
A. Huanuco,1 out of 7,14%,0,1,0,1 - 1,1,1.00,peru
Legia Warsaw,6 out of 17,35%,6,0,0,16 - 5,18,3.00,poland
Piast Gliwice,5 out of 17,29%,5,0,0,8 - 1,15,3.00,poland
Pogon Szczecin,13 out of 17,76%,12,1,0,28 - 5,37,2.85,poland
Lech Poznan,16 out of 17,94%,15,0,1,46 - 11,45,2.81,poland
Gornik Zabrze,10 out of 17,59%,8,1,1,21 - 7,25,2.50,poland
Widzew Lodz,10 out of 17,59%,8,1,1,18 - 8,25,2.50,poland
Katowice,9 out of 17,53%,7,1,1,17 - 8,22,2.44,poland
Zaglebie Lubin,7 out of 17,41%,5,2,0,11 - 4,17,2.43,poland
Rakow C.,12 out of 17,71%,9,2,1,25 - 10,29,2.42,poland
Korona Kielce,8 out of 17,47%,6,1,1,13 - 7,19,2.38,poland
Jagiellonia,12 out of 17,71%,8,3,1,24 - 9,27,2.25,poland
Radomiak Radom,6 out of 17,35%,4,1,1,12 - 4,13,2.17,poland
Lechia Gdansk,10 out of 17,59%,6,2,2,14 - 9,20,2.00,poland
Stal Mielec,6 out of 17,35%,3,3,0,9 - 4,12,2.00,poland
Motor Lublin,8 out of 17,47%,5,1,2,16 - 12,16,2.00,poland
Puszcza Niepolo,8 out of 17,47%,4,2,2,14 - 8,14,1.75,poland
Slask Wroclaw,9 out of 17,53%,4,3,2,17 - 12,15,1.67,poland
Cracovia Krakow,5 out of 17,29%,2,1,2,8 - 8,7,1.40,poland
Wisla Plock,11 out of 17,65%,9,1,1,25 - 10,28,2.55,poland2
Stal Rzeszow,6 out of 17,35%,5,0,1,11 - 5,15,2.50,poland2
Polonia Warszaw,9 out of 17,53%,7,1,1,17 - 7,22,2.44,poland2
Arka Gdynia,12 out of 17,71%,9,2,1,26 - 9,29,2.42,poland2
Ruch Chorzow,8 out of 17,47%,6,1,1,22 - 7,19,2.38,poland2
Wisla Krakow,8 out of 17,47%,6,1,1,20 - 6,19,2.38,poland2
Tychy,9 out of 17,53%,6,3,0,18 - 6,21,2.33,poland2
T. Nieciecza,13 out of 17,76%,9,3,1,30 - 14,30,2.31,poland2
LKS Lodz,7 out of 17,41%,5,1,1,19 - 6,16,2.29,poland2
Miedz Legnica,11 out of 17,65%,8,1,2,28 - 14,25,2.27,poland2
Odra Opole,5 out of 17,29%,3,2,0,14 - 6,11,2.20,poland2
K. Kolobrzeg,5 out of 17,29%,3,2,0,7 - 3,11,2.20,poland2
Gornik Leczna,9 out of 17,53%,6,1,2,15 - 9,19,2.11,poland2
Warta Poznan,5 out of 17,29%,3,1,1,5 - 3,10,2.00,poland2
Chrobry Glogow,8 out of 17,47%,4,3,1,12 - 8,15,1.88,poland2
Znicz Pruszkow,7 out of 17,41%,4,1,2,15 - 9,13,1.86,poland2
Pogon Siedlce,7 out of 17,41%,3,3,1,11 - 8,12,1.71,poland2
Stalowa Wola,4 out of 17,24%,1,2,1,8 - 8,5,1.25,poland2
Nacional,7 out of 17,41%,7,0,0,15 - 3,21,3.00,portugal
Sporting CP,14 out of 17,82%,13,1,0,36 - 9,40,2.86,portugal
Benfica,13 out of 17,76%,12,1,0,41 - 7,37,2.85,portugal
FC Porto,13 out of 17,76%,12,1,0,33 - 4,37,2.85,portugal
Santa Clara,10 out of 17,59%,9,1,0,14 - 4,28,2.80,portugal
Guimaraes,11 out of 17,65%,9,2,0,22 - 5,29,2.64,portugal
Estrela Amadora,5 out of 17,29%,4,1,0,8 - 2,13,2.60,portugal
Famalicao,10 out of 17,59%,7,3,0,18 - 5,24,2.40,portugal
Sporting Braga,13 out of 17,76%,9,3,1,28 - 11,30,2.31,portugal
Arouca,8 out of 17,47%,5,3,0,11 - 4,18,2.25,portugal
Casa Pia,7 out of 17,41%,4,3,0,9 - 4,15,2.14,portugal
Estoril,9 out of 17,53%,6,1,2,16 - 11,19,2.11,portugal
Rio Ave,11 out of 17,65%,6,5,0,19 - 12,23,2.09,portugal
Gil Vicente,7 out of 17,41%,4,2,1,12 - 6,14,2.00,portugal
Farense,4 out of 17,24%,2,1,1,5 - 4,7,1.75,portugal
AVS,6 out of 17,35%,3,1,2,7 - 6,10,1.67,portugal
Moreirense,9 out of 17,53%,3,5,1,13 - 11,14,1.56,portugal
Boavista,2 out of 17,12%,1,0,1,2 - 2,3,1.50,portugal
Feirense,7 out of 17,41%,7,0,0,15 - 4,21,3.00,portugal2
Alverca,12 out of 17,71%,10,2,0,29 - 8,32,2.67,portugal2
Leixoes,5 out of 17,29%,4,1,0,11 - 2,13,2.60,portugal2
Vizela,8 out of 17,47%,6,2,0,16 - 4,20,2.50,portugal2
Torreense,8 out of 17,47%,6,2,0,15 - 5,20,2.50,portugal2
Mafra,5 out of 17,29%,4,0,1,9 - 4,12,2.40,portugal2
Tondela,11 out of 17,65%,8,2,1,22 - 10,26,2.36,portugal2
Chaves,7 out of 17,41%,5,1,1,15 - 4,16,2.29,portugal2
Uniao de Leiria,7 out of 17,41%,5,1,1,11 - 4,16,2.29,portugal2
Academico Viseu,12 out of 17,71%,8,3,1,21 - 11,27,2.25,portugal2
Benfica B,13 out of 17,76%,9,2,2,25 - 10,29,2.23,portugal2
Oliveirense,5 out of 17,29%,3,2,0,9 - 5,11,2.20,portugal2
Felgueiras,7 out of 17,41%,5,0,2,10 - 4,15,2.14,portugal2
Portimonense,8 out of 17,47%,5,1,2,17 - 9,16,2.00,portugal2
FC Porto B,8 out of 17,47%,4,3,1,14 - 11,15,1.88,portugal2
Penafiel,9 out of 17,53%,4,3,2,16 - 11,15,1.67,portugal2
Pacos Ferreira,6 out of 17,35%,3,1,2,10 - 8,10,1.67,portugal2
Maritimo,8 out of 17,47%,3,3,2,12 - 9,12,1.50,portugal2
Spartak Moscow,10 out of 15,67%,10,0,0,31 - 3,30,3.00,russia
Dinamo Moscow,11 out of 15,73%,11,0,0,34 - 9,33,3.00,russia
FC Krasnodar,10 out of 15,67%,10,0,0,28 - 3,30,3.00,russia
Fakel Voronezh,1 out of 15,7%,1,0,0,1 - 0,3,3.00,russia
CSKA Moscow,10 out of 15,67%,8,1,1,23 - 5,25,2.50,russia
Rubin Kazan,10 out of 15,67%,8,1,1,19 - 7,25,2.50,russia
Krylya Sovetov,4 out of 15,27%,3,1,0,10 - 2,10,2.50,russia
Zenit,9 out of 15,60%,7,1,1,20 - 5,22,2.44,russia
Lokomotiv M.,13 out of 15,87%,9,4,0,25 - 12,31,2.38,russia
Rostov,5 out of 15,33%,3,2,0,13 - 4,11,2.20,russia
Nizhny Novgorod,7 out of 15,47%,4,2,1,13 - 9,14,2.00,russia
Khimki,7 out of 15,47%,4,2,1,11 - 7,14,2.00,russia
Akron,9 out of 15,60%,5,1,3,15 - 10,16,1.78,russia
Makhachkala,7 out of 15,47%,3,3,1,14 - 7,12,1.71,russia
Orenburg,6 out of 15,40%,2,2,2,8 - 7,8,1.33,russia
Akhmat Grozny,6 out of 15,40%,2,2,2,8 - 8,8,1.33,russia
PFC Sochi,10 out of 17,59%,9,1,0,26 - 5,28,2.80,russia2
Yenisey,10 out of 17,59%,9,1,0,18 - 4,28,2.80,russia2
Baltika,8 out of 17,47%,7,1,0,17 - 2,22,2.75,russia2
Ufa,8 out of 17,47%,7,1,0,15 - 5,22,2.75,russia2
Kamaz,7 out of 17,41%,6,1,0,13 - 2,19,2.71,russia2
Chernomorets,5 out of 17,29%,4,1,0,10 - 3,13,2.60,russia2
Rodina Moskva,9 out of 17,53%,7,2,0,22 - 5,23,2.56,russia2
SKA Khabarovsk,10 out of 17,59%,8,1,1,18 - 6,25,2.50,russia2
Ural,10 out of 17,59%,8,1,1,20 - 11,25,2.50,russia2
Sokol Saratov,6 out of 17,35%,5,0,1,6 - 2,15,2.50,russia2
Rotor Volgograd,7 out of 17,41%,5,2,0,11 - 3,17,2.43,russia2
Shinnik,7 out of 17,41%,5,2,0,10 - 3,17,2.43,russia2
Torpedo Moscow,10 out of 17,59%,7,3,0,21 - 4,24,2.40,russia2
Neftekhimik,7 out of 17,41%,5,1,1,11 - 5,16,2.29,russia2
Arsenal Tula,8 out of 17,47%,5,2,1,8 - 4,17,2.13,russia2
Chayka,9 out of 17,53%,5,4,0,19 - 8,19,2.11,russia2
Tyumen,7 out of 17,41%,3,2,2,11 - 8,11,1.57,russia2
A. Vladikavkaz,2 out of 17,12%,1,0,1,3 - 2,3,1.50,russia2
Al Hilal,12 out of 17,71%,12,0,0,45 - 6,36,3.00,saudiarabia
Al Ittihad,12 out of 17,71%,11,1,0,30 - 7,34,2.83,saudiarabia
Al Quadisiya,14 out of 17,82%,12,2,0,27 - 7,38,2.71,saudiarabia
Al Ittifaq,7 out of 17,41%,6,1,0,11 - 4,19,2.71,saudiarabia
Al Riyadh,6 out of 17,35%,5,1,0,10 - 4,16,2.67,saudiarabia
Al Kholood,7 out of 17,41%,5,2,0,13 - 7,17,2.43,saudiarabia
Al Shabab,10 out of 17,59%,8,0,2,27 - 9,24,2.40,saudiarabia
Damak,8 out of 17,47%,6,1,1,14 - 8,19,2.38,saudiarabia
Al Ahli Jeddah,15 out of 17,88%,11,2,2,40 - 15,35,2.33,saudiarabia
Al Feiha,6 out of 17,35%,4,2,0,9 - 3,14,2.33,saudiarabia
Al Orubah,7 out of 17,41%,5,1,1,14 - 8,16,2.29,saudiarabia
Al Taawon,8 out of 17,47%,5,2,1,13 - 6,17,2.13,saudiarabia
Al Nassr,13 out of 17,76%,7,3,3,26 - 13,24,1.85,saudiarabia
Al Akhdoud,4 out of 17,24%,2,1,1,7 - 3,7,1.75,saudiarabia
Al Fateh,9 out of 17,53%,5,0,4,17 - 14,15,1.67,saudiarabia
Al Wahda,9 out of 17,53%,3,4,2,15 - 15,13,1.44,saudiarabia
Al Khaleej,8 out of 17,47%,3,1,4,14 - 13,10,1.25,saudiarabia
Al Raed,5 out of 17,29%,1,1,3,6 - 9,4,0.80,saudiarabia
Celtic,16 out of 19,84%,15,1,0,56 - 4,46,2.88,scotland
Rangers,14 out of 19,74%,13,1,0,39 - 4,40,2.86,scotland
St. Mirren,7 out of 20,35%,6,1,0,17 - 6,19,2.71,scotland
Kilmarnock,10 out of 19,53%,9,0,1,21 - 7,27,2.70,scotland
Hearts,9 out of 19,47%,8,0,1,20 - 6,24,2.67,scotland
Aberdeen,11 out of 19,58%,9,1,1,22 - 11,28,2.55,scotland
Hibernian,12 out of 19,63%,9,3,0,27 - 9,30,2.50,scotland
Motherwell,8 out of 18,44%,6,2,0,19 - 9,20,2.50,scotland
St. Johnstone,7 out of 19,37%,5,1,1,10 - 4,16,2.29,scotland
Dundee Utd,11 out of 19,58%,7,2,2,18 - 11,23,2.09,scotland
Ross County,7 out of 19,37%,3,2,2,11 - 10,11,1.57,scotland
Dundee FC,10 out of 19,53%,3,2,5,19 - 17,11,1.10,scotland
Raith Rovers,11 out of 18,61%,10,1,0,18 - 2,31,2.82,scotland2
Falkirk,13 out of 18,72%,12,0,1,34 - 8,36,2.77,scotland2
Airdrieonians,7 out of 18,39%,6,1,0,14 - 6,19,2.71,scotland2
Livingston,12 out of 18,67%,10,2,0,26 - 4,32,2.67,scotland2
Ayr Utd,12 out of 18,67%,10,2,0,30 - 9,32,2.67,scotland2
Dunfermline,6 out of 18,33%,5,1,0,11 - 3,16,2.67,scotland2
Partick Thistle,11 out of 18,61%,8,3,0,21 - 7,27,2.45,scotland2
Greenock Morton,9 out of 18,50%,7,1,1,17 - 6,22,2.44,scotland2
Hamilton,8 out of 18,44%,6,1,1,14 - 7,19,2.38,scotland2
Queens Park,9 out of 18,50%,5,2,2,13 - 8,17,1.89,scotland2
Queen of South,11 out of 18,61%,10,1,0,21 - 7,31,2.82,scotland3
Stenhousemuir,9 out of 18,50%,8,1,0,21 - 6,25,2.78,scotland3
Inverness,10 out of 18,56%,7,3,0,16 - 4,24,2.40,scotland3
Annan Athletic,5 out of 18,28%,4,0,1,8 - 5,12,2.40,scotland3
Arbroath,12 out of 18,67%,9,1,2,23 - 8,28,2.33,scotland3
Alloa Athletic,7 out of 18,39%,5,1,1,14 - 5,16,2.29,scotland3
Kelty Hearts,7 out of 18,39%,5,0,2,13 - 7,15,2.14,scotland3
Dumbarton,7 out of 18,39%,4,2,1,15 - 9,14,2.00,scotland3
Cove Rangers,8 out of 18,44%,4,3,1,13 - 7,15,1.88,scotland3
Montrose,10 out of 18,56%,3,6,1,18 - 14,15,1.50,scotland3
East Fife,11 out of 18,61%,11,0,0,31 - 4,33,3.00,scotland4
Clyde,9 out of 18,50%,8,1,0,23 - 6,25,2.78,scotland4
Peterhead,15 out of 18,83%,13,2,0,29 - 9,41,2.73,scotland4
Spartans,11 out of 18,61%,10,0,1,22 - 8,30,2.73,scotland4
Elgin City,12 out of 18,67%,10,0,2,29 - 11,30,2.50,scotland4
Edinburgh City,12 out of 18,67%,10,0,2,29 - 12,30,2.50,scotland4
Forfar Athletic,3 out of 18,17%,2,1,0,8 - 3,7,2.33,scotland4
Bonnyrigg Rose,10 out of 18,56%,7,2,1,21 - 11,23,2.30,scotland4
Stirling Albion,8 out of 18,44%,6,0,2,16 - 8,18,2.25,scotland4
Stranraer,8 out of 18,44%,5,1,2,14 - 7,16,2.00,scotland4
Red Star,15 out of 19,79%,14,1,0,53 - 10,43,2.87,serbia
S. Subotica,7 out of 18,39%,6,1,0,9 - 2,19,2.71,serbia
Jedinstvo U.,6 out of 18,33%,5,1,0,13 - 3,16,2.67,serbia
Radnicki 1923,12 out of 19,63%,10,1,1,29 - 7,31,2.58,serbia
Novi Pazar,8 out of 18,44%,6,1,1,21 - 12,19,2.38,serbia
Partizan,13 out of 19,68%,9,3,1,33 - 15,30,2.31,serbia
Napredak,10 out of 19,53%,7,2,1,15 - 9,23,2.30,serbia
IMT N. Beograd,7 out of 19,37%,5,1,1,16 - 5,16,2.29,serbia
OFK Beograd,9 out of 19,47%,6,2,1,18 - 8,20,2.22,serbia
Vojvodina,6 out of 18,33%,4,1,1,15 - 11,13,2.17,serbia
Mladost Lucani,8 out of 18,44%,5,2,1,14 - 6,17,2.13,serbia
Z. Pancevo,9 out of 19,47%,5,3,1,20 - 7,18,2.00,serbia
Backa Topola,9 out of 18,50%,6,0,3,18 - 10,18,2.00,serbia
Radnicki Nis,11 out of 18,61%,6,4,1,19 - 13,22,2.00,serbia
T. Odzaci,8 out of 18,44%,5,1,2,13 - 8,16,2.00,serbia
Cukaricki,8 out of 19,42%,4,3,1,15 - 7,15,1.88,serbia
Zilina,6 out of 16,38%,6,0,0,15 - 5,18,3.00,slovakia
Skalica,7 out of 16,44%,7,0,0,11 - 1,21,3.00,slovakia
S. Bratislava,8 out of 16,50%,7,1,0,19 - 5,22,2.75,slovakia
DAC Streda,8 out of 16,50%,7,0,1,18 - 6,21,2.63,slovakia
Ruzomberok,9 out of 16,56%,7,1,1,12 - 6,22,2.44,slovakia
Trencin,8 out of 16,50%,5,2,1,13 - 7,17,2.13,slovakia
Podbrezova,8 out of 16,50%,5,1,2,21 - 10,16,2.00,slovakia
Spartak Trnava,7 out of 16,44%,4,2,1,12 - 8,14,2.00,slovakia
Z. Michalovce,9 out of 16,56%,5,2,2,19 - 17,17,1.89,slovakia
FC Kosice,8 out of 16,50%,4,2,2,17 - 10,14,1.75,slovakia
Banska Bystrica,8 out of 16,50%,4,1,3,17 - 12,13,1.63,slovakia
Komarno,9 out of 16,56%,4,2,3,13 - 10,14,1.56,slovakia
Mamelodi S.,14 out of 14,100%,14,0,0,40 - 3,42,3.00,southafrica
Chippa Utd,6 out of 14,43%,6,0,0,11 - 2,18,3.00,southafrica
Richards Bay,4 out of 14,29%,4,0,0,6 - 0,12,3.00,southafrica
TS Galaxy,7 out of 14,50%,6,1,0,11 - 2,19,2.71,southafrica
Polokwane,6 out of 14,43%,5,1,0,9 - 2,16,2.67,southafrica
Orlando Pirates,10 out of 14,71%,8,2,0,24 - 5,26,2.60,southafrica
SuperSport Utd,5 out of 14,36%,4,1,0,6 - 1,13,2.60,southafrica
Cape Town City,5 out of 14,36%,4,1,0,5 - 1,13,2.60,southafrica
AmaZulu,8 out of 14,57%,6,2,0,14 - 3,20,2.50,southafrica
Sekhukhune,8 out of 14,57%,6,2,0,11 - 2,20,2.50,southafrica
Stellenbosch,8 out of 14,57%,6,2,0,12 - 4,20,2.50,southafrica
Golden Arrows,6 out of 14,43%,4,2,0,12 - 7,14,2.33,southafrica
Magesi,10 out of 14,71%,6,2,2,13 - 10,20,2.00,southafrica
Marumo G.,7 out of 14,50%,3,2,2,8 - 7,11,1.57,southafrica
Kaizer Chiefs,9 out of 14,64%,4,2,3,11 - 10,14,1.56,southafrica
Royal AM,0 out of 0,-,0,0,0,0 - 0,0,0,southafrica
Ulsan,3 out of 9,33%,3,0,0,6 - 0,9,3.00,southkorea
Daegu,2 out of 9,22%,2,0,0,6 - 2,6,3.00,southkorea
Pohang Steelers,3 out of 9,33%,3,0,0,4 - 0,9,3.00,southkorea
Gangwon,1 out of 8,12%,1,0,0,1 - 0,3,3.00,southkorea
Daejeon Citizen,5 out of 9,56%,4,0,1,7 - 5,12,2.40,southkorea
Seoul,3 out of 8,38%,2,1,0,6 - 4,7,2.33,southkorea
Jeju Utd,4 out of 8,50%,3,0,1,7 - 3,9,2.25,southkorea
Suwon City,5 out of 8,62%,3,2,0,10 - 5,11,2.20,southkorea
Gimcheon Sangmu,5 out of 8,62%,3,2,0,7 - 2,11,2.20,southkorea
Jeonbuk Motors,4 out of 9,44%,2,2,0,8 - 4,8,2.00,southkorea
Anyang,5 out of 10,50%,3,1,1,9 - 6,10,2.00,southkorea
Gwangju,5 out of 9,56%,3,1,1,7 - 5,10,2.00,southkorea
Incheon Utd,7 out of 9,78%,7,0,0,14 - 0,21,3.00,southkorea2
Suwon Bluewings,4 out of 8,50%,4,0,0,12 - 3,12,3.00,southkorea2
Asan,3 out of 7,43%,3,0,0,8 - 1,9,3.00,southkorea2
Gyeongnam,2 out of 8,25%,2,0,0,6 - 1,6,3.00,southkorea2
Ansan Greeners,2 out of 8,25%,2,0,0,2 - 0,6,3.00,southkorea2
Hwaseong,1 out of 7,14%,1,0,0,2 - 1,3,3.00,southkorea2
Jeonnam,4 out of 4,100%,3,1,0,10 - 5,10,2.50,southkorea2
Bucheon FC,4 out of 7,57%,3,1,0,9 - 4,10,2.50,southkorea2
Seoul E-Land,7 out of 9,78%,5,2,0,16 - 8,17,2.43,southkorea2
Seongnam,3 out of 8,38%,2,0,1,4 - 2,6,2.00,southkorea2
Gimpo,3 out of 8,38%,2,0,1,4 - 3,6,2.00,southkorea2
Busan IPark,3 out of 9,33%,2,0,1,5 - 5,6,2.00,southkorea2
Cheonan City,3 out of 8,38%,1,1,1,5 - 5,4,1.33,southkorea2
Cheongju,2 out of 5,40%,0,1,1,4 - 5,1,0.50,southkorea2
Real Madrid,13 out of 19,68%,13,0,0,33 - 9,39,3.00,spain
Atletico Madrid,12 out of 19,63%,11,0,1,30 - 8,33,2.75,spain
FC Barcelona,15 out of 19,79%,13,1,1,45 - 11,40,2.67,spain
Athletic Bilbao,12 out of 19,63%,10,2,0,27 - 6,32,2.67,spain
Real Sociedad,9 out of 19,47%,8,0,1,18 - 6,24,2.67,spain
Girona,9 out of 19,47%,7,1,1,23 - 10,22,2.44,spain
Celta Vigo,9 out of 19,47%,7,1,1,17 - 6,22,2.44,spain
Osasuna,13 out of 19,68%,10,1,2,24 - 13,31,2.38,spain
Las Palmas,6 out of 19,32%,4,2,0,7 - 3,14,2.33,spain
Alaves,9 out of 19,47%,6,2,1,12 - 6,20,2.22,spain
Sevilla FC,9 out of 19,47%,6,2,1,10 - 5,20,2.22,spain
Leganes,10 out of 19,53%,7,1,2,21 - 14,22,2.20,spain
Valencia,13 out of 19,68%,9,1,3,23 - 12,28,2.15,spain
Villarreal,14 out of 19,74%,8,5,1,36 - 16,29,2.07,spain
Espanyol,13 out of 19,68%,7,4,2,20 - 13,25,1.92,spain
Real Betis,14 out of 19,74%,7,5,2,23 - 12,26,1.86,spain
Mallorca,6 out of 19,32%,3,2,1,8 - 5,11,1.83,spain
Getafe,6 out of 19,32%,3,1,2,8 - 6,10,1.67,spain
Valladolid,6 out of 19,32%,3,1,2,6 - 5,10,1.67,spain
Rayo Vallecano,12 out of 19,63%,4,6,2,16 - 14,18,1.50,spain
Racing Ferrol,3 out of 21,14%,3,0,0,3 - 0,9,3.00,spain2
Levante,11 out of 21,52%,10,1,0,28 - 10,31,2.82,spain2
Almeria,14 out of 21,67%,12,2,0,33 - 8,38,2.71,spain2
Mirandes,14 out of 21,67%,12,2,0,27 - 8,38,2.71,spain2
Real Oviedo,15 out of 21,71%,13,1,1,27 - 10,40,2.67,spain2
Castellon,9 out of 21,43%,8,0,1,23 - 9,24,2.67,spain2
Deportivo,6 out of 21,29%,5,1,0,12 - 3,16,2.67,spain2
Cadiz,10 out of 21,48%,8,2,0,22 - 6,26,2.60,spain2
Elche,16 out of 21,76%,13,2,1,32 - 9,41,2.56,spain2
Albacete,14 out of 21,67%,11,2,1,30 - 16,35,2.50,spain2
Malaga,10 out of 21,48%,8,1,1,13 - 3,25,2.50,spain2
Tenerife,8 out of 21,38%,6,1,1,15 - 6,19,2.38,spain2
Sporting Gijon,11 out of 21,52%,8,2,1,20 - 9,26,2.36,spain2
Racing,12 out of 21,57%,8,4,0,24 - 7,28,2.33,spain2
Eibar,16 out of 21,76%,11,4,1,24 - 12,37,2.31,spain2
Granada,14 out of 21,67%,9,4,1,30 - 13,31,2.21,spain2
Burgos,10 out of 21,48%,7,1,2,14 - 8,22,2.20,spain2
Cordoba,12 out of 21,57%,8,2,2,28 - 12,26,2.17,spain2
Huesca,13 out of 21,62%,8,4,1,26 - 14,28,2.15,spain2
Real Zaragoza,10 out of 21,48%,6,2,2,16 - 11,20,2.00,spain2
Cartagena,7 out of 21,33%,4,1,2,9 - 7,13,1.86,spain2
Eldense,12 out of 21,57%,6,2,4,19 - 16,20,1.67,spain2
Elfsborg,5 out of 7,71%,5,0,0,16 - 6,15,3.00,sweden
Mjallby,5 out of 6,83%,5,0,0,11 - 2,15,3.00,sweden
Malmo FF,4 out of 7,57%,4,0,0,10 - 1,12,3.00,sweden
Hammarby,4 out of 7,57%,4,0,0,9 - 0,12,3.00,sweden
Sirius,2 out of 6,33%,2,0,0,5 - 1,6,3.00,sweden
AIK,1 out of 5,20%,1,0,0,2 - 0,3,3.00,sweden
IFK Goteborg,2 out of 6,33%,2,0,0,2 - 0,6,3.00,sweden
Brommapojkarna,1 out of 6,17%,1,0,0,3 - 2,3,3.00,sweden
Hacken,3 out of 6,50%,2,1,0,5 - 1,7,2.33,sweden
Halmstad,4 out of 7,57%,3,0,1,7 - 5,9,2.25,sweden
Norrkoping,3 out of 7,43%,2,0,1,9 - 6,6,2.00,sweden
GAIS,2 out of 5,40%,1,1,0,3 - 1,4,2.00,sweden
Oster,2 out of 5,40%,1,1,0,3 - 1,4,2.00,sweden
Degerfors,2 out of 6,33%,1,1,0,2 - 1,4,2.00,sweden
Djurgarden,3 out of 6,50%,1,1,1,3 - 4,4,1.33,sweden
Varnamo,2 out of 6,33%,0,1,1,2 - 3,1,0.50,sweden
Orgryte,5 out of 7,71%,5,0,0,16 - 2,15,3.00,sweden2
Varberg BoIS,4 out of 5,80%,4,0,0,11 - 3,12,3.00,sweden2
Kalmar,4 out of 4,100%,4,0,0,7 - 0,12,3.00,sweden2
Trelleborg,1 out of 5,20%,1,0,0,5 - 0,3,3.00,sweden2
Sandviken,3 out of 6,50%,3,0,0,6 - 2,9,3.00,sweden2
Helsingborg,2 out of 6,33%,2,0,0,3 - 0,6,3.00,sweden2
Vasteras,2 out of 5,40%,2,0,0,2 - 0,6,3.00,sweden2
Falkenberg,3 out of 5,60%,2,1,0,8 - 3,7,2.33,sweden2
Utsikten,2 out of 6,33%,1,1,0,6 - 3,4,2.00,sweden2
Landskrona,2 out of 6,33%,1,1,0,3 - 2,4,2.00,sweden2
Ostersunds,3 out of 5,60%,1,2,0,8 - 6,5,1.67,sweden2
Oddevold,2 out of 6,33%,1,0,1,2 - 5,3,1.50,sweden2
GIF Sundsvall,3 out of 6,50%,1,1,1,5 - 4,4,1.33,sweden2
Orebro,2 out of 5,40%,0,1,1,4 - 5,1,0.50,sweden2
Umea,0 out of 6,0%,0,0,0,0 - 0,0,0,sweden2
Brage,0 out of 5,0%,0,0,0,0 - 0,0,0,sweden2
Luzern,9 out of 19,47%,8,1,0,20 - 3,25,2.78,switzerland
FC Basel,12 out of 19,63%,10,2,0,33 - 5,32,2.67,switzerland
Winterthur,9 out of 19,47%,8,0,1,15 - 3,24,2.67,switzerland
BSC Young Boys,12 out of 19,63%,10,1,1,29 - 10,31,2.58,switzerland
Lausanne Sport,13 out of 20,65%,10,2,1,29 - 10,32,2.46,switzerland
FC Zurich,8 out of 19,42%,6,1,1,15 - 6,19,2.38,switzerland
Servette,12 out of 19,63%,8,4,0,28 - 13,28,2.33,switzerland
Yverdon,9 out of 19,47%,6,3,0,17 - 8,21,2.33,switzerland
Sion,12 out of 19,63%,8,3,1,28 - 15,27,2.25,switzerland
St. Gallen,12 out of 18,67%,7,3,2,23 - 14,24,2.00,switzerland
Grasshopper,10 out of 19,53%,5,4,1,20 - 9,19,1.90,switzerland
Lugano,8 out of 19,42%,4,2,2,14 - 11,14,1.75,switzerland
Buriram Utd,11 out of 15,73%,11,0,0,50 - 1,33,3.00,thailand
Muang Thong Utd,8 out of 15,53%,8,0,0,18 - 3,24,3.00,thailand
Bangkok Utd,11 out of 15,73%,10,1,0,28 - 9,31,2.82,thailand
Chiangrai Utd,10 out of 15,67%,9,1,0,17 - 3,28,2.80,thailand
Pathum Utd,12 out of 15,80%,10,2,0,23 - 8,32,2.67,thailand
Port FC,6 out of 15,40%,5,1,0,18 - 5,16,2.67,thailand
Ratchaburi,10 out of 15,67%,8,1,1,25 - 8,25,2.50,thailand
Uthai Thani,8 out of 15,53%,6,2,0,19 - 5,20,2.50,thailand
Sukhothai,10 out of 15,67%,8,0,2,23 - 12,24,2.40,thailand
Lamphun Warrior,10 out of 15,67%,7,2,1,20 - 10,23,2.30,thailand
Prachuap,12 out of 15,80%,8,2,2,27 - 10,26,2.17,thailand
N. Ratchasima,7 out of 15,47%,4,2,1,13 - 11,14,2.00,thailand
Rayong,7 out of 15,47%,4,1,2,17 - 11,13,1.86,thailand
N. Bua Pitchaya,8 out of 15,53%,4,2,2,19 - 12,14,1.75,thailand
Nakhon Pathom,8 out of 15,53%,3,2,3,12 - 14,11,1.38,thailand
Khon Kaen Utd,3 out of 15,20%,1,1,1,5 - 6,4,1.33,thailand
Fenerbahce,10 out of 18,56%,10,0,0,26 - 5,30,3.00,turkey
Antalyaspor,6 out of 18,33%,6,0,0,11 - 4,18,3.00,turkey
Galatasaray,14 out of 18,78%,13,1,0,39 - 12,40,2.86,turkey
Trabzonspor,11 out of 18,61%,10,1,0,30 - 8,31,2.82,turkey
Goztepe,12 out of 18,67%,10,2,0,31 - 8,32,2.67,turkey
Kayserispor,9 out of 18,50%,8,0,1,20 - 6,24,2.67,turkey
Basaksehir,8 out of 18,44%,7,0,1,21 - 6,21,2.63,turkey
Samsunspor,11 out of 18,61%,9,1,1,24 - 8,28,2.55,turkey
Rizespor,11 out of 18,61%,8,3,0,28 - 12,27,2.45,turkey
Gaziantep,8 out of 18,44%,6,1,1,14 - 6,19,2.38,turkey
Bodrumspor,7 out of 18,39%,5,1,1,12 - 5,16,2.29,turkey
Eyupspor,13 out of 18,72%,9,2,2,27 - 11,29,2.23,turkey
Besiktas,11 out of 18,61%,8,0,3,21 - 13,24,2.18,turkey
Konyaspor,11 out of 18,61%,7,3,1,19 - 12,24,2.18,turkey
Sivasspor,7 out of 18,39%,4,2,1,19 - 10,14,2.00,turkey
Alanyaspor,10 out of 18,56%,6,2,2,18 - 11,20,2.00,turkey
Kasimpasa,9 out of 18,50%,4,4,1,17 - 14,16,1.78,turkey
Hatayspor,8 out of 18,44%,2,4,2,11 - 12,10,1.25,turkey
Adana Demirspor,6 out of 18,33%,1,2,3,11 - 16,5,0.83,turkey
Nacional,3 out of 8,38%,3,0,0,9 - 1,9,3.00,uruguay
Juventud,5 out of 7,71%,5,0,0,9 - 2,15,3.00,uruguay
Defensor S.,3 out of 8,38%,3,0,0,6 - 0,9,3.00,uruguay
River Plate,2 out of 7,29%,2,0,0,2 - 0,6,3.00,uruguay
Liverpool M.,2 out of 7,29%,2,0,0,2 - 0,6,3.00,uruguay
Cerro Largo,4 out of 8,50%,3,1,0,8 - 3,10,2.50,uruguay
Penarol,3 out of 7,43%,2,1,0,6 - 3,7,2.33,uruguay
Boston River,4 out of 8,50%,3,0,1,6 - 3,9,2.25,uruguay
Miramar Misione,4 out of 8,50%,2,2,0,6 - 2,8,2.00,uruguay
Racing CM,4 out of 7,57%,2,2,0,6 - 3,8,2.00,uruguay
Plaza Colonia,3 out of 7,43%,2,0,1,4 - 2,6,2.00,uruguay
Wanderers,2 out of 8,25%,1,0,1,4 - 2,3,1.50,uruguay
Montevideo City,3 out of 7,43%,1,1,1,4 - 5,4,1.33,uruguay
Cerro,2 out of 7,29%,0,2,0,2 - 2,2,1.00,uruguay
Progreso,1 out of 8,12%,0,1,0,2 - 2,1,1.00,uruguay
Danubio,1 out of 8,12%,0,1,0,1 - 1,1,1.00,uruguay
New York RB,6 out of 9,67%,6,0,0,18 - 3,18,3.00,usa
Vancouver,6 out of 9,67%,6,0,0,16 - 3,18,3.00,usa
San Diego,5 out of 10,50%,5,0,0,15 - 2,15,3.00,usa
Charlotte,4 out of 8,50%,4,0,0,11 - 1,12,3.00,usa
Los Angeles FC,5 out of 8,62%,5,0,0,10 - 1,15,3.00,usa
New York City,4 out of 9,44%,4,0,0,6 - 1,12,3.00,usa
Columbus Crew,3 out of 9,33%,3,0,0,8 - 4,9,3.00,usa
New England,2 out of 5,40%,2,0,0,4 - 1,6,3.00,usa
Sporting KC,2 out of 7,29%,2,0,0,3 - 0,6,3.00,usa
Inter Miami,6 out of 9,67%,5,1,0,18 - 7,16,2.67,usa
Cincinnati,6 out of 8,75%,5,1,0,11 - 5,16,2.67,usa
Seattle,5 out of 8,62%,4,1,0,12 - 4,13,2.60,usa
Colorado Rapids,5 out of 9,56%,4,1,0,10 - 5,13,2.60,usa
SJ Earthquakes,4 out of 9,44%,3,1,0,15 - 3,10,2.50,usa
Austin,4 out of 9,44%,3,1,0,5 - 2,10,2.50,usa
Philadelphia,6 out of 9,67%,4,2,0,16 - 6,14,2.33,usa
Minnesota Utd,6 out of 8,75%,4,2,0,13 - 4,14,2.33,usa
Orlando City,7 out of 9,78%,5,1,1,20 - 11,16,2.29,usa
Portland,5 out of 9,56%,3,2,0,9 - 5,11,2.20,usa
Nashville SC,6 out of 10,60%,4,1,1,17 - 7,13,2.17,usa
Chicago Fire,2 out of 6,33%,1,1,0,3 - 2,4,2.00,usa
St. Louis City,4 out of 8,50%,2,1,1,6 - 5,7,1.75,usa
Houston Dynamo,6 out of 9,67%,3,1,2,9 - 7,10,1.67,usa
Atlanta Utd,5 out of 10,50%,2,2,1,10 - 8,8,1.60,usa
Real Salt Lake,4 out of 7,57%,2,0,2,7 - 6,6,1.50,usa
LA Galaxy,3 out of 8,38%,1,1,1,5 - 4,4,1.33,usa
Toronto,3 out of 10,30%,1,0,2,4 - 4,3,1.00,usa
CF Montreal,2 out of 7,29%,0,2,0,3 - 3,2,1.00,usa
DC United,2 out of 10,20%,0,1,1,3 - 4,1,0.50,usa
Dallas,1 out of 7,14%,0,0,1,1 - 3,0,0.00,usa
Louisville City,4 out of 5,80%,4,0,0,8 - 1,12,3.00,usa2
Charleston,3 out of 6,50%,3,0,0,8 - 1,9,3.00,usa2
Loudoun Utd,3 out of 5,60%,3,0,0,6 - 1,9,3.00,usa2
Pittsburgh,3 out of 4,75%,3,0,0,5 - 0,9,3.00,usa2
Oakland Roots,1 out of 7,14%,1,0,0,2 - 0,3,3.00,usa2
FC Tulsa,2 out of 5,40%,2,0,0,2 - 0,6,3.00,usa2
Hartford A.,1 out of 5,20%,1,0,0,1 - 0,3,3.00,usa2
Orange County,5 out of 7,71%,4,1,0,13 - 7,13,2.60,usa2
El Paso,4 out of 5,80%,3,1,0,12 - 6,10,2.50,usa2
New Mexico,4 out of 5,80%,3,1,0,4 - 1,10,2.50,usa2
Monterey Bay,3 out of 6,50%,2,1,0,6 - 3,7,2.33,usa2
Las Vegas L.,4 out of 8,50%,3,0,1,4 - 2,9,2.25,usa2
San Antonio,5 out of 8,62%,3,1,1,8 - 3,10,2.00,usa2
North Carolina,5 out of 5,100%,3,1,1,9 - 6,10,2.00,usa2
Phoenix Rising,3 out of 6,50%,2,0,1,7 - 4,6,2.00,usa2
Sacramento R.,3 out of 6,50%,1,2,0,8 - 3,5,1.67,usa2
Miami FC,4 out of 7,57%,2,0,2,6 - 6,6,1.50,usa2
Lexington,3 out of 7,43%,1,1,1,5 - 4,4,1.33,usa2
Detroit City,3 out of 4,75%,1,1,1,5 - 5,4,1.33,usa2
Colorado S.,3 out of 4,75%,1,1,1,3 - 3,4,1.33,usa2
Indy Eleven,3 out of 5,60%,0,2,1,8 - 9,2,0.67,usa2
Tampa Bay,2 out of 5,40%,0,1,1,3 - 4,1,0.50,usa2
Rhode Island,0 out of 4,0%,0,0,0,0 - 0,0,0,usa2
Birmingham L.,1 out of 6,17%,0,0,1,1 - 3,0,0.00,usa2
Naples,3 out of 6,50%,3,0,0,7 - 2,9,3.00,usa3
Greenville,2 out of 7,29%,2,0,0,4 - 0,6,3.00,usa3
Tormenta,2 out of 7,29%,2,0,0,4 - 1,6,3.00,usa3
Alta,1 out of 6,17%,1,0,0,2 - 0,3,3.00,usa3
Portland Hearts,1 out of 2,50%,1,0,0,2 - 1,3,3.00,usa3
Chattanooga RW,1 out of 5,20%,1,0,0,1 - 0,3,3.00,usa3
Charlotte I.,4 out of 5,80%,3,1,0,8 - 4,10,2.50,usa3
Spokane V.,3 out of 6,50%,2,1,0,7 - 3,7,2.33,usa3
Texoma,4 out of 6,67%,2,0,2,7 - 8,6,1.50,usa3
Richmond K.,4 out of 6,67%,1,2,1,9 - 9,5,1.25,usa3
One Knoxville,1 out of 1,100%,0,1,0,1 - 1,1,1.00,usa3
Forward Madison,1 out of 4,25%,0,1,0,1 - 1,1,1.00,usa3
Westchester SC,4 out of 4,100%,0,3,1,6 - 7,3,0.75,usa3
Union Omaha,0 out of 1,0%,0,0,0,0 - 0,0,0,usa3
