Team_Away,Matches,Perc.,W,D,L,Goals,Pts,PPG,League
Tigre,3 out of 8,38%,3,0,0,8 - 2,9,3.00,argentina
Huracan,3 out of 8,38%,3,0,0,5 - 1,9,3.00,argentina
San Lorenzo,3 out of 8,38%,3,0,0,4 - 0,9,3.00,argentina
I. Rivadavia,2 out of 8,25%,2,0,0,4 - 0,6,3.00,argentina
Newells,2 out of 8,25%,2,0,0,4 - 1,6,3.00,argentina
Barracas C.,2 out of 8,25%,2,0,0,4 - 1,6,3.00,argentina
Lanus,1 out of 8,12%,1,0,0,1 - 0,3,3.00,argentina
Gimnasia,1 out of 8,12%,1,0,0,1 - 0,3,3.00,argentina
Banfield,1 out of 8,12%,1,0,0,1 - 0,3,3.00,argentina
Rosario Central,4 out of 9,44%,3,1,0,8 - 3,10,2.50,argentina
Aldosivi,3 out of 8,38%,2,1,0,8 - 3,7,2.33,argentina
River Plate,3 out of 7,43%,2,1,0,6 - 1,7,2.33,argentina
Godoy Cruz,3 out of 8,38%,2,1,0,5 - 2,7,2.33,argentina
Argentinos Jrs,3 out of 7,43%,2,1,0,5 - 3,7,2.33,argentina
Defensa y J.,5 out of 9,56%,3,2,0,9 - 2,11,2.20,argentina
Boca Juniors,5 out of 8,62%,3,2,0,9 - 3,11,2.20,argentina
D. Riestra,5 out of 8,62%,3,1,1,8 - 3,10,2.00,argentina
Platense,5 out of 8,62%,3,1,1,6 - 3,10,2.00,argentina
A. Tucuman,2 out of 8,25%,1,1,0,2 - 1,4,2.00,argentina
Sarmiento,2 out of 8,25%,1,1,0,2 - 1,4,2.00,argentina
Racing Club,4 out of 9,44%,2,1,1,5 - 3,7,1.75,argentina
Estudiantes,3 out of 9,33%,1,2,0,6 - 4,5,1.67,argentina
Independiente,3 out of 8,38%,1,2,0,4 - 3,5,1.67,argentina
Velez Sarsfield,2 out of 8,25%,1,0,1,2 - 2,3,1.50,argentina
Belgrano,3 out of 8,38%,1,1,1,3 - 4,4,1.33,argentina
T. de Cordoba,4 out of 8,50%,1,2,1,4 - 4,5,1.25,argentina
SM San Juan,1 out of 7,14%,0,1,0,1 - 1,1,1.00,argentina
Union Santa Fe,1 out of 7,14%,0,0,1,1 - 2,0,0.00,argentina
Central Cordoba,2 out of 7,29%,0,0,2,3 - 5,0,0.00,argentina
Instituto,1 out of 9,11%,0,0,1,1 - 4,0,0.00,argentina
Chacarita J.,4 out of 9,44%,4,0,0,8 - 0,12,3.00,argentina3
Atletico Mitre,3 out of 8,38%,3,0,0,6 - 1,9,3.00,argentina3
D. de Belgrano,3 out of 9,33%,3,0,0,6 - 1,9,3.00,argentina3
Chaco For Ever,2 out of 8,25%,2,0,0,5 - 0,6,3.00,argentina3
G. Mendoza,3 out of 8,38%,3,0,0,5 - 0,9,3.00,argentina3
Temperley,2 out of 9,22%,2,0,0,4 - 0,6,3.00,argentina3
Tristan Suarez,2 out of 9,22%,2,0,0,3 - 0,6,3.00,argentina3
Racing Cordoba,2 out of 8,25%,2,0,0,3 - 1,6,3.00,argentina3
Atlanta,2 out of 8,25%,2,0,0,2 - 0,6,3.00,argentina3
Defensores U.,1 out of 9,11%,1,0,0,1 - 0,3,3.00,argentina3
Gimnasia y Tiro,1 out of 9,11%,1,0,0,1 - 0,3,3.00,argentina3
Quilmes,1 out of 8,12%,1,0,0,1 - 0,3,3.00,argentina3
San Miguel,1 out of 8,12%,1,0,0,1 - 0,3,3.00,argentina3
Ferro Carril,1 out of 8,12%,1,0,0,1 - 0,3,3.00,argentina3
Gimnasia Jujuy,5 out of 8,62%,4,1,0,8 - 2,13,2.60,argentina3
SM Tucuman,5 out of 9,56%,4,1,0,6 - 1,13,2.60,argentina3
E. Rio Cuarto,4 out of 9,44%,3,1,0,7 - 1,10,2.50,argentina3
San Telmo,4 out of 9,44%,3,1,0,6 - 2,10,2.50,argentina3
CA Estudiantes,5 out of 9,56%,3,2,0,5 - 2,11,2.20,argentina3
Deportivo Moron,4 out of 9,44%,2,2,0,5 - 3,8,2.00,argentina3
Deportivo Maipu,4 out of 9,44%,2,2,0,4 - 2,8,2.00,argentina3
D. Madryn,2 out of 9,22%,1,1,0,3 - 1,4,2.00,argentina3
Colon Santa Fe,3 out of 8,38%,2,0,1,4 - 3,6,2.00,argentina3
Los Andes,2 out of 8,25%,1,1,0,2 - 1,4,2.00,argentina3
Almirante Brown,3 out of 8,38%,2,0,1,5 - 6,6,2.00,argentina3
Arsenal Sarandi,3 out of 8,38%,1,2,0,4 - 2,5,1.67,argentina3
Patronato,5 out of 9,56%,2,2,1,7 - 5,8,1.60,argentina3
Nueva Chicago,2 out of 8,25%,1,0,1,2 - 2,3,1.50,argentina3
Colegiales,2 out of 8,25%,1,0,1,2 - 3,3,1.50,argentina3
CA Guemes,2 out of 9,22%,0,2,0,2 - 2,2,1.00,argentina3
Central Norte,1 out of 8,12%,0,1,0,1 - 1,1,1.00,argentina3
Alvarado,1 out of 9,11%,0,1,0,1 - 1,1,1.00,argentina3
Almagro,6 out of 8,75%,1,3,2,7 - 9,6,1.00,argentina3
Agropecuario,3 out of 8,38%,0,2,1,5 - 6,2,0.67,argentina3
All Boys,3 out of 9,33%,0,2,1,3 - 4,2,0.67,argentina3
T. Remedios,0 out of 9,0%,0,0,0,0 - 0,0,0,argentina3
Wellington,3 out of 13,23%,3,0,0,7 - 1,9,3.00,australia
Sydney FC,4 out of 13,31%,4,0,0,10 - 5,12,3.00,australia
Central Coast,2 out of 13,15%,2,0,0,6 - 2,6,3.00,australia
Auckland,8 out of 13,62%,7,1,0,16 - 3,22,2.75,australia
WS Wanderers,6 out of 13,46%,5,1,0,11 - 2,16,2.67,australia
Melbourne City,9 out of 13,69%,6,3,0,19 - 7,21,2.33,australia
Western United,6 out of 13,46%,4,1,1,20 - 10,13,2.17,australia
Newcastle Jets,6 out of 13,46%,4,1,1,13 - 7,13,2.17,australia
Adelaide Utd,6 out of 13,46%,4,1,1,15 - 10,13,2.17,australia
Macarthur FC,7 out of 13,54%,5,0,2,17 - 12,15,2.14,australia
Melbourne V.,7 out of 13,54%,5,0,2,17 - 12,15,2.14,australia
Perth Glory,4 out of 13,31%,2,1,1,6 - 6,7,1.75,australia
Brisbane Roar,3 out of 13,23%,1,1,1,10 - 10,4,1.33,australia
Austria Wien,7 out of 11,64%,5,2,0,11 - 4,17,2.43,austria
Wolfsberger AC,6 out of 11,55%,4,1,1,16 - 7,13,2.17,austria
Sturm Graz,8 out of 11,73%,5,2,1,15 - 9,17,2.13,austria
Hartberg,4 out of 11,36%,2,2,0,9 - 5,8,2.00,austria
Grazer AK,2 out of 11,18%,1,1,0,3 - 2,4,2.00,austria
Salzburg,6 out of 11,55%,3,2,1,9 - 7,11,1.83,austria
A. Klagenfurt,4 out of 11,36%,2,1,1,4 - 3,7,1.75,austria
Tirol,6 out of 11,55%,3,1,2,12 - 9,10,1.67,austria
BW Linz,7 out of 11,64%,3,2,2,9 - 11,11,1.57,austria
Altach,3 out of 11,27%,1,1,1,5 - 4,4,1.33,austria
Rapid Wien,3 out of 11,27%,1,1,1,3 - 3,4,1.33,austria
LASK Linz,3 out of 11,27%,1,0,2,4 - 5,3,1.00,austria
Ried,11 out of 15,73%,10,0,1,23 - 4,30,2.73,austria2
Kapfenberger,6 out of 15,40%,5,1,0,10 - 3,16,2.67,austria2
Liefering,8 out of 15,53%,7,0,1,17 - 9,21,2.63,austria2
SV Horn,4 out of 15,27%,3,1,0,7 - 2,10,2.50,austria2
First Vienna,7 out of 15,47%,5,2,0,14 - 7,17,2.43,austria2
A. Lustenau,7 out of 15,47%,5,2,0,10 - 4,17,2.43,austria2
Admira Wacker,10 out of 15,67%,8,0,2,20 - 11,24,2.40,austria2
St. Polten,11 out of 15,73%,8,1,2,28 - 14,25,2.27,austria2
Rapid Wien B,5 out of 15,33%,3,2,0,14 - 8,11,2.20,austria2
Bregenz,5 out of 15,33%,3,2,0,11 - 5,11,2.20,austria2
Voitsberg,8 out of 15,53%,5,1,2,17 - 8,16,2.00,austria2
Amstetten,7 out of 15,47%,4,1,2,16 - 9,13,1.86,austria2
Floridsdorfer,7 out of 15,47%,4,1,2,12 - 8,13,1.86,austria2
Sturm Graz B,8 out of 15,53%,3,3,2,16 - 11,12,1.50,austria2
Lafnitz,2 out of 15,13%,1,0,1,4 - 6,3,1.50,austria2
Stripfing,6 out of 15,40%,1,4,1,9 - 9,7,1.17,austria2
Maxline,5 out of 6,83%,5,0,0,10 - 1,15,3.00,belarus
Neman Grodno,3 out of 4,75%,3,0,0,7 - 1,9,3.00,belarus
Slavia Mozyr,4 out of 6,67%,4,0,0,7 - 2,12,3.00,belarus
Gomel,3 out of 6,50%,3,0,0,5 - 0,9,3.00,belarus
BATE Borisov,3 out of 6,50%,3,0,0,3 - 0,9,3.00,belarus
Isloch,2 out of 5,40%,2,0,0,3 - 1,6,3.00,belarus
Naftan,1 out of 6,17%,1,0,0,2 - 0,3,3.00,belarus
Slutsk,1 out of 4,25%,1,0,0,1 - 0,3,3.00,belarus
T. Zhodino,3 out of 6,50%,2,1,0,5 - 1,7,2.33,belarus
Dinamo Brest,5 out of 5,100%,3,2,0,11 - 6,11,2.20,belarus
FC Minsk,2 out of 5,40%,1,1,0,3 - 1,4,2.00,belarus
Dinamo Minsk,2 out of 4,50%,1,1,0,3 - 2,4,2.00,belarus
Smorgon,3 out of 8,38%,1,2,0,4 - 3,5,1.67,belarus
Vitebsk,3 out of 5,60%,1,0,2,6 - 4,3,1.00,belarus
Arsenal D.,2 out of 5,40%,0,1,1,3 - 4,1,0.50,belarus
Molodechno,0 out of 6,0%,0,0,0,0 - 0,0,0,belarus
Niva,3 out of 5,60%,3,0,0,12 - 2,9,3.00,belarus2
Belshina,2 out of 6,33%,2,0,0,5 - 0,6,3.00,belarus2
Lida,3 out of 6,50%,3,0,0,7 - 3,9,3.00,belarus2
Ostrovets,2 out of 5,40%,2,0,0,4 - 1,6,3.00,belarus2
Gomel B,1 out of 5,20%,1,0,0,2 - 1,3,3.00,belarus2
Dinamo Minsk B,1 out of 4,25%,1,0,0,1 - 0,3,3.00,belarus2
Bumprom,4 out of 6,67%,3,1,0,6 - 1,10,2.50,belarus2
Lokomotiv Gomel,3 out of 6,50%,2,1,0,6 - 4,7,2.33,belarus2
Baranovichi,4 out of 6,67%,3,0,1,8 - 3,9,2.25,belarus2
Volna Pinsk,4 out of 5,80%,2,2,0,9 - 5,8,2.00,belarus2
Slonim,3 out of 6,50%,2,0,1,5 - 4,6,2.00,belarus2
ABFF U19,2 out of 4,50%,1,1,0,4 - 3,4,2.00,belarus2
Orsha,4 out of 7,57%,2,1,1,5 - 7,7,1.75,belarus2
Dnepr Mogilev,5 out of 6,83%,2,2,1,10 - 7,8,1.60,belarus2
Minsk B,2 out of 5,40%,1,0,1,3 - 3,3,1.50,belarus2
Uni X L. Minsk,5 out of 6,83%,2,1,2,7 - 10,7,1.40,belarus2
BATE B,3 out of 4,75%,1,1,1,7 - 5,4,1.33,belarus2
Osipovichy,0 out of 6,0%,0,0,0,0 - 0,0,0,belarus2
Anderlecht,7 out of 15,47%,6,1,0,15 - 2,19,2.71,belgium
Gent,5 out of 15,33%,4,1,0,8 - 3,13,2.60,belgium
Charleroi,4 out of 15,27%,3,1,0,9 - 3,10,2.50,belgium
Westerlo,4 out of 15,27%,3,1,0,9 - 5,10,2.50,belgium
Sint-Truiden,3 out of 15,20%,2,1,0,6 - 2,7,2.33,belgium
KRC Genk,9 out of 15,60%,6,2,1,16 - 9,20,2.22,belgium
KV Mechelen,6 out of 15,40%,4,1,1,10 - 5,13,2.17,belgium
Club Brugge,11 out of 15,73%,7,2,2,22 - 12,23,2.09,belgium
OH Leuven,2 out of 15,13%,1,1,0,3 - 1,4,2.00,belgium
Royale Union SG,8 out of 15,53%,4,3,1,17 - 9,15,1.88,belgium
Antwerp,8 out of 15,53%,4,3,1,12 - 8,15,1.88,belgium
Dender,8 out of 15,53%,4,2,2,17 - 15,14,1.75,belgium
Kortrijk,6 out of 15,40%,2,3,1,10 - 9,9,1.50,belgium
Standard Liege,3 out of 15,20%,1,1,1,5 - 5,4,1.33,belgium
Cercle Brugge,5 out of 15,33%,1,2,2,6 - 7,5,1.00,belgium
Beerschot,3 out of 15,20%,0,1,2,5 - 7,1,0.33,belgium
Always Ready,4 out of 5,80%,4,0,0,17 - 3,12,3.00,bolivia
Oriente P.,1 out of 4,25%,1,0,0,3 - 1,3,3.00,bolivia
ABB,2 out of 5,40%,2,0,0,2 - 0,6,3.00,bolivia
U. de Vinto,1 out of 4,25%,1,0,0,2 - 0,3,3.00,bolivia
I. Petrolero,1 out of 4,25%,1,0,0,1 - 0,3,3.00,bolivia
Bolivar,3 out of 5,60%,2,1,0,6 - 1,7,2.33,bolivia
GV San Jose,3 out of 4,75%,2,0,1,6 - 6,6,2.00,bolivia
Blooming,2 out of 4,50%,1,0,1,3 - 6,3,1.50,bolivia
The Strongest,3 out of 4,75%,1,1,1,6 - 4,4,1.33,bolivia
Real Oruro,1 out of 5,20%,0,1,0,2 - 2,1,1.00,bolivia
Nacional Potosi,1 out of 4,25%,0,1,0,2 - 2,1,1.00,bolivia
Real Tomayapo,1 out of 5,20%,0,1,0,1 - 1,1,1.00,bolivia
Aurora,3 out of 5,60%,1,0,2,8 - 10,3,1.00,bolivia
Guabira,2 out of 4,50%,0,1,1,3 - 5,1,0.50,bolivia
Wilstermann,0 out of 4,0%,0,0,0,0 - 0,0,0,bolivia
SA Bulo Bulo,0 out of 5,0%,0,0,0,0 - 0,0,0,bolivia
Cruzeiro,2 out of 5,40%,2,0,0,6 - 0,6,3.00,brazil
Flamengo,3 out of 5,60%,3,0,0,6 - 1,9,3.00,brazil
Palmeiras,4 out of 6,67%,4,0,0,6 - 2,12,3.00,brazil
Bragantino,3 out of 5,60%,3,0,0,5 - 1,9,3.00,brazil
Atletico MG,2 out of 6,33%,2,0,0,2 - 0,6,3.00,brazil
Botafogo,1 out of 6,17%,1,0,0,1 - 0,3,3.00,brazil
Fluminense,3 out of 6,50%,2,0,1,6 - 3,6,2.00,brazil
Bahia,2 out of 5,40%,1,1,0,3 - 2,4,2.00,brazil
Mirassol,3 out of 6,50%,1,2,0,4 - 2,5,1.67,brazil
Santos,2 out of 6,33%,1,0,1,2 - 2,3,1.50,brazil
Gremio,3 out of 5,60%,1,1,1,4 - 3,4,1.33,brazil
Vitoria,1 out of 6,17%,0,1,0,2 - 2,1,1.00,brazil
Sao Paulo,1 out of 5,20%,0,1,0,2 - 2,1,1.00,brazil
Internacional,1 out of 6,17%,0,1,0,1 - 1,1,1.00,brazil
Fortaleza,1 out of 6,17%,0,1,0,1 - 1,1,1.00,brazil
Ceara,2 out of 5,40%,0,1,1,3 - 4,1,0.50,brazil
Corinthians,1 out of 5,20%,0,0,1,1 - 2,0,0.00,brazil
Vasco da Gama,2 out of 5,40%,0,0,2,2 - 4,0,0.00,brazil
Sport Recife,2 out of 6,33%,0,0,2,2 - 4,0,0.00,brazil
Juventude,1 out of 5,20%,0,0,1,1 - 3,0,0.00,brazil
Vila Nova,1 out of 5,20%,1,0,0,1 - 0,3,3.00,brazil2
Goias,1 out of 5,20%,1,0,0,1 - 0,3,3.00,brazil2
Novorizontino,3 out of 5,60%,2,1,0,4 - 1,7,2.33,brazil2
Cuiaba,3 out of 5,60%,2,1,0,4 - 1,7,2.33,brazil2
Chapecoense,2 out of 6,33%,1,1,0,3 - 1,4,2.00,brazil2
Coritiba,3 out of 6,50%,2,0,1,4 - 3,6,2.00,brazil2
Atletico GO,2 out of 6,33%,1,1,0,2 - 1,4,2.00,brazil2
Criciuma,2 out of 5,40%,1,1,0,2 - 1,4,2.00,brazil2
Athletic Club,2 out of 5,40%,1,0,1,5 - 4,3,1.50,brazil2
Operario PR,2 out of 6,33%,1,0,1,4 - 4,3,1.50,brazil2
Avai,3 out of 5,60%,1,1,1,4 - 3,4,1.33,brazil2
Athletico PR,3 out of 5,60%,1,1,1,5 - 5,4,1.33,brazil2
Remo,2 out of 5,40%,0,2,0,2 - 2,2,1.00,brazil2
Volta Redonda,1 out of 6,17%,0,1,0,1 - 1,1,1.00,brazil2
CRB,1 out of 6,17%,0,1,0,1 - 1,1,1.00,brazil2
Amazonas,1 out of 5,20%,0,1,0,1 - 1,1,1.00,brazil2
Paysandu,2 out of 6,33%,0,1,1,3 - 5,1,0.50,brazil2
Ferroviaria,0 out of 6,0%,0,0,0,0 - 0,0,0,brazil2
Botafogo SP,0 out of 5,0%,0,0,0,0 - 0,0,0,brazil2
America MG,0 out of 5,0%,0,0,0,0 - 0,0,0,brazil2
CSKA Sofia,8 out of 18,44%,8,0,0,18 - 0,24,3.00,bulgaria
Lok. Plovdiv,5 out of 19,26%,5,0,0,11 - 2,15,3.00,bulgaria
Septemvri Sofia,6 out of 18,33%,6,0,0,11 - 5,18,3.00,bulgaria
L. Krumovgrad,3 out of 19,16%,3,0,0,6 - 1,9,3.00,bulgaria
Levski Sofia,10 out of 18,56%,9,1,0,21 - 4,28,2.80,bulgaria
Botev Plovdiv,9 out of 18,50%,8,1,0,16 - 2,25,2.78,bulgaria
Spartak Varna,6 out of 18,33%,5,1,0,8 - 2,16,2.67,bulgaria
Ludogorets,14 out of 18,78%,10,4,0,29 - 9,34,2.43,bulgaria
Cherno More,7 out of 18,39%,5,2,0,12 - 3,17,2.43,bulgaria
Lokomotiv Sofia,7 out of 18,39%,5,1,1,15 - 5,16,2.29,bulgaria
Arda,8 out of 18,44%,4,4,0,15 - 6,16,2.00,bulgaria
Beroe,10 out of 18,56%,6,2,2,15 - 8,20,2.00,bulgaria
Botev Vratsa,3 out of 19,16%,2,0,1,3 - 2,6,2.00,bulgaria
CSKA 1948 Sofia,10 out of 18,56%,5,4,1,18 - 7,19,1.90,bulgaria
Slavia Sofia,8 out of 18,44%,4,2,2,11 - 9,14,1.75,bulgaria
Hebar,4 out of 19,21%,1,2,1,8 - 7,5,1.25,bulgaria
Coquimbo Unido,4 out of 7,57%,4,0,0,10 - 3,12,3.00,chile
OHiggins,2 out of 7,29%,2,0,0,2 - 0,6,3.00,chile
Palestino,5 out of 7,71%,4,1,0,10 - 3,13,2.60,chile
Audax Italiano,3 out of 6,50%,2,1,0,4 - 1,7,2.33,chile
Nublense,3 out of 6,50%,2,1,0,5 - 3,7,2.33,chile
Colo-Colo,3 out of 4,75%,2,0,1,5 - 3,6,2.00,chile
U. de Chile,2 out of 5,40%,1,1,0,4 - 3,4,2.00,chile
U. Catolica,2 out of 7,29%,1,1,0,3 - 2,4,2.00,chile
Union La Calera,2 out of 6,33%,1,1,0,2 - 1,4,2.00,chile
Cobresal,4 out of 6,67%,2,1,1,5 - 4,7,1.75,chile
Union Espanola,2 out of 6,33%,1,0,1,5 - 4,3,1.50,chile
Everton,3 out of 6,50%,1,1,1,5 - 3,4,1.33,chile
La Serena,4 out of 7,57%,1,1,2,6 - 7,4,1.00,chile
D. Limache,4 out of 6,67%,0,2,2,5 - 8,2,0.50,chile
Huachipato,1 out of 7,14%,0,0,1,3 - 4,0,0.00,chile
D. Iquique,1 out of 7,14%,0,0,1,1 - 2,0,0.00,chile
Concepcion,2 out of 7,29%,2,0,0,5 - 1,6,3.00,chile2
San Marcos,3 out of 6,50%,3,0,0,5 - 1,9,3.00,chile2
Curico Unido,2 out of 5,40%,2,0,0,3 - 1,6,3.00,chile2
U. Concepcion,1 out of 6,17%,1,0,0,2 - 0,3,3.00,chile2
San Luis,2 out of 7,29%,2,0,0,2 - 0,6,3.00,chile2
Rangers,4 out of 7,57%,3,1,0,7 - 1,10,2.50,chile2
Copiapo,4 out of 6,67%,3,1,0,4 - 1,10,2.50,chile2
S. Morning,3 out of 5,60%,2,1,0,7 - 4,7,2.33,chile2
S. Wanderers,4 out of 6,67%,2,2,0,8 - 6,8,2.00,chile2
Deportes Temuco,2 out of 6,33%,1,1,0,5 - 4,4,2.00,chile2
Recoleta,2 out of 7,29%,1,1,0,2 - 1,4,2.00,chile2
Cobreloa,4 out of 6,67%,1,3,0,4 - 3,6,1.50,chile2
CD Santa Cruz,1 out of 6,17%,0,1,0,1 - 1,1,1.00,chile2
U. San Felipe,3 out of 6,50%,0,2,1,4 - 5,2,0.67,chile2
Antofagasta,2 out of 6,33%,0,1,1,3 - 5,1,0.50,chile2
Magallanes,0 out of 6,0%,0,0,0,0 - 0,0,0,chile2
Chengdu,5 out of 6,83%,5,0,0,13 - 2,15,3.00,china
Shanghai Port,3 out of 4,75%,3,0,0,9 - 3,9,3.00,china
S. Shenhua,3 out of 6,50%,3,0,0,7 - 1,9,3.00,china
Changchun Yatai,1 out of 7,14%,1,0,0,3 - 1,3,3.00,china
Sichuan Jiuniu,1 out of 7,14%,1,0,0,1 - 0,3,3.00,china
Henan SL,3 out of 7,43%,2,1,0,6 - 3,7,2.33,china
Yunnan Yukun,3 out of 7,43%,2,0,1,6 - 6,6,2.00,china
Beijing Guoan,6 out of 7,86%,2,4,0,13 - 9,10,1.67,china
Tianjin T.,5 out of 7,71%,2,2,1,8 - 7,8,1.60,china
Shandong T.,5 out of 6,83%,2,1,2,11 - 12,7,1.40,china
Zhejiang,3 out of 7,43%,1,1,1,7 - 5,4,1.33,china
Dalian Yingbo,3 out of 7,43%,0,3,0,4 - 4,3,1.00,china
Meizhou Hakka,2 out of 6,33%,0,2,0,3 - 3,2,1.00,china
Qingdao Hainiu,4 out of 6,67%,0,1,3,5 - 10,1,0.25,china
Qingdao West C.,0 out of 5,0%,0,0,0,0 - 0,0,0,china
Wuhan Three T.,1 out of 6,17%,0,0,1,1 - 3,0,0.00,china
Chongqing T.,4 out of 5,80%,4,0,0,13 - 3,12,3.00,china2
S. Gongfu,4 out of 6,67%,4,0,0,9 - 1,12,3.00,china2
Nanjing City,2 out of 5,40%,2,0,0,4 - 1,6,3.00,china2
Shaanxi Union,1 out of 6,17%,1,0,0,4 - 2,3,3.00,china2
Qingdao RL,1 out of 6,17%,1,0,0,2 - 0,3,3.00,china2
Shanghai Jiadin,1 out of 5,20%,1,0,0,1 - 0,3,3.00,china2
Guangdong GZP,3 out of 6,50%,2,1,0,6 - 2,7,2.33,china2
Liaoning Tieren,5 out of 6,83%,3,1,1,10 - 4,10,2.00,china2
Suzhou Dongwu,3 out of 6,50%,2,0,1,4 - 2,6,2.00,china2
Dalian Kuncheng,2 out of 5,40%,1,0,1,4 - 4,3,1.50,china2
Foshan Nanshi,2 out of 5,40%,1,0,1,2 - 2,3,1.50,china2
Nantong Zhiyun,3 out of 5,60%,1,1,1,4 - 4,4,1.33,china2
Heilongjiang IC,1 out of 5,20%,0,1,0,1 - 1,1,1.00,china2
Guangxi Baoyun,2 out of 5,40%,0,1,1,3 - 4,1,0.50,china2
Yanbian Longdin,0 out of 6,0%,0,0,0,0 - 0,0,0,china2
Shenzhen J.,3 out of 6,50%,0,0,3,4 - 12,0,0.00,china2
Millonarios,4 out of 10,40%,4,0,0,8 - 1,12,3.00,colombia
Deportes Tolima,3 out of 10,30%,3,0,0,8 - 2,9,3.00,colombia
Envigado,2 out of 10,20%,2,0,0,5 - 3,6,3.00,colombia
Once Caldas,1 out of 10,10%,1,0,0,1 - 0,3,3.00,colombia
Santa Fe,6 out of 10,60%,5,0,1,13 - 3,15,2.50,colombia
America de Cali,4 out of 10,40%,3,1,0,8 - 1,10,2.50,colombia
Junior,5 out of 10,50%,4,0,1,8 - 4,12,2.40,colombia
R. Aguilas,3 out of 10,30%,2,1,0,5 - 2,7,2.33,colombia
I. Medelin,5 out of 10,50%,3,2,0,6 - 3,11,2.20,colombia
A. Petrolera,3 out of 10,30%,2,0,1,4 - 3,6,2.00,colombia
Deportivo Cali,2 out of 10,20%,1,1,0,3 - 2,4,2.00,colombia
A. Nacional,4 out of 10,40%,2,1,1,9 - 5,7,1.75,colombia
A. Bucaramanga,4 out of 10,40%,2,1,1,7 - 4,7,1.75,colombia
Deportivo Pasto,2 out of 10,20%,1,0,1,2 - 2,3,1.50,colombia
Boyaca Chico,2 out of 10,20%,1,0,1,3 - 4,3,1.50,colombia
Fortaleza CEIF,3 out of 10,30%,1,1,1,4 - 3,4,1.33,colombia
Llaneros,3 out of 10,30%,1,1,1,7 - 7,4,1.33,colombia
D. Pereira,4 out of 10,40%,1,2,1,7 - 8,5,1.25,colombia
Union Magdalena,4 out of 10,40%,1,1,2,4 - 5,4,1.00,colombia
La Equidad,2 out of 10,20%,0,0,2,2 - 5,0,0.00,colombia
Junior,1 out of 9,11%,1,0,0,1 - 0,3,3.00,colombia2
A. Nacional,6 out of 9,67%,5,1,0,10 - 3,16,2.67,colombia2
Santa Fe,4 out of 9,44%,3,1,0,6 - 2,10,2.50,colombia2
Deportivo Pasto,3 out of 10,30%,2,1,0,5 - 2,7,2.33,colombia2
R. Aguilas,3 out of 9,33%,2,1,0,6 - 4,7,2.33,colombia2
A. Bucaramanga,7 out of 10,70%,5,1,1,14 - 6,16,2.29,colombia2
Once Caldas,4 out of 9,44%,3,0,1,4 - 2,9,2.25,colombia2
Deportes Tolima,6 out of 9,67%,4,1,1,8 - 3,13,2.17,colombia2
Millonarios,7 out of 10,70%,4,1,2,13 - 7,13,1.86,colombia2
Fortaleza CEIF,6 out of 9,67%,3,2,1,8 - 4,11,1.83,colombia2
America de Cali,6 out of 9,67%,3,2,1,9 - 6,11,1.83,colombia2
D. Pereira,4 out of 10,40%,2,1,1,6 - 5,7,1.75,colombia2
Deportivo Cali,3 out of 10,30%,1,2,0,4 - 3,5,1.67,colombia2
I. Medelin,4 out of 10,40%,1,3,0,5 - 3,6,1.50,colombia2
La Equidad,5 out of 10,50%,2,0,3,7 - 8,6,1.20,colombia2
Patriotas,4 out of 9,44%,1,1,2,5 - 6,4,1.00,colombia2
Boyaca Chico,3 out of 10,30%,1,0,2,3 - 5,3,1.00,colombia2
Jaguares de C.,0 out of 10,0%,0,0,0,0 - 0,0,0,colombia2
A. Petrolera,0 out of 9,0%,0,0,0,0 - 0,0,0,colombia2
Envigado,0 out of 10,0%,0,0,0,0 - 0,0,0,colombia2
Santa Ana,2 out of 11,18%,2,0,0,5 - 3,6,3.00,costarica
Alajuelense,5 out of 11,45%,4,1,0,7 - 2,13,2.60,costarica
Herediano,3 out of 11,27%,2,1,0,6 - 2,7,2.33,costarica
San Carlos,7 out of 11,64%,5,1,1,19 - 13,16,2.29,costarica
M. Liberia,5 out of 11,45%,3,1,1,10 - 8,10,2.00,costarica
Guanacasteca,2 out of 11,18%,1,1,0,2 - 1,4,2.00,costarica
Saprissa,7 out of 11,64%,4,1,2,12 - 9,13,1.86,costarica
Sporting SJ,6 out of 11,55%,3,1,2,9 - 6,10,1.67,costarica
Cartagines,2 out of 11,18%,1,0,1,3 - 2,3,1.50,costarica
Santos Guapiles,4 out of 11,36%,1,2,1,5 - 4,5,1.25,costarica
Zeledon,5 out of 11,45%,1,3,1,8 - 10,6,1.20,costarica
Puntarenas,3 out of 11,27%,1,0,2,6 - 8,3,1.00,costarica
Slaven Belupo,5 out of 18,28%,4,1,0,8 - 1,13,2.60,croatia
Rijeka,9 out of 18,50%,7,1,1,12 - 4,22,2.44,croatia
Osijek,4 out of 18,22%,3,0,1,8 - 3,9,2.25,croatia
Dinamo Zagreb,8 out of 18,44%,5,2,1,16 - 7,17,2.13,croatia
Hajduk Split,8 out of 18,44%,5,2,1,12 - 7,17,2.13,croatia
Sibenik,6 out of 18,33%,3,3,0,10 - 7,12,2.00,croatia
Lok. Zagreb,9 out of 18,50%,5,2,2,19 - 9,17,1.89,croatia
Istra,8 out of 18,44%,4,3,1,11 - 8,15,1.88,croatia
Varazdin,6 out of 18,33%,3,2,1,7 - 4,11,1.83,croatia
Gorica,5 out of 18,28%,1,1,3,5 - 10,4,0.80,croatia
Slovan Liberec,3 out of 16,19%,3,0,0,10 - 1,9,3.00,czechrepublic
Viktoria Plzen,8 out of 17,47%,7,0,1,17 - 5,21,2.63,czechrepublic
Slavia Prague,12 out of 17,71%,10,1,1,31 - 6,31,2.58,czechrepublic
Hradec Kralove,7 out of 17,41%,6,0,1,19 - 5,18,2.57,czechrepublic
Sparta Prague,9 out of 18,50%,7,2,0,19 - 7,23,2.56,czechrepublic
Banik Ostrava,6 out of 17,35%,5,0,1,10 - 4,15,2.50,czechrepublic
Bohemians,7 out of 17,41%,5,2,0,14 - 8,17,2.43,czechrepublic
Jablonec,10 out of 18,56%,7,1,2,21 - 10,22,2.20,czechrepublic
Karvina,5 out of 16,31%,3,1,1,8 - 5,10,2.00,czechrepublic
Teplice,6 out of 17,35%,3,2,1,9 - 4,11,1.83,czechrepublic
Sigma Olomouc,9 out of 18,50%,4,4,1,16 - 10,16,1.78,czechrepublic
Slovacko,4 out of 17,24%,2,1,1,6 - 4,7,1.75,czechrepublic
Mlada Boleslav,10 out of 17,59%,4,2,4,17 - 13,14,1.40,czechrepublic
Dukla Praha,6 out of 18,33%,2,1,3,9 - 12,7,1.17,czechrepublic
Pardubice,5 out of 18,28%,1,1,3,9 - 12,4,0.80,czechrepublic
C. Budejovice,1 out of 18,6%,0,0,1,1 - 2,0,0.00,czechrepublic
FC Midtjylland,7 out of 16,44%,5,2,0,17 - 7,17,2.43,denmark
Brondby IF,8 out of 16,50%,6,1,1,21 - 10,19,2.38,denmark
FC Kobenhavn,10 out of 16,62%,7,1,2,21 - 8,22,2.20,denmark
Vejle BK,5 out of 16,31%,3,1,1,7 - 5,10,2.00,denmark
Lyngby,2 out of 16,12%,1,1,0,2 - 1,4,2.00,denmark
Silkeborg,9 out of 16,56%,4,4,1,19 - 10,16,1.78,denmark
AGF Aarhus,6 out of 16,38%,3,1,2,14 - 8,10,1.67,denmark
Randers FC,9 out of 16,56%,4,3,2,20 - 16,15,1.67,denmark
Aalborg BK,3 out of 16,19%,1,2,0,5 - 2,5,1.67,denmark
Viborg,5 out of 16,31%,2,2,1,12 - 5,8,1.60,denmark
SonderjyskE,6 out of 16,38%,3,0,3,12 - 10,9,1.50,denmark
Nordsjaelland,5 out of 16,31%,2,0,3,7 - 11,6,1.20,denmark
Kolding IF,7 out of 16,44%,7,0,0,11 - 2,21,3.00,denmark2
Fredericia,10 out of 16,62%,9,1,0,25 - 4,28,2.80,denmark2
B 93,5 out of 16,31%,4,1,0,11 - 4,13,2.60,denmark2
Odense BK,11 out of 16,69%,8,3,0,33 - 9,27,2.45,denmark2
Hobro,6 out of 16,38%,4,2,0,12 - 4,14,2.33,denmark2
AC Horsens,8 out of 16,50%,5,2,1,14 - 11,17,2.13,denmark2
Esbjerg,9 out of 16,56%,6,1,2,22 - 10,19,2.11,denmark2
HB Koge,6 out of 16,38%,3,2,1,9 - 4,11,1.83,denmark2
Hvidovre,8 out of 16,50%,4,2,2,11 - 12,14,1.75,denmark2
Hillerod,6 out of 16,38%,3,1,2,13 - 9,10,1.67,denmark2
Vendsyssel,5 out of 16,31%,2,1,2,7 - 8,7,1.40,denmark2
Roskilde,6 out of 16,38%,2,0,4,9 - 14,6,1.00,denmark2
U. Catolica,1 out of 8,12%,1,0,0,4 - 0,3,3.00,ecuador
D. Cuenca,3 out of 8,38%,3,0,0,3 - 0,9,3.00,ecuador
Delfin,2 out of 8,25%,2,0,0,3 - 1,6,3.00,ecuador
Emelec,2 out of 7,29%,2,0,0,3 - 1,6,3.00,ecuador
LDU Quito,2 out of 7,29%,2,0,0,3 - 1,6,3.00,ecuador
Orense,1 out of 8,12%,1,0,0,1 - 0,3,3.00,ecuador
Libertad,1 out of 7,14%,1,0,0,1 - 0,3,3.00,ecuador
I. del Valle,5 out of 8,62%,4,1,0,13 - 4,13,2.60,ecuador
Barcelona SC,5 out of 7,71%,4,1,0,11 - 5,13,2.60,ecuador
Aucas,3 out of 7,43%,2,1,0,3 - 1,7,2.33,ecuador
El Nacional,4 out of 7,57%,2,2,0,8 - 5,8,2.00,ecuador
Macara,4 out of 7,57%,2,1,1,7 - 6,7,1.75,ecuador
Cuniburo,3 out of 8,38%,1,2,0,6 - 5,5,1.67,ecuador
Tecnico U.,5 out of 8,62%,2,0,3,6 - 9,6,1.20,ecuador
Mushuc Runa,1 out of 7,14%,0,1,0,1 - 1,1,1.00,ecuador
Manta,1 out of 7,14%,0,1,0,1 - 1,1,1.00,ecuador
Newcastle Utd,5 out of 19,26%,4,1,0,11 - 1,13,2.60,england
Nottm Forest,13 out of 19,68%,10,2,1,29 - 14,32,2.46,england
Arsenal,11 out of 19,58%,8,3,0,25 - 7,27,2.45,england
Liverpool,14 out of 19,74%,11,1,2,35 - 14,34,2.43,england
Aston Villa,9 out of 19,47%,7,0,2,15 - 8,21,2.33,england
Manchester City,10 out of 19,53%,7,2,1,22 - 6,23,2.30,england
Everton,8 out of 19,42%,5,2,1,11 - 6,17,2.13,england
Chelsea,9 out of 19,47%,6,1,2,21 - 10,19,2.11,england
Brighton,12 out of 19,63%,7,3,2,25 - 13,24,2.00,england
Crystal Palace,12 out of 19,63%,7,3,2,22 - 13,24,2.00,england
Bournemouth,7 out of 19,37%,4,2,1,20 - 11,14,2.00,england
West Ham Utd,10 out of 19,53%,6,2,2,15 - 9,20,2.00,england
Fulham,9 out of 19,47%,5,2,2,16 - 11,17,1.89,england
Wolverhampton,7 out of 19,37%,4,1,2,12 - 10,13,1.86,england
Manchester Utd,6 out of 19,32%,3,2,1,13 - 7,11,1.83,england
Brentford,11 out of 19,58%,6,1,4,20 - 11,19,1.73,england
Tottenham,10 out of 19,53%,5,2,3,24 - 13,17,1.70,england
Ipswich Town,9 out of 19,47%,3,3,3,17 - 19,12,1.33,england
Southampton,5 out of 19,26%,1,0,4,6 - 12,3,0.60,england
Leicester City,4 out of 19,21%,0,2,2,6 - 11,2,0.50,england
Burnley,11 out of 23,48%,11,0,0,27 - 2,33,3.00,england2
Leeds Utd,8 out of 23,35%,8,0,0,15 - 0,24,3.00,england2
QP Rangers,6 out of 23,26%,5,1,0,10 - 3,16,2.67,england2
Swansea City,8 out of 23,35%,7,0,1,13 - 8,21,2.63,england2
Sheffield Utd,13 out of 23,57%,11,1,1,21 - 6,34,2.62,england2
Blackburn,9 out of 23,39%,7,2,0,13 - 4,23,2.56,england2
Plymouth,3 out of 23,13%,2,1,0,6 - 4,7,2.33,england2
Watford,6 out of 23,26%,4,1,1,15 - 8,13,2.17,england2
Hull City,10 out of 23,43%,6,3,1,14 - 6,21,2.10,england2
Bristol City,8 out of 23,35%,4,4,0,14 - 6,16,2.00,england2
Sheffield Wed,7 out of 23,30%,4,2,1,12 - 5,14,2.00,england2
Sunderland,11 out of 23,48%,7,1,3,17 - 11,22,2.00,england2
Coventry City,11 out of 23,48%,6,3,2,18 - 12,21,1.91,england2
Millwall,10 out of 23,43%,5,4,1,10 - 7,19,1.90,england2
Derby County,8 out of 23,35%,4,2,2,14 - 11,14,1.75,england2
Norwich City,8 out of 23,35%,4,2,2,10 - 8,14,1.75,england2
Middlesbrough,11 out of 23,48%,6,1,4,18 - 11,19,1.73,england2
Stoke City,7 out of 23,30%,3,2,2,8 - 6,11,1.57,england2
West Brom,9 out of 23,39%,3,5,1,13 - 9,14,1.56,england2
Cardiff City,7 out of 23,30%,2,4,1,10 - 11,10,1.43,england2
Portsmouth,6 out of 23,26%,2,2,2,13 - 11,8,1.33,england2
Preston,10 out of 23,43%,3,4,3,15 - 15,13,1.30,england2
Luton Town,8 out of 23,35%,3,1,4,11 - 13,10,1.25,england2
Oxford Utd,8 out of 23,35%,2,2,4,8 - 10,8,1.00,england2
Stevenage,6 out of 23,26%,6,0,0,8 - 2,18,3.00,england3
Charlton,9 out of 23,39%,8,1,0,18 - 3,25,2.78,england3
Bolton,8 out of 23,35%,7,1,0,17 - 6,22,2.75,england3
Birmingham City,15 out of 23,65%,12,2,1,25 - 10,38,2.53,england3
Wycombe,11 out of 23,48%,8,3,0,26 - 9,27,2.45,england3
Leyton Orient,10 out of 23,43%,8,0,2,28 - 11,24,2.40,england3
Wrexham,15 out of 23,65%,11,3,1,24 - 11,36,2.40,england3
Barnsley,12 out of 23,52%,9,1,2,26 - 14,28,2.33,england3
Wigan Athletic,9 out of 23,39%,6,3,0,15 - 5,21,2.33,england3
Exeter City,8 out of 23,35%,6,0,2,12 - 8,18,2.25,england3
Reading,9 out of 23,39%,6,2,1,20 - 9,20,2.22,england3
Mansfield,10 out of 23,43%,7,1,2,20 - 12,22,2.20,england3
Blackpool,13 out of 23,57%,9,1,3,29 - 13,28,2.15,england3
Stockport,13 out of 23,57%,8,4,1,22 - 7,28,2.15,england3
Northampton,8 out of 23,35%,5,2,1,14 - 6,17,2.13,england3
Huddersfield,12 out of 23,52%,8,0,4,22 - 11,24,2.00,england3
Lincoln City,9 out of 23,39%,5,3,1,15 - 8,18,2.00,england3
Crawley Town,8 out of 23,35%,5,1,2,18 - 14,16,2.00,england3
Shrewsbury,5 out of 23,22%,3,1,1,12 - 9,10,2.00,england3
Burton Albion,8 out of 23,35%,4,3,1,10 - 7,15,1.88,england3
Cambridge Utd,9 out of 23,39%,4,3,2,14 - 10,15,1.67,england3
Rotherham,9 out of 23,39%,4,2,3,11 - 11,14,1.56,england3
Peterborough,6 out of 23,26%,2,1,3,7 - 9,7,1.17,england3
Bristol Rovers,6 out of 23,26%,2,1,3,6 - 10,7,1.17,england3
Port Vale,11 out of 23,48%,10,1,0,19 - 5,31,2.82,england4
Notts County,9 out of 23,39%,7,2,0,19 - 5,23,2.56,england4
Doncaster,15 out of 23,65%,12,2,1,31 - 14,38,2.53,england4
Chesterfield,11 out of 23,48%,9,0,2,28 - 8,27,2.45,england4
Bromley,11 out of 23,48%,8,2,1,18 - 7,26,2.36,england4
Grimsby,11 out of 23,48%,8,2,1,20 - 10,26,2.36,england4
Fleetwood,7 out of 23,30%,5,1,1,18 - 9,16,2.29,england4
Salford City,11 out of 23,48%,7,4,0,20 - 9,25,2.27,england4
Walsall,12 out of 23,52%,8,3,1,23 - 8,27,2.25,england4
Accrington,9 out of 23,39%,6,2,1,14 - 6,20,2.22,england4
Colchester Utd,9 out of 23,39%,6,2,1,13 - 7,20,2.22,england4
AFC Wimbledon,11 out of 23,48%,7,3,1,18 - 8,24,2.18,england4
Morecambe,6 out of 23,26%,4,1,1,10 - 7,13,2.17,england4
Swindon Town,8 out of 23,35%,5,2,1,21 - 9,17,2.13,england4
Crewe Alexandra,8 out of 23,35%,5,2,1,11 - 5,17,2.13,england4
Barrow,9 out of 23,39%,5,3,1,14 - 8,18,2.00,england4
Carlisle Utd,8 out of 23,35%,5,0,3,13 - 9,15,1.88,england4
Milton Keynes,10 out of 23,43%,5,3,2,19 - 13,18,1.80,england4
Bradford,9 out of 23,39%,4,4,1,17 - 13,16,1.78,england4
Cheltenham,10 out of 23,43%,5,2,3,20 - 16,17,1.70,england4
Gillingham,10 out of 23,43%,4,5,1,11 - 8,17,1.70,england4
Harrogate,5 out of 23,22%,2,2,1,8 - 6,8,1.60,england4
Newport,7 out of 23,30%,3,1,3,12 - 9,10,1.43,england4
Tranmere,5 out of 23,22%,2,1,2,6 - 8,7,1.40,england4
Solihull Moors,7 out of 23,30%,7,0,0,15 - 3,21,3.00,england5
Maidenhead Utd,7 out of 23,30%,6,1,0,13 - 2,19,2.71,england5
Halifax Town,12 out of 23,52%,10,2,0,22 - 8,32,2.67,england5
York City,14 out of 23,61%,11,2,1,29 - 8,35,2.50,england5
Yeovil Town,9 out of 23,39%,7,1,1,17 - 4,22,2.44,england5
Barnet,15 out of 23,65%,12,0,3,32 - 12,36,2.40,england5
Southend Utd,10 out of 23,43%,7,3,0,20 - 7,24,2.40,england5
Altrincham,11 out of 23,48%,8,2,1,23 - 10,26,2.36,england5
Gateshead FC,12 out of 23,52%,8,3,1,29 - 11,27,2.25,england5
Boston Utd,9 out of 23,39%,6,1,2,18 - 10,19,2.11,england5
Forest Green,10 out of 23,43%,6,3,1,20 - 8,21,2.10,england5
Oldham,12 out of 23,52%,7,4,1,18 - 9,25,2.08,england5
Rochdale,13 out of 23,57%,7,5,1,21 - 11,26,2.00,england5
Eastleigh,10 out of 23,43%,5,4,1,16 - 11,19,1.90,england5
Sutton Utd,10 out of 23,43%,5,4,1,16 - 12,19,1.90,england5
Tamworth,8 out of 23,35%,4,2,2,12 - 9,14,1.75,england5
AFC Fylde,4 out of 23,17%,2,1,1,7 - 7,7,1.75,england5
Wealdstone,8 out of 23,35%,3,4,1,14 - 11,13,1.63,england5
Aldershot Town,8 out of 23,35%,3,4,1,10 - 8,13,1.63,england5
Dagenham & R.,10 out of 23,43%,3,6,1,11 - 8,15,1.50,england5
Woking,9 out of 23,39%,2,6,1,15 - 12,12,1.33,england5
Hartlepool,12 out of 23,52%,4,4,4,17 - 17,16,1.33,england5
Braintree Town,11 out of 23,48%,3,3,5,19 - 22,12,1.09,england5
Ebbsfleet Utd,3 out of 23,13%,0,2,1,5 - 7,2,0.67,england5
Flora,4 out of 7,57%,4,0,0,13 - 1,12,3.00,estonia
Narva Trans,5 out of 7,71%,5,0,0,13 - 4,15,3.00,estonia
Nomme Kalju,5 out of 8,62%,5,0,0,9 - 1,15,3.00,estonia
Paide,3 out of 7,43%,3,0,0,6 - 2,9,3.00,estonia
Harju JK,1 out of 8,12%,1,0,0,2 - 1,3,3.00,estonia
Vaprus,4 out of 7,57%,3,1,0,9 - 2,10,2.50,estonia
Levadia,5 out of 8,62%,4,0,1,15 - 4,12,2.40,estonia
Tallinna Kalev,1 out of 7,14%,0,1,0,2 - 2,1,1.00,estonia
Kuressaare,3 out of 8,38%,1,0,2,4 - 6,3,1.00,estonia
Tammeka,3 out of 8,38%,1,0,2,4 - 8,3,1.00,estonia
Nomme Utd,5 out of 7,71%,4,1,0,9 - 3,13,2.60,estonia2
Viimsi,5 out of 6,83%,4,0,1,12 - 5,12,2.40,estonia2
Tartu Welco,6 out of 7,86%,4,2,0,14 - 7,14,2.33,estonia2
Levadia B,3 out of 9,33%,2,1,0,4 - 2,7,2.33,estonia2
Elva,5 out of 7,71%,3,2,0,8 - 4,11,2.20,estonia2
Nomme Kalju B,3 out of 7,43%,2,0,1,5 - 3,6,2.00,estonia2
FC Tallinn,3 out of 7,43%,1,1,1,5 - 6,4,1.33,estonia2
Flora B,4 out of 6,67%,1,2,1,7 - 6,5,1.25,estonia2
Tallinna K. B,3 out of 6,50%,0,1,2,3 - 10,1,0.33,estonia2
Tammeka B,1 out of 7,14%,0,0,1,2 - 3,0,0.00,estonia2
NSI Runavik,5 out of 6,83%,5,0,0,27 - 3,15,3.00,faroeislands
HB Torshavn,3 out of 5,60%,3,0,0,8 - 1,9,3.00,faroeislands
Streymur,3 out of 6,50%,3,0,0,5 - 1,9,3.00,faroeislands
Suduroy,1 out of 6,17%,1,0,0,2 - 1,3,3.00,faroeislands
Klaksvik,6 out of 6,100%,5,1,0,17 - 3,16,2.67,faroeislands
Vikingur,3 out of 7,43%,2,1,0,4 - 1,7,2.33,faroeislands
B36 Torshavn,4 out of 6,67%,3,0,1,10 - 7,9,2.25,faroeislands
B68 Toftir,1 out of 6,17%,0,1,0,1 - 1,1,1.00,faroeislands
TB Tvoroyri,2 out of 6,33%,0,1,1,4 - 5,1,0.50,faroeislands
07 Vestur,1 out of 6,17%,0,0,1,1 - 2,0,0.00,faroeislands
Skala,4 out of 5,80%,4,0,0,15 - 1,12,3.00,faroeislands2
AB Argir,5 out of 6,83%,5,0,0,9 - 3,15,3.00,faroeislands2
B71 Sandur,4 out of 7,57%,4,0,0,7 - 3,12,3.00,faroeislands2
Vikingur B,3 out of 5,60%,2,1,0,9 - 6,7,2.33,faroeislands2
Streymur B,3 out of 6,50%,2,0,1,5 - 3,6,2.00,faroeislands2
NSI Runavik B,4 out of 6,67%,2,0,2,10 - 6,6,1.50,faroeislands2
IF Fuglafjordur,6 out of 7,86%,2,2,2,13 - 11,8,1.33,faroeislands2
B36 Torshavn B,2 out of 6,33%,0,1,1,2 - 3,1,0.50,faroeislands2
Klaksvik B,2 out of 5,40%,0,1,1,4 - 7,1,0.50,faroeislands2
07 Vestur B,3 out of 7,43%,0,1,2,3 - 5,1,0.33,faroeislands2
Ilves,2 out of 5,40%,2,0,0,7 - 0,6,3.00,finland
Inter Turku,3 out of 5,60%,3,0,0,4 - 0,9,3.00,finland
VPS,2 out of 5,40%,2,0,0,5 - 2,6,3.00,finland
Jaro,2 out of 5,40%,2,0,0,3 - 0,6,3.00,finland
KTP,1 out of 3,33%,1,0,0,3 - 2,3,3.00,finland
Gnistan,1 out of 5,20%,1,0,0,1 - 0,3,3.00,finland
Mariehamn,3 out of 5,60%,2,1,0,4 - 2,7,2.33,finland
KuPS,2 out of 5,40%,1,1,0,4 - 2,4,2.00,finland
SJK,2 out of 6,33%,1,1,0,3 - 2,4,2.00,finland
HJK Helsinki,4 out of 5,80%,2,1,1,10 - 4,7,1.75,finland
Oulu,4 out of 6,67%,1,0,3,8 - 10,3,0.75,finland
Haka,0 out of 3,0%,0,0,0,0 - 0,0,0,finland
Klubi-04,4 out of 4,100%,4,0,0,14 - 4,12,3.00,finland2
TPS,3 out of 5,60%,3,0,0,11 - 3,9,3.00,finland2
Ekenas IF,3 out of 4,75%,3,0,0,4 - 1,9,3.00,finland2
Lahti,2 out of 5,40%,2,0,0,3 - 0,6,3.00,finland2
SJK Akatemia,2 out of 4,50%,1,1,0,5 - 2,4,2.00,finland2
PK-35,3 out of 4,75%,1,2,0,4 - 3,5,1.67,finland2
JIPPO,2 out of 5,40%,0,2,0,2 - 2,2,1.00,finland2
KaPa,3 out of 5,60%,0,1,2,6 - 10,1,0.33,finland2
JaPS,1 out of 5,20%,0,0,1,2 - 4,0,0.00,finland2
SalPa,1 out of 3,33%,0,0,1,1 - 3,0,0.00,finland2
Paris SG,11 out of 17,65%,10,1,0,36 - 13,31,2.82,france
Marseille,9 out of 17,53%,8,1,0,26 - 6,25,2.78,france
Le Havre,5 out of 17,29%,4,1,0,9 - 2,13,2.60,france
Lens,8 out of 17,47%,6,2,0,14 - 5,20,2.50,france
Angers,7 out of 17,41%,5,2,0,11 - 5,17,2.43,france
Toulouse,8 out of 17,47%,6,0,2,19 - 7,18,2.25,france
Reims,4 out of 17,24%,3,0,1,9 - 4,9,2.25,france
Lyon,8 out of 17,47%,5,2,1,20 - 7,17,2.13,france
Lille,10 out of 17,59%,6,2,2,19 - 9,20,2.00,france
Rennes,6 out of 17,35%,4,0,2,17 - 7,12,2.00,france
Strasbourg,10 out of 17,59%,6,2,2,16 - 9,20,2.00,france
Brest,8 out of 17,47%,5,1,2,16 - 12,16,2.00,france
Nantes,6 out of 17,35%,3,2,1,10 - 12,11,1.83,france
Monaco,9 out of 17,53%,5,1,3,16 - 9,16,1.78,france
Nice,12 out of 17,71%,6,3,3,26 - 17,21,1.75,france
Auxerre,9 out of 17,53%,4,1,4,17 - 15,13,1.44,france
Saint-Etienne,5 out of 17,29%,2,1,2,7 - 7,7,1.40,france
Montpellier,1 out of 17,6%,0,0,1,1 - 2,0,0.00,france
Metz,8 out of 17,47%,7,1,0,21 - 9,22,2.75,france2
Martigues,6 out of 17,35%,5,1,0,11 - 3,16,2.67,france2
Lorient,6 out of 17,35%,5,1,0,10 - 5,16,2.67,france2
AC Ajaccio,4 out of 17,24%,3,1,0,5 - 2,10,2.50,france2
Laval,7 out of 17,41%,5,2,0,13 - 3,17,2.43,france2
Guingamp,10 out of 17,59%,8,0,2,18 - 9,24,2.40,france2
Grenoble,5 out of 17,29%,4,0,1,13 - 5,12,2.40,france2
Paris FC,11 out of 17,65%,8,2,1,20 - 8,26,2.36,france2
Troyes,8 out of 17,47%,6,0,2,15 - 5,18,2.25,france2
Red Star,5 out of 17,29%,3,1,1,9 - 6,10,2.00,france2
Amiens,3 out of 17,18%,2,0,1,5 - 3,6,2.00,france2
Annecy,10 out of 17,59%,5,3,2,15 - 15,18,1.80,france2
USL Dunkerque,11 out of 17,65%,5,3,3,16 - 16,18,1.64,france2
Clermont,7 out of 17,41%,3,2,2,9 - 9,11,1.57,france2
SC Bastia,6 out of 17,35%,2,3,1,8 - 6,9,1.50,france2
Pau FC,6 out of 17,35%,2,3,1,9 - 8,9,1.50,france2
Caen,5 out of 17,29%,2,1,2,8 - 7,7,1.40,france2
Rodez Aveyron,10 out of 17,59%,3,4,3,23 - 17,13,1.30,france2
Orleans,5 out of 16,31%,5,0,0,10 - 2,15,3.00,france3
Concarneau,2 out of 16,12%,2,0,0,3 - 0,6,3.00,france3
Le Mans,9 out of 16,56%,8,1,0,20 - 6,25,2.78,france3
Aubagne,6 out of 16,38%,5,1,0,15 - 5,16,2.67,france3
Nancy,10 out of 16,62%,8,2,0,24 - 8,26,2.60,france3
Bourg-en-Bresse,7 out of 16,44%,5,2,0,10 - 4,17,2.43,france3
Sochaux,5 out of 16,31%,3,2,0,7 - 4,11,2.20,france3
Boulogne,12 out of 16,75%,7,4,1,19 - 11,25,2.08,france3
Quevilly Rouen,7 out of 16,44%,4,2,1,10 - 6,14,2.00,france3
Villefranche,4 out of 16,25%,2,2,0,7 - 4,8,2.00,france3
Dijon,5 out of 16,31%,3,1,1,7 - 5,10,2.00,france3
Valenciennes,4 out of 16,25%,2,1,1,7 - 3,7,1.75,france3
Chateauroux,3 out of 16,19%,1,2,0,5 - 4,5,1.67,france3
Versailles,5 out of 16,31%,2,2,1,13 - 10,8,1.60,france3
Rouen,8 out of 16,50%,3,3,2,12 - 10,12,1.50,france3
Paris 13 A.,6 out of 16,38%,2,3,1,10 - 8,9,1.50,france3
Nimes,5 out of 16,31%,1,2,2,6 - 7,5,1.00,france3
Dila Gori,5 out of 9,56%,5,0,0,9 - 2,15,3.00,georgia
Torpedo Kutaisi,4 out of 9,44%,4,0,0,7 - 2,12,3.00,georgia
Telavi,1 out of 9,11%,1,0,0,2 - 1,3,3.00,georgia
Kolkheti Poti,1 out of 9,11%,1,0,0,1 - 0,3,3.00,georgia
Gagra,5 out of 8,62%,4,0,1,7 - 3,12,2.40,georgia
Iberia,6 out of 9,67%,4,2,0,8 - 4,14,2.33,georgia
Dinamo Tbilisi,3 out of 10,30%,2,0,1,7 - 3,6,2.00,georgia
Samgurali,4 out of 9,44%,2,1,1,9 - 6,7,1.75,georgia
Gareji Sagarejo,4 out of 9,44%,2,1,1,5 - 4,7,1.75,georgia
Dinamo Batumi,4 out of 9,44%,1,3,0,5 - 3,6,1.50,georgia
Meshakhte,3 out of 8,38%,3,0,0,6 - 0,9,3.00,georgia2
Bolnisi,1 out of 8,12%,1,0,0,2 - 0,3,3.00,georgia2
Gonio,1 out of 8,12%,1,0,0,1 - 0,3,3.00,georgia2
Spaeri,5 out of 8,62%,4,1,0,10 - 4,13,2.60,georgia2
Iberia B,3 out of 8,38%,2,1,0,7 - 2,7,2.33,georgia2
Merani Martvili,6 out of 8,75%,4,1,1,10 - 7,13,2.17,georgia2
D. Tbilisi B,2 out of 8,25%,1,1,0,2 - 1,4,2.00,georgia2
L. Tbilisi,6 out of 8,75%,2,2,2,7 - 6,8,1.33,georgia2
Rustavi,1 out of 8,12%,0,1,0,1 - 1,1,1.00,georgia2
Samtredia,3 out of 8,38%,1,0,2,3 - 4,3,1.00,georgia2
Bayern Munich,11 out of 17,65%,9,2,0,35 - 8,29,2.64,germany
FSV Mainz,8 out of 17,47%,7,0,1,24 - 9,21,2.63,germany
Sankt Pauli,5 out of 17,29%,4,1,0,9 - 1,13,2.60,germany
Werder Bremen,8 out of 17,47%,6,2,0,18 - 6,20,2.50,germany
Monchengladbach,8 out of 17,47%,6,1,1,18 - 9,19,2.38,germany
Wolfsburg,10 out of 17,59%,7,2,1,23 - 11,23,2.30,germany
Leverkusen,13 out of 17,76%,8,5,0,28 - 14,29,2.23,germany
Stuttgart,9 out of 17,53%,6,2,1,18 - 9,20,2.22,germany
Dortmund,8 out of 17,47%,5,2,1,18 - 10,17,2.13,germany
FC Augsburg,8 out of 17,47%,5,2,1,13 - 8,17,2.13,germany
E. Frankfurt,10 out of 17,59%,6,3,1,22 - 12,21,2.10,germany
Heidenheim,8 out of 17,47%,5,1,2,15 - 10,16,2.00,germany
Freiburg,8 out of 17,47%,5,1,2,10 - 8,16,2.00,germany
Union Berlin,4 out of 17,24%,2,1,1,9 - 4,7,1.75,germany
Hoffenheim,4 out of 17,24%,2,1,1,6 - 5,7,1.75,germany
Holstein Kiel,6 out of 17,35%,2,4,0,10 - 7,10,1.67,germany
RB Leipzig,8 out of 17,47%,4,1,3,16 - 13,13,1.63,germany
Bochum,4 out of 17,24%,1,1,2,6 - 7,4,1.00,germany
Elversberg,5 out of 17,29%,5,0,0,14 - 2,15,3.00,germany2
Kaiserslautern,4 out of 17,24%,4,0,0,9 - 3,12,3.00,germany2
Hamburger SV,8 out of 17,47%,7,0,1,23 - 8,21,2.63,germany2
Preuss. Munster,4 out of 17,24%,3,1,0,11 - 2,10,2.50,germany2
FC Koln,8 out of 17,47%,6,2,0,12 - 5,20,2.50,germany2
Hannover 96,5 out of 17,29%,3,2,0,9 - 4,11,2.20,germany2
Magdeburg,10 out of 17,59%,6,2,2,25 - 14,20,2.00,germany2
Dusseldorf,9 out of 17,53%,5,3,1,16 - 9,18,2.00,germany2
Greuther Furth,6 out of 17,35%,3,3,0,14 - 8,12,2.00,germany2
Paderborn,7 out of 17,41%,4,2,1,12 - 7,14,2.00,germany2
Hertha Berlin,10 out of 17,59%,6,1,3,22 - 15,19,1.90,germany2
Karlsruher SC,6 out of 17,35%,3,2,1,9 - 7,11,1.83,germany2
FC Nurnberg,9 out of 17,53%,5,1,3,22 - 15,16,1.78,germany2
Schalke 04,5 out of 17,29%,2,2,1,12 - 10,8,1.60,germany2
Braunschweig,5 out of 17,29%,2,2,1,9 - 7,8,1.60,germany2
Darmstadt,7 out of 17,41%,2,2,3,12 - 13,8,1.14,germany2
Ulm,7 out of 17,41%,2,1,4,10 - 15,7,1.00,germany2
Regensburg,3 out of 17,18%,0,0,3,4 - 9,0,0.00,germany2
Bielefeld,8 out of 19,42%,8,0,0,20 - 2,24,3.00,germany3
Dynamo Dresden,10 out of 19,53%,8,2,0,24 - 8,26,2.60,germany3
Energie Cottbus,10 out of 19,53%,8,1,1,22 - 9,25,2.50,germany3
Hansa Rostock,6 out of 19,32%,5,0,1,12 - 2,15,2.50,germany3
RW Essen,8 out of 19,42%,6,2,0,17 - 8,20,2.50,germany3
1860 Munchen,7 out of 19,37%,5,2,0,16 - 5,17,2.43,germany3
Osnabruck,5 out of 19,26%,4,0,1,12 - 6,12,2.40,germany3
Wehen Wiesbaden,8 out of 19,42%,5,3,0,18 - 9,18,2.25,germany3
Saarbrucken,9 out of 19,47%,6,2,1,17 - 10,20,2.22,germany3
Verl,12 out of 19,63%,8,2,2,27 - 12,26,2.17,germany3
Hannover 96 B,6 out of 19,32%,4,1,1,16 - 7,13,2.17,germany3
Viktoria Koln,6 out of 19,32%,4,1,1,14 - 7,13,2.17,germany3
FC Ingolstadt,7 out of 19,37%,4,3,0,25 - 14,15,2.14,germany3
Dortmund B,7 out of 19,37%,4,1,2,18 - 14,13,1.86,germany3
Alemannia A.,9 out of 19,47%,4,3,2,14 - 10,15,1.67,germany3
Erzgebirge Aue,7 out of 19,37%,3,2,2,10 - 8,11,1.57,germany3
Mannheim,7 out of 19,37%,2,5,0,7 - 5,11,1.57,germany3
VfB Stuttgart B,7 out of 19,37%,2,4,1,10 - 8,10,1.43,germany3
Sandhausen,8 out of 19,42%,2,3,3,12 - 13,9,1.13,germany3
Unterhaching,8 out of 19,42%,1,4,3,12 - 15,7,0.88,germany3
Coban Imperial,2 out of 8,25%,2,0,0,3 - 0,6,3.00,guatemala
Municipal,2 out of 8,25%,2,0,0,4 - 2,6,3.00,guatemala
Xelaju,3 out of 8,38%,2,1,0,7 - 2,7,2.33,guatemala
Xinabajul,2 out of 8,25%,1,1,0,3 - 1,4,2.00,guatemala
Comunicaciones,3 out of 8,38%,2,0,1,6 - 5,6,2.00,guatemala
Achuapa,3 out of 8,38%,2,0,1,4 - 3,6,2.00,guatemala
Malacateco,3 out of 8,38%,2,0,1,4 - 3,6,2.00,guatemala
Mixco,4 out of 8,50%,2,1,1,7 - 6,7,1.75,guatemala
Antigua GFC,3 out of 8,38%,1,1,1,4 - 4,4,1.33,guatemala
Guastatoya,2 out of 8,25%,0,2,0,2 - 2,2,1.00,guatemala
Zacapa Tellioz,0 out of 8,0%,0,0,0,0 - 0,0,0,guatemala
Marquense,0 out of 8,0%,0,0,0,0 - 0,0,0,guatemala
Xinabajul,1 out of 10,10%,1,0,0,2 - 1,3,3.00,guatemala2
Comunicaciones,1 out of 10,10%,1,0,0,1 - 0,3,3.00,guatemala2
Guastatoya,3 out of 10,30%,2,1,0,5 - 2,7,2.33,guatemala2
Coban Imperial,4 out of 10,40%,3,0,1,8 - 4,9,2.25,guatemala2
Antigua GFC,5 out of 10,50%,3,1,1,8 - 6,10,2.00,guatemala2
Municipal,6 out of 10,60%,3,1,2,8 - 5,10,1.67,guatemala2
Achuapa,2 out of 10,20%,1,0,1,4 - 2,3,1.50,guatemala2
Mixco,4 out of 10,40%,1,3,0,5 - 4,6,1.50,guatemala2
Xelaju,2 out of 10,20%,0,1,1,3 - 4,1,0.50,guatemala2
Malacateco,4 out of 10,40%,0,1,3,5 - 9,1,0.25,guatemala2
Marquense,0 out of 10,0%,0,0,0,0 - 0,0,0,guatemala2
UPNFM,1 out of 9,11%,1,0,0,2 - 1,3,3.00,honduras
Real Espana,5 out of 9,56%,4,1,0,10 - 1,13,2.60,honduras
Olimpia,5 out of 9,56%,4,1,0,10 - 1,13,2.60,honduras
Marathon,4 out of 9,44%,3,1,0,8 - 3,10,2.50,honduras
Genesis,3 out of 9,33%,2,1,0,10 - 5,7,2.33,honduras
Motagua,6 out of 9,67%,4,1,1,14 - 5,13,2.17,honduras
Juticalpa,4 out of 9,44%,2,2,0,4 - 2,8,2.00,honduras
Real Sociedad,3 out of 9,33%,1,2,0,5 - 4,5,1.67,honduras
Olancho,3 out of 9,33%,1,2,0,4 - 3,5,1.67,honduras
Victoria,3 out of 9,33%,0,2,1,6 - 7,2,0.67,honduras
Marathon,4 out of 9,44%,4,0,0,9 - 2,12,3.00,honduras2
Olancho,1 out of 9,11%,1,0,0,1 - 0,3,3.00,honduras2
Real Espana,5 out of 9,56%,4,1,0,11 - 4,13,2.60,honduras2
Victoria,4 out of 9,44%,3,1,0,8 - 4,10,2.50,honduras2
Olimpia,6 out of 9,67%,4,2,0,11 - 4,14,2.33,honduras2
Juticalpa,2 out of 9,22%,1,1,0,2 - 1,4,2.00,honduras2
Genesis,2 out of 9,22%,1,0,1,2 - 4,3,1.50,honduras2
Motagua,5 out of 9,56%,2,1,2,8 - 6,7,1.40,honduras2
Real Sociedad,3 out of 9,33%,0,3,0,3 - 3,3,1.00,honduras2
UPNFM,2 out of 9,22%,0,1,1,3 - 4,1,0.50,honduras2
Ferencvaros,9 out of 17,53%,8,1,0,16 - 5,25,2.78,hungary
Paks,7 out of 17,41%,5,2,0,16 - 4,17,2.43,hungary
Gyor,7 out of 16,44%,5,2,0,16 - 8,17,2.43,hungary
Nyiregyhaza,3 out of 16,19%,2,1,0,6 - 3,7,2.33,hungary
Puskas A.,10 out of 17,59%,7,2,1,17 - 5,23,2.30,hungary
Debrecen,6 out of 17,35%,4,1,1,14 - 5,13,2.17,hungary
MTK Budapest,6 out of 17,35%,4,1,1,13 - 6,13,2.17,hungary
Fehervar,3 out of 17,18%,2,0,1,5 - 4,6,2.00,hungary
DVTK,7 out of 16,44%,4,1,2,16 - 15,13,1.86,hungary
Ujpest,7 out of 16,44%,4,1,2,11 - 13,13,1.86,hungary
Zalaegerszegi,6 out of 16,38%,1,3,2,7 - 8,6,1.00,hungary
Kecskemeti TE,5 out of 16,31%,1,1,3,6 - 13,4,0.80,hungary
IBV,2 out of 6,33%,2,0,0,6 - 2,6,3.00,iceland
IA Akranes,2 out of 6,33%,2,0,0,5 - 1,6,3.00,iceland
Fram,1 out of 5,20%,1,0,0,3 - 2,3,3.00,iceland
Breidablik,3 out of 4,75%,2,0,1,4 - 4,6,2.00,iceland
Vestri,4 out of 5,80%,2,1,1,6 - 3,7,1.75,iceland
Vikingur R.,3 out of 5,60%,1,2,0,4 - 3,5,1.67,iceland
Hafnarfjordur,2 out of 6,33%,1,0,1,4 - 3,3,1.50,iceland
Valur,2 out of 4,50%,1,0,1,3 - 2,3,1.50,iceland
KR Reykjavik,3 out of 5,60%,0,2,1,7 - 8,2,0.67,iceland
Stjarnan,2 out of 4,50%,0,1,1,2 - 4,1,0.50,iceland
KA Akureyri,0 out of 5,0%,0,0,0,0 - 0,0,0,iceland
Afturelding,0 out of 5,0%,0,0,0,0 - 0,0,0,iceland
Grindavik,2 out of 3,67%,2,0,0,10 - 4,6,3.00,iceland2
Njardvik,2 out of 2,100%,2,0,0,7 - 1,6,3.00,iceland2
Keflavik,1 out of 2,50%,1,0,0,4 - 2,3,3.00,iceland2
Throttur R.,2 out of 3,67%,2,0,0,3 - 1,6,3.00,iceland2
Leiknir R.,1 out of 3,33%,1,0,0,2 - 1,3,3.00,iceland2
HK Kopavogur,4 out of 4,100%,2,1,1,6 - 3,7,1.75,iceland2
IR Reykjavik,4 out of 4,100%,1,3,0,6 - 3,6,1.50,iceland2
Thor Akureyri,2 out of 3,67%,1,0,1,5 - 4,3,1.50,iceland2
Fjolnir,1 out of 3,33%,0,1,0,3 - 3,1,1.00,iceland2
Fylkir,0 out of 3,0%,0,0,0,0 - 0,0,0,iceland2
Selfoss,0 out of 3,0%,0,0,0,0 - 0,0,0,iceland2
Volsungur,1 out of 6,17%,0,0,1,1 - 3,0,0.00,iceland2
Throttur Vogar,3 out of 4,75%,3,0,0,7 - 1,9,3.00,iceland3
Kari,1 out of 4,25%,1,0,0,2 - 1,3,3.00,iceland3
Dalvik/Reynir,1 out of 4,25%,1,0,0,1 - 0,3,3.00,iceland3
Kormakur/Hvot,1 out of 4,25%,1,0,0,1 - 0,3,3.00,iceland3
Haukar,2 out of 3,67%,1,1,0,5 - 2,4,2.00,iceland3
KFA,2 out of 3,67%,1,1,0,3 - 2,4,2.00,iceland3
Hottur/Huginn,1 out of 4,25%,0,1,0,1 - 1,1,1.00,iceland3
V. Olafsvik,1 out of 3,33%,0,1,0,1 - 1,1,1.00,iceland3
Grotta,0 out of 4,0%,0,0,0,0 - 0,0,0,iceland3
Aeggir,0 out of 3,0%,0,0,0,0 - 0,0,0,iceland3
Vidir,1 out of 3,33%,0,0,1,1 - 2,0,0.00,iceland3
KFG,2 out of 3,67%,0,0,2,2 - 6,0,0.00,iceland3
Derry City,3 out of 9,33%,3,0,0,6 - 3,9,3.00,ireland
Galway Utd,3 out of 9,33%,2,1,0,5 - 2,7,2.33,ireland
Shelbourne,3 out of 9,33%,2,1,0,4 - 2,7,2.33,ireland
Waterford,6 out of 9,67%,4,1,1,11 - 8,13,2.17,ireland
Bohemians,3 out of 9,33%,2,0,1,5 - 2,6,2.00,ireland
Shamrock Rovers,2 out of 9,22%,1,1,0,2 - 1,4,2.00,ireland
Sligo Rovers,4 out of 9,44%,2,1,1,8 - 4,7,1.75,ireland
Drogheda Utd,4 out of 10,40%,2,1,1,5 - 4,7,1.75,ireland
St. Patricks,4 out of 10,40%,2,0,2,5 - 4,6,1.50,ireland
Cork City,5 out of 9,56%,0,2,3,6 - 9,2,0.40,ireland
Treaty Utd,2 out of 9,22%,2,0,0,7 - 0,6,3.00,ireland2
UC Dublin,4 out of 8,50%,4,0,0,5 - 1,12,3.00,ireland2
Kerry,2 out of 8,25%,2,0,0,3 - 1,6,3.00,ireland2
Dundalk,8 out of 9,89%,7,1,0,15 - 5,22,2.75,ireland2
Cobh Ramblers,4 out of 8,50%,3,1,0,8 - 3,10,2.50,ireland2
Wexford,4 out of 8,50%,3,1,0,7 - 2,10,2.50,ireland2
Bray Wanderers,5 out of 8,62%,4,0,1,5 - 2,12,2.40,ireland2
Athlone Town,3 out of 9,33%,2,1,0,4 - 1,7,2.33,ireland2
Finn Harps,2 out of 8,25%,1,0,1,2 - 3,3,1.50,ireland2
Longford Town,3 out of 9,33%,0,2,1,3 - 4,2,0.67,ireland2
Maccabi Netanya,5 out of 18,28%,5,0,0,11 - 3,15,3.00,israel
B. Jerusalem,8 out of 18,44%,7,1,0,19 - 5,22,2.75,israel
Sakhnin,5 out of 17,29%,4,1,0,6 - 2,13,2.60,israel
M. Bnei Raina,6 out of 16,38%,5,0,1,9 - 3,15,2.50,israel
H. Beer Sheva,13 out of 18,72%,10,2,1,25 - 8,32,2.46,israel
M. Tel Aviv,12 out of 18,67%,9,2,1,32 - 12,29,2.42,israel
M. Petah Tikva,5 out of 17,29%,4,0,1,9 - 5,12,2.40,israel
Hapoel Haifa,8 out of 18,44%,6,1,1,16 - 4,19,2.38,israel
Ironi Tiberias,3 out of 16,19%,2,1,0,5 - 2,7,2.33,israel
Maccabi Haifa,10 out of 18,56%,7,2,1,27 - 13,23,2.30,israel
Kiryat Shmona,6 out of 16,38%,4,1,1,7 - 3,13,2.17,israel
Ashdod,9 out of 17,53%,4,2,3,17 - 15,14,1.56,israel
H. Jerusalem,8 out of 16,50%,3,3,2,15 - 12,12,1.50,israel
Hapoel Hadera,8 out of 17,47%,3,3,2,10 - 11,12,1.50,israel
Genoa,5 out of 19,26%,5,0,0,9 - 2,15,3.00,italy
Atalanta,12 out of 19,63%,11,0,1,35 - 3,33,2.75,italy
Lazio,12 out of 19,63%,11,0,1,24 - 8,33,2.75,italy
Inter Milan,13 out of 19,68%,11,2,0,35 - 5,35,2.69,italy
Hellas Verona,6 out of 19,32%,5,1,0,10 - 4,16,2.67,italy
Napoli,11 out of 19,58%,8,3,0,18 - 4,27,2.45,italy
AC Milan,8 out of 19,42%,6,1,1,15 - 5,19,2.38,italy
AS Roma,9 out of 19,47%,6,3,0,11 - 4,21,2.33,italy
Torino,6 out of 19,32%,4,2,0,11 - 6,14,2.33,italy
Fiorentina,7 out of 19,37%,5,1,1,16 - 6,16,2.29,italy
Bologna,10 out of 19,53%,6,3,1,19 - 13,21,2.10,italy
Juventus,13 out of 19,68%,6,6,1,20 - 10,24,1.85,italy
Lecce,6 out of 19,32%,3,2,1,8 - 7,11,1.83,italy
Udinese,6 out of 19,32%,3,1,2,9 - 8,10,1.67,italy
Como,7 out of 19,37%,3,2,2,10 - 6,11,1.57,italy
Monza,5 out of 19,26%,2,1,2,10 - 9,7,1.40,italy
Cagliari,5 out of 19,26%,2,1,2,9 - 9,7,1.40,italy
Empoli,9 out of 19,47%,3,3,3,15 - 14,12,1.33,italy
Parma,5 out of 19,26%,0,3,2,8 - 10,3,0.60,italy
Venezia,7 out of 19,37%,0,4,3,8 - 12,4,0.57,italy
Pisa,10 out of 19,53%,8,1,1,22 - 11,25,2.50,italy2
Cesena,6 out of 19,32%,5,0,1,8 - 3,15,2.50,italy2
Cremonese,11 out of 19,58%,8,3,0,26 - 11,27,2.45,italy2
Sassuolo,14 out of 19,74%,10,4,0,28 - 10,34,2.43,italy2
Cittadella,8 out of 19,42%,6,1,1,9 - 4,19,2.38,italy2
Palermo,9 out of 19,47%,6,3,0,20 - 9,21,2.33,italy2
Salernitana,3 out of 19,16%,2,1,0,4 - 1,7,2.33,italy2
Sudtirol,7 out of 19,37%,5,1,1,20 - 10,16,2.29,italy2
Catanzaro,5 out of 19,26%,3,2,0,7 - 3,11,2.20,italy2
Modena,7 out of 19,37%,4,3,0,13 - 8,15,2.14,italy2
Frosinone,8 out of 19,42%,5,2,1,11 - 5,17,2.13,italy2
Brescia,9 out of 19,47%,5,3,1,12 - 8,18,2.00,italy2
Spezia,10 out of 19,53%,5,4,1,19 - 8,19,1.90,italy2
Reggiana,10 out of 19,53%,5,3,2,15 - 13,18,1.80,italy2
Juve Stabia,7 out of 19,37%,3,3,1,11 - 9,12,1.71,italy2
Bari,10 out of 19,53%,3,4,3,15 - 13,13,1.30,italy2
Sampdoria,7 out of 19,37%,1,6,0,11 - 9,9,1.29,italy2
Cosenza,7 out of 19,37%,2,3,2,10 - 10,9,1.29,italy2
Mantova,5 out of 19,26%,1,3,1,8 - 9,6,1.20,italy2
Carrarese,6 out of 19,32%,1,4,1,9 - 10,7,1.17,italy2
Kashima Antlers,4 out of 9,44%,4,0,0,8 - 1,12,3.00,japan
Vissel Kobe,5 out of 9,56%,5,0,0,9 - 3,15,3.00,japan
S. Hiroshima,3 out of 8,38%,3,0,0,5 - 0,9,3.00,japan
Avispa Fukuoka,3 out of 9,33%,3,0,0,3 - 0,9,3.00,japan
Gamba Osaka,2 out of 10,20%,2,0,0,2 - 0,6,3.00,japan
Kashiwa Reysol,5 out of 10,50%,4,1,0,7 - 1,13,2.60,japan
Kyoto Sanga,4 out of 11,36%,3,1,0,7 - 2,10,2.50,japan
Machida Zelvia,7 out of 10,70%,5,2,0,12 - 6,17,2.43,japan
Shonan Bellmare,4 out of 10,40%,3,0,1,6 - 3,9,2.25,japan
Albirex Niigata,4 out of 9,44%,2,2,0,4 - 2,8,2.00,japan
FC Tokyo,3 out of 9,33%,2,0,1,6 - 5,6,2.00,japan
Fagiano Okayama,2 out of 9,22%,1,1,0,2 - 1,4,2.00,japan
Shimizu S-Pulse,4 out of 10,40%,2,1,1,6 - 5,7,1.75,japan
Tokyo Verdy,4 out of 10,40%,2,1,1,5 - 4,7,1.75,japan
K. Frontale,5 out of 9,56%,2,2,1,9 - 6,8,1.60,japan
Yokohama M.,2 out of 8,25%,1,0,1,4 - 2,3,1.50,japan
Nagoya G.,3 out of 10,30%,1,1,1,5 - 3,4,1.33,japan
Urawa RD,4 out of 10,40%,1,2,1,6 - 5,5,1.25,japan
Cerezo Osaka,3 out of 10,30%,1,0,2,7 - 6,3,1.00,japan
Yokohama FC,3 out of 9,33%,1,0,2,3 - 4,3,1.00,japan
Omiya Ardija,4 out of 8,50%,4,0,0,9 - 2,12,3.00,japan2
JEF Utd Chiba,4 out of 9,44%,4,0,0,9 - 3,12,3.00,japan2
Vegalta Sendai,5 out of 9,56%,5,0,0,7 - 2,15,3.00,japan2
FC Imabari,3 out of 8,38%,3,0,0,6 - 1,9,3.00,japan2
Mito Hollyhock,4 out of 8,50%,4,0,0,6 - 1,12,3.00,japan2
Iwaki,2 out of 8,25%,2,0,0,6 - 4,6,3.00,japan2
Tokushima V.,6 out of 10,60%,5,1,0,10 - 1,16,2.67,japan2
C. Sapporo,3 out of 11,27%,2,1,0,5 - 2,7,2.33,japan2
Sagan Tosu,3 out of 7,43%,2,1,0,4 - 1,7,2.33,japan2
Ventforet Kofu,4 out of 10,40%,3,0,1,7 - 2,9,2.25,japan2
Oita Trinita,4 out of 9,44%,2,2,0,7 - 3,8,2.00,japan2
Jubilo Iwata,4 out of 9,44%,2,2,0,12 - 9,8,2.00,japan2
Blaublitz Akita,3 out of 10,30%,2,0,1,4 - 3,6,2.00,japan2
R. Kumamoto,4 out of 8,50%,2,1,1,6 - 4,7,1.75,japan2
R. Yamaguchi,2 out of 9,22%,1,0,1,2 - 2,3,1.50,japan2
M. Yamagata,6 out of 11,55%,2,2,2,10 - 9,8,1.33,japan2
Fujieda MYFC,3 out of 9,33%,1,1,1,8 - 7,4,1.33,japan2
Kataller Toyama,3 out of 9,33%,1,1,1,4 - 4,4,1.33,japan2
Ehime FC,6 out of 9,67%,1,4,1,9 - 12,7,1.17,japan2
V-V. Nagasaki,3 out of 9,33%,0,3,0,4 - 4,3,1.00,japan2
RFS,5 out of 8,62%,5,0,0,15 - 6,15,3.00,latvia
Riga FC,8 out of 8,100%,7,1,0,22 - 5,22,2.75,latvia
Super Nova,2 out of 8,25%,1,1,0,4 - 2,4,2.00,latvia
Liepaja,3 out of 8,38%,2,0,1,6 - 6,6,2.00,latvia
Auda,3 out of 7,43%,1,1,1,4 - 5,4,1.33,latvia
FS Jelgava,1 out of 8,12%,0,1,0,1 - 1,1,1.00,latvia
Grobina,1 out of 8,12%,0,1,0,1 - 1,1,1.00,latvia
Daugavpils,3 out of 8,38%,1,0,2,5 - 8,3,1.00,latvia
Tukums,3 out of 9,33%,0,1,2,4 - 6,1,0.33,latvia
Metta,1 out of 8,12%,0,0,1,1 - 4,0,0.00,latvia
Ogre United,3 out of 7,43%,3,0,0,7 - 0,9,3.00,latvia2
Riga Mariners,2 out of 4,50%,2,0,0,7 - 2,6,3.00,latvia2
Leevon PPK,1 out of 5,20%,1,0,0,4 - 0,3,3.00,latvia2
Tukums B,1 out of 5,20%,1,0,0,1 - 0,3,3.00,latvia2
Skanste,1 out of 4,25%,1,0,0,1 - 0,3,3.00,latvia2
JFK Ventspils,5 out of 5,100%,4,1,0,8 - 3,13,2.60,latvia2
Alberts JDFS,3 out of 4,75%,2,1,0,7 - 1,7,2.33,latvia2
Rezekne,2 out of 5,40%,1,1,0,3 - 2,4,2.00,latvia2
Smiltene,2 out of 4,50%,1,1,0,3 - 2,4,2.00,latvia2
Augsdaugava,1 out of 6,17%,0,1,0,1 - 1,1,1.00,latvia2
RFS B,0 out of 3,0%,0,0,0,0 - 0,0,0,latvia2
Riga FC B,0 out of 4,0%,0,0,0,0 - 0,0,0,latvia2
Marupe,0 out of 3,0%,0,0,0,0 - 0,0,0,latvia2
AFA Olaine,1 out of 4,25%,0,0,1,2 - 4,0,0.00,latvia2
Kauno Zalgiris,4 out of 6,67%,4,0,0,9 - 3,12,3.00,lithuania
Dziugas Telsiai,4 out of 8,50%,4,0,0,5 - 0,12,3.00,lithuania
Hegelmann L.,2 out of 7,29%,2,0,0,5 - 0,6,3.00,lithuania
Siauliai,2 out of 7,29%,2,0,0,4 - 1,6,3.00,lithuania
Riteriai,1 out of 8,12%,1,0,0,3 - 1,3,3.00,lithuania
Suduva,4 out of 7,57%,3,1,0,9 - 4,10,2.50,lithuania
Zalgiris,2 out of 7,29%,1,1,0,4 - 3,4,2.00,lithuania
Banga,2 out of 6,33%,1,1,0,2 - 1,4,2.00,lithuania
Dainava,2 out of 7,29%,0,1,1,3 - 4,1,0.50,lithuania
Panevezys,3 out of 7,43%,0,1,2,3 - 6,1,0.33,lithuania
TransINVEST,4 out of 5,80%,4,0,0,15 - 4,12,3.00,lithuania2
Neptuna K.,3 out of 5,60%,3,0,0,10 - 1,9,3.00,lithuania2
BFA Vilnius,4 out of 5,80%,4,0,0,9 - 1,12,3.00,lithuania2
Siauliai B,1 out of 6,17%,1,0,0,4 - 0,3,3.00,lithuania2
Ekranas,2 out of 6,33%,2,0,0,4 - 1,6,3.00,lithuania2
Panevezys B,1 out of 6,17%,1,0,0,4 - 1,3,3.00,lithuania2
Jonava,1 out of 6,17%,1,0,0,2 - 0,3,3.00,lithuania2
Tauras,1 out of 4,25%,1,0,0,2 - 0,3,3.00,lithuania2
Minija,2 out of 6,33%,2,0,0,2 - 0,6,3.00,lithuania2
Zalgiris B,3 out of 6,50%,2,1,0,8 - 2,7,2.33,lithuania2
Nevezis,3 out of 6,50%,2,0,1,7 - 3,6,2.00,lithuania2
Babrungas,4 out of 6,67%,2,2,0,7 - 5,8,2.00,lithuania2
Atmosfera,2 out of 4,50%,1,0,1,3 - 3,3,1.50,lithuania2
Kauno Z. B,1 out of 6,17%,0,1,0,1 - 1,1,1.00,lithuania2
Be1 NFA,0 out of 5,0%,0,0,0,0 - 0,0,0,lithuania2
Hegelmann B,0 out of 6,0%,0,0,0,0 - 0,0,0,lithuania2
Juarez,4 out of 9,44%,4,0,0,8 - 3,12,3.00,mexico
Atlas,2 out of 9,22%,2,0,0,5 - 3,6,3.00,mexico
Monterrey,5 out of 8,62%,4,1,0,8 - 3,13,2.60,mexico
Tigres,4 out of 9,44%,3,1,0,8 - 1,10,2.50,mexico
Guadalajara,4 out of 8,50%,3,1,0,7 - 1,10,2.50,mexico
Tijuana,3 out of 8,38%,2,1,0,5 - 3,7,2.33,mexico
Pumas UNAM,3 out of 9,33%,2,1,0,3 - 1,7,2.33,mexico
Toluca,5 out of 8,62%,3,2,0,9 - 5,11,2.20,mexico
Cruz Azul,6 out of 8,75%,4,1,1,13 - 6,13,2.17,mexico
A. San Luis,4 out of 9,44%,2,2,0,8 - 5,8,2.00,mexico
Queretaro,2 out of 9,22%,1,1,0,2 - 1,4,2.00,mexico
Club Leon,3 out of 8,38%,1,2,0,7 - 6,5,1.67,mexico
Puebla,2 out of 8,25%,1,0,1,2 - 2,3,1.50,mexico
Pachuca,3 out of 9,33%,1,1,1,5 - 5,4,1.33,mexico
CF America,4 out of 9,44%,1,1,2,9 - 8,4,1.00,mexico
Necaxa,3 out of 8,38%,0,1,2,5 - 7,1,0.33,mexico
Mazatlan,0 out of 9,0%,0,0,0,0 - 0,0,0,mexico
Santos Laguna,3 out of 8,38%,0,0,3,4 - 9,0,0.00,mexico
CF America,5 out of 8,62%,5,0,0,12 - 3,15,3.00,mexico2
Tigres,2 out of 8,25%,2,0,0,5 - 2,6,3.00,mexico2
Toluca,6 out of 9,67%,5,1,0,16 - 5,16,2.67,mexico2
Necaxa,6 out of 9,67%,5,0,1,15 - 8,15,2.50,mexico2
Cruz Azul,5 out of 9,56%,3,2,0,8 - 5,11,2.20,mexico2
Tijuana,5 out of 9,56%,3,1,1,10 - 4,10,2.00,mexico2
Monterrey,5 out of 9,56%,3,1,1,11 - 6,10,2.00,mexico2
Pachuca,3 out of 8,38%,2,0,1,7 - 5,6,2.00,mexico2
Mazatlan,2 out of 8,25%,1,1,0,2 - 1,4,2.00,mexico2
Club Leon,6 out of 9,67%,3,1,2,9 - 8,10,1.67,mexico2
Juarez,3 out of 8,38%,1,2,0,3 - 2,5,1.67,mexico2
Queretaro,2 out of 8,25%,1,0,1,3 - 2,3,1.50,mexico2
Atlas,2 out of 8,25%,1,0,1,4 - 4,3,1.50,mexico2
Guadalajara,4 out of 9,44%,1,2,1,5 - 5,5,1.25,mexico2
Puebla,3 out of 9,33%,1,0,2,5 - 5,3,1.00,mexico2
Pumas UNAM,3 out of 8,38%,1,0,2,7 - 8,3,1.00,mexico2
Santos Laguna,1 out of 9,11%,0,0,1,2 - 4,0,0.00,mexico2
A. San Luis,2 out of 8,25%,0,0,2,2 - 5,0,0.00,mexico2
NEC Nijmegen,5 out of 17,29%,5,0,0,11 - 0,15,3.00,netherlands
Heerenveen,2 out of 17,12%,2,0,0,6 - 3,6,3.00,netherlands
Ajax Amsterdam,9 out of 17,53%,8,1,0,16 - 2,25,2.78,netherlands
Feyenoord,10 out of 17,59%,8,2,0,32 - 9,26,2.60,netherlands
PSV Eindhoven,11 out of 17,65%,9,1,1,36 - 13,28,2.55,netherlands
FC Utrecht,8 out of 17,47%,6,2,0,19 - 7,20,2.50,netherlands
Willem II,4 out of 17,24%,3,1,0,5 - 2,10,2.50,netherlands
AZ Alkmaar,11 out of 17,65%,7,3,1,25 - 14,24,2.18,netherlands
Heracles Almelo,5 out of 17,29%,3,1,1,8 - 7,10,2.00,netherlands
FC Twente,9 out of 17,53%,5,2,2,19 - 15,17,1.89,netherlands
Sparta,11 out of 17,65%,5,5,1,18 - 10,20,1.82,netherlands
PEC Zwolle,8 out of 17,47%,3,5,0,16 - 10,14,1.75,netherlands
FC Groningen,4 out of 17,24%,2,1,1,7 - 5,7,1.75,netherlands
Fortuna Sittard,4 out of 17,24%,2,1,1,6 - 5,7,1.75,netherlands
Go Ahead Eagles,10 out of 17,59%,4,3,3,21 - 20,15,1.50,netherlands
Almere City,6 out of 17,35%,2,2,2,8 - 7,8,1.33,netherlands
NAC Breda,8 out of 17,47%,2,3,3,12 - 13,9,1.13,netherlands
RKC Waalwijk,2 out of 17,12%,0,1,1,3 - 4,1,0.50,netherlands
FC Emmen,8 out of 19,42%,8,0,0,20 - 4,24,3.00,netherlands2
VVV,6 out of 19,32%,6,0,0,18 - 6,18,3.00,netherlands2
FC Volendam,9 out of 19,47%,8,1,0,20 - 8,25,2.78,netherlands2
Cambuur,11 out of 19,58%,10,0,1,27 - 7,30,2.73,netherlands2
FC Den Bosch,7 out of 19,37%,6,0,1,18 - 8,18,2.57,netherlands2
FC Eindhoven,10 out of 19,53%,8,1,1,27 - 10,25,2.50,netherlands2
FC Dordrecht,6 out of 19,32%,5,0,1,9 - 3,15,2.50,netherlands2
Roda JC,3 out of 19,16%,2,1,0,6 - 2,7,2.33,netherlands2
ADO Den Haag,12 out of 19,63%,8,3,1,32 - 13,27,2.25,netherlands2
Jong AZ,8 out of 19,42%,6,0,2,15 - 7,18,2.25,netherlands2
Telstar,10 out of 19,53%,6,2,2,18 - 10,20,2.00,netherlands2
Vitesse Arnhem,9 out of 19,47%,4,4,1,18 - 14,16,1.78,netherlands2
Excelsior,13 out of 19,68%,7,2,4,29 - 17,23,1.77,netherlands2
De Graafschap,8 out of 19,42%,4,2,2,17 - 12,14,1.75,netherlands2
Jong PSV,8 out of 19,42%,4,1,3,17 - 12,13,1.63,netherlands2
Helmond Sport,10 out of 19,53%,4,3,3,18 - 17,15,1.50,netherlands2
Jong Ajax,8 out of 19,42%,3,2,3,13 - 13,11,1.38,netherlands2
TOP Oss,3 out of 19,16%,0,2,1,5 - 6,2,0.67,netherlands2
MVV Maastricht,2 out of 19,11%,0,1,1,3 - 4,1,0.50,netherlands2
Jong Utrecht,3 out of 19,16%,0,1,2,3 - 9,1,0.33,netherlands2
Real Esteli,6 out of 9,67%,6,0,0,15 - 5,18,3.00,nicaragua
Diriangen,5 out of 9,56%,4,1,0,18 - 4,13,2.60,nicaragua
Walter Ferreti,5 out of 9,56%,4,1,0,7 - 2,13,2.60,nicaragua
Matagalpa,4 out of 9,44%,3,1,0,8 - 4,10,2.50,nicaragua
Export Sebaco,2 out of 9,22%,1,0,1,4 - 2,3,1.50,nicaragua
Managua FC,2 out of 9,22%,1,0,1,4 - 2,3,1.50,nicaragua
UNAN Managua,1 out of 9,11%,0,1,0,1 - 1,1,1.00,nicaragua
Rancho Santana,2 out of 9,22%,0,1,1,2 - 3,1,0.50,nicaragua
D. Ocotal,0 out of 9,0%,0,0,0,0 - 0,0,0,nicaragua
Jalapa,0 out of 9,0%,0,0,0,0 - 0,0,0,nicaragua
Walter Ferreti,1 out of 9,11%,1,0,0,1 - 0,3,3.00,nicaragua2
Diriangen,6 out of 9,67%,5,1,0,12 - 1,16,2.67,nicaragua2
Real Esteli,6 out of 9,67%,5,0,1,15 - 8,15,2.50,nicaragua2
Managua FC,6 out of 9,67%,4,0,2,14 - 8,12,2.00,nicaragua2
CS Sebaco,4 out of 9,44%,2,1,1,7 - 4,7,1.75,nicaragua2
Matagalpa,3 out of 9,33%,1,2,0,3 - 2,5,1.67,nicaragua2
UNAN Managua,2 out of 9,22%,1,0,1,3 - 3,3,1.50,nicaragua2
Rancho Santana,1 out of 9,11%,0,1,0,1 - 1,1,1.00,nicaragua2
D. Ocotal,2 out of 9,22%,0,1,1,2 - 3,1,0.50,nicaragua2
Jalapa,1 out of 9,11%,0,0,1,1 - 4,0,0.00,nicaragua2
Glenavon,7 out of 19,37%,6,1,0,17 - 5,19,2.71,northernireland
Ballymena Utd,7 out of 20,35%,6,1,0,13 - 3,19,2.71,northernireland
Crusaders,10 out of 18,56%,8,1,1,15 - 5,25,2.50,northernireland
Linfield,13 out of 18,72%,10,2,1,29 - 10,32,2.46,northernireland
Larne,11 out of 20,55%,8,2,1,19 - 8,26,2.36,northernireland
Portadown,7 out of 18,39%,5,1,1,13 - 4,16,2.29,northernireland
Coleraine,8 out of 19,42%,5,3,0,15 - 6,18,2.25,northernireland
Dungannon,11 out of 18,61%,7,3,1,20 - 7,24,2.18,northernireland
Glentoran,8 out of 21,38%,5,2,1,17 - 7,17,2.13,northernireland
Loughgall,2 out of 19,11%,1,1,0,3 - 2,4,2.00,northernireland
Cliftonville,7 out of 20,35%,3,3,1,16 - 9,12,1.71,northernireland
Carrick Rangers,4 out of 18,22%,1,2,1,5 - 5,5,1.25,northernireland
Viking,4 out of 6,67%,4,0,0,11 - 3,12,3.00,norway
Stromsgodset,2 out of 4,50%,2,0,0,8 - 2,6,3.00,norway
Molde,2 out of 5,40%,2,0,0,6 - 0,6,3.00,norway
Rosenborg,3 out of 5,60%,3,0,0,6 - 1,9,3.00,norway
Brann,2 out of 4,50%,2,0,0,6 - 2,6,3.00,norway
Sarpsborg 08,2 out of 5,40%,2,0,0,5 - 1,6,3.00,norway
HamKam,1 out of 5,20%,1,0,0,3 - 0,3,3.00,norway
Fredrikstad,1 out of 4,25%,1,0,0,1 - 0,3,3.00,norway
Valerenga,3 out of 6,50%,2,1,0,4 - 1,7,2.33,norway
Bodo/Glimt,4 out of 4,100%,2,1,1,8 - 4,7,1.75,norway
Sandefjord,2 out of 5,40%,1,0,1,2 - 3,3,1.50,norway
Tromso,3 out of 4,75%,1,1,1,6 - 7,4,1.33,norway
Bryne,3 out of 4,75%,1,0,2,5 - 5,3,1.00,norway
Kristiansund,3 out of 7,43%,1,0,2,3 - 5,3,1.00,norway
Haugesund,0 out of 5,0%,0,0,0,0 - 0,0,0,norway
KFUM Oslo,1 out of 5,20%,0,0,1,1 - 3,0,0.00,norway
Ranheim,2 out of 4,50%,2,0,0,5 - 1,6,3.00,norway2
Lyn,1 out of 4,25%,1,0,0,3 - 0,3,3.00,norway2
Asane,1 out of 5,20%,1,0,0,3 - 2,3,3.00,norway2
Lillestrom,4 out of 5,80%,3,1,0,11 - 1,10,2.50,norway2
Kongsvinger,3 out of 5,60%,2,1,0,8 - 3,7,2.33,norway2
Start,3 out of 5,60%,2,1,0,7 - 3,7,2.33,norway2
Hodd,3 out of 5,60%,2,1,0,4 - 2,7,2.33,norway2
Sogndal,3 out of 4,75%,2,0,1,5 - 3,6,2.00,norway2
Stabaek,2 out of 4,50%,1,1,0,2 - 1,4,2.00,norway2
Egersund,4 out of 5,80%,2,1,1,5 - 3,7,1.75,norway2
Odd,2 out of 4,50%,1,0,1,5 - 4,3,1.50,norway2
Mjondalen,2 out of 5,40%,1,0,1,5 - 4,3,1.50,norway2
Aalesund,2 out of 3,67%,1,0,1,5 - 5,3,1.50,norway2
Raufoss,1 out of 4,25%,0,1,0,1 - 1,1,1.00,norway2
Moss,0 out of 4,0%,0,0,0,0 - 0,0,0,norway2
Skeid,1 out of 5,20%,0,0,1,3 - 4,0,0.00,norway2
Guarani,7 out of 11,64%,7,0,0,12 - 2,21,3.00,paraguay
S. Ameliano,3 out of 11,27%,3,0,0,6 - 2,9,3.00,paraguay
Libertad,7 out of 11,64%,5,2,0,15 - 4,17,2.43,paraguay
Cerro Porteno,7 out of 11,64%,5,1,1,17 - 6,16,2.29,paraguay
G. Caballero,4 out of 11,36%,3,0,1,6 - 2,9,2.25,paraguay
Nacional,4 out of 11,36%,3,0,1,8 - 5,9,2.25,paraguay
S. Trinidense,6 out of 11,55%,3,3,0,10 - 6,12,2.00,paraguay
2 de Mayo,4 out of 11,36%,2,2,0,5 - 2,8,2.00,paraguay
S. Luqueno,2 out of 11,18%,1,1,0,3 - 2,4,2.00,paraguay
A. Tembetary,2 out of 11,18%,1,1,0,2 - 1,4,2.00,paraguay
Olimpia,5 out of 11,45%,2,1,2,5 - 5,7,1.40,paraguay
D. Recoleta,6 out of 11,55%,2,2,2,12 - 11,8,1.33,paraguay
12 de Junio VH,2 out of 6,33%,2,0,0,4 - 0,6,3.00,paraguay3
Guairena,2 out of 5,40%,2,0,0,3 - 0,6,3.00,paraguay3
Rubio Nu,1 out of 6,17%,1,0,0,1 - 0,3,3.00,paraguay3
D. Capiata,4 out of 6,67%,3,1,0,8 - 1,10,2.50,paraguay3
San Lorenzo,2 out of 5,40%,1,1,0,3 - 1,4,2.00,paraguay3
Sol de America,2 out of 5,40%,1,1,0,2 - 1,4,2.00,paraguay3
D. Santani,2 out of 5,40%,1,0,1,3 - 3,3,1.50,paraguay3
Tacuary,2 out of 5,40%,1,0,1,2 - 2,3,1.50,paraguay3
Guarani de Fram,3 out of 6,50%,0,3,0,3 - 3,3,1.00,paraguay3
C. River Plate,1 out of 6,17%,0,1,0,2 - 2,1,1.00,paraguay3
Pastoreo,2 out of 6,33%,0,2,0,2 - 2,2,1.00,paraguay3
Encarnacion,1 out of 6,17%,0,1,0,1 - 1,1,1.00,paraguay3
Independiente,2 out of 5,40%,0,1,1,2 - 3,1,0.50,paraguay3
Resistencia,2 out of 5,40%,0,1,1,2 - 3,1,0.50,paraguay3
F. de la Mora,0 out of 6,0%,0,0,0,0 - 0,0,0,paraguay3
S. Carapegua,1 out of 5,20%,0,0,1,1 - 2,0,0.00,paraguay3
Sport Boys,1 out of 6,17%,1,0,0,4 - 0,3,3.00,peru
Comerciantes U.,1 out of 6,17%,1,0,0,2 - 0,3,3.00,peru
Sport Huancayo,2 out of 6,33%,2,0,0,2 - 0,6,3.00,peru
A. Huanuco,1 out of 6,17%,1,0,0,1 - 0,3,3.00,peru
Ayacucho,1 out of 7,14%,1,0,0,1 - 0,3,3.00,peru
Cajamarca,1 out of 7,14%,1,0,0,1 - 0,3,3.00,peru
Binacional,3 out of 7,43%,2,1,0,6 - 1,7,2.33,peru
D. Garcilaso,3 out of 7,43%,2,1,0,8 - 4,7,2.33,peru
Universitario,3 out of 6,50%,2,1,0,6 - 2,7,2.33,peru
Cusco,4 out of 7,57%,3,0,1,10 - 6,9,2.25,peru
Alianza A.,4 out of 7,57%,3,0,1,6 - 3,9,2.25,peru
Los Chankas,2 out of 6,33%,1,1,0,3 - 2,4,2.00,peru
Alianza Lima,3 out of 6,50%,2,0,1,3 - 3,6,2.00,peru
S. Cristal,4 out of 7,57%,2,1,1,8 - 7,7,1.75,peru
Cienciano,3 out of 6,50%,1,2,0,4 - 3,5,1.67,peru
ADT,4 out of 7,57%,2,0,2,6 - 6,6,1.50,peru
FBC Melgar,3 out of 6,50%,1,1,1,3 - 5,4,1.33,peru
Atletico Grau,2 out of 6,33%,0,1,1,5 - 6,1,0.50,peru
Juan Pablo II C,1 out of 7,14%,0,0,1,2 - 3,0,0.00,peru
Zaglebie Lubin,2 out of 17,12%,2,0,0,2 - 0,6,3.00,poland
Piast Gliwice,6 out of 17,35%,5,1,0,10 - 3,16,2.67,poland
Cracovia Krakow,8 out of 17,47%,7,0,1,15 - 9,21,2.63,poland
Rakow C.,10 out of 17,59%,8,2,0,17 - 3,26,2.60,poland
Lech Poznan,9 out of 17,53%,7,1,1,17 - 7,22,2.44,poland
Pogon Szczecin,6 out of 17,35%,4,2,0,17 - 8,14,2.33,poland
Motor Lublin,8 out of 17,47%,6,0,2,17 - 17,18,2.25,poland
Jagiellonia,10 out of 17,59%,7,1,2,17 - 10,22,2.20,poland
Katowice,10 out of 17,59%,6,2,2,24 - 16,20,2.00,poland
Legia Warsaw,10 out of 17,59%,5,4,1,20 - 12,19,1.90,poland
Widzew Lodz,3 out of 17,18%,1,2,0,5 - 3,5,1.67,poland
Slask Wroclaw,5 out of 17,29%,2,2,1,12 - 8,8,1.60,poland
Radomiak Radom,5 out of 17,29%,2,2,1,8 - 7,8,1.60,poland
Gornik Zabrze,7 out of 17,41%,3,2,2,13 - 10,11,1.57,poland
Korona Kielce,8 out of 17,47%,2,6,0,8 - 6,12,1.50,poland
Stal Mielec,6 out of 17,35%,2,3,1,12 - 11,9,1.50,poland
Lechia Gdansk,9 out of 17,53%,3,3,3,18 - 16,12,1.33,poland
Puszcza Niepolo,6 out of 17,35%,2,1,3,7 - 9,7,1.17,poland
Arka Gdynia,11 out of 17,65%,9,2,0,22 - 3,29,2.64,poland2
T. Nieciecza,13 out of 17,76%,11,1,1,29 - 8,34,2.62,poland2
Ruch Chorzow,8 out of 17,47%,6,2,0,15 - 6,20,2.50,poland2
Tychy,9 out of 17,53%,7,1,1,20 - 11,22,2.44,poland2
Wisla Krakow,10 out of 17,59%,8,0,2,26 - 7,24,2.40,poland2
Miedz Legnica,10 out of 17,59%,7,3,0,18 - 7,24,2.40,poland2
Warta Poznan,3 out of 17,18%,2,1,0,3 - 1,7,2.33,poland2
LKS Lodz,9 out of 17,53%,6,2,1,19 - 10,20,2.22,poland2
Znicz Pruszkow,5 out of 17,29%,3,2,0,9 - 2,11,2.20,poland2
Stal Rzeszow,5 out of 17,29%,3,2,0,9 - 4,11,2.20,poland2
Gornik Leczna,6 out of 17,35%,4,1,1,10 - 3,13,2.17,poland2
Wisla Plock,8 out of 17,47%,5,2,1,16 - 11,17,2.13,poland2
Polonia Warszaw,10 out of 17,59%,6,2,2,18 - 13,20,2.00,poland2
Odra Opole,6 out of 17,35%,3,2,1,9 - 7,11,1.83,poland2
Chrobry Glogow,6 out of 17,35%,3,1,2,11 - 10,10,1.67,poland2
K. Kolobrzeg,8 out of 17,47%,3,2,3,11 - 9,11,1.38,poland2
Stalowa Wola,7 out of 17,41%,2,2,3,10 - 13,8,1.14,poland2
Pogon Siedlce,3 out of 17,18%,0,2,1,3 - 4,2,0.67,poland2
FC Porto,8 out of 17,47%,8,0,0,19 - 1,24,3.00,portugal
Sporting Braga,10 out of 17,59%,9,0,1,16 - 4,27,2.70,portugal
Estoril,5 out of 17,29%,4,1,0,15 - 7,13,2.60,portugal
Guimaraes,5 out of 17,29%,4,1,0,8 - 3,13,2.60,portugal
Boavista,5 out of 17,29%,4,1,0,8 - 3,13,2.60,portugal
Benfica,12 out of 17,71%,10,1,1,28 - 10,31,2.58,portugal
Sporting CP,15 out of 17,88%,10,4,1,44 - 12,34,2.27,portugal
Santa Clara,9 out of 17,53%,6,2,1,13 - 9,20,2.22,portugal
Casa Pia,6 out of 17,35%,4,1,1,11 - 7,13,2.17,portugal
Famalicao,7 out of 17,41%,4,2,1,14 - 7,14,2.00,portugal
Rio Ave,5 out of 17,29%,3,1,1,10 - 6,10,2.00,portugal
Farense,6 out of 17,35%,3,3,0,9 - 6,12,2.00,portugal
Nacional,4 out of 17,24%,2,2,0,6 - 3,8,2.00,portugal
Estrela Amadora,4 out of 17,24%,2,2,0,4 - 2,8,2.00,portugal
Moreirense,7 out of 17,41%,4,1,2,12 - 9,13,1.86,portugal
AVS,4 out of 17,24%,2,1,1,5 - 5,7,1.75,portugal
Arouca,9 out of 17,53%,4,2,3,13 - 14,14,1.56,portugal
Gil Vicente,7 out of 17,41%,3,1,3,12 - 12,10,1.43,portugal
Chaves,6 out of 17,35%,6,0,0,11 - 3,18,3.00,portugal2
Vizela,10 out of 17,59%,8,1,1,18 - 7,25,2.50,portugal2
Alverca,9 out of 17,53%,6,3,0,16 - 6,21,2.33,portugal2
Maritimo,7 out of 17,41%,5,1,1,12 - 6,16,2.29,portugal2
Uniao de Leiria,11 out of 17,65%,8,1,2,24 - 9,25,2.27,portugal2
FC Porto B,5 out of 17,29%,3,2,0,10 - 4,11,2.20,portugal2
Pacos Ferreira,6 out of 17,35%,4,1,1,9 - 5,13,2.17,portugal2
Torreense,8 out of 17,47%,5,2,1,14 - 7,17,2.13,portugal2
Tondela,11 out of 17,65%,6,5,0,20 - 8,23,2.09,portugal2
Benfica B,9 out of 17,53%,5,3,1,21 - 11,18,2.00,portugal2
Penafiel,8 out of 17,47%,5,1,2,14 - 11,16,2.00,portugal2
Feirense,5 out of 17,29%,3,1,1,6 - 4,10,2.00,portugal2
Oliveirense,5 out of 17,29%,3,0,2,9 - 8,9,1.80,portugal2
Portimonense,5 out of 17,29%,2,2,1,8 - 6,8,1.60,portugal2
Academico Viseu,10 out of 17,59%,3,6,1,18 - 11,15,1.50,portugal2
Leixoes,7 out of 17,41%,3,1,3,9 - 9,10,1.43,portugal2
Felgueiras,8 out of 17,47%,2,5,1,12 - 8,11,1.38,portugal2
Mafra,5 out of 17,29%,1,1,3,7 - 8,4,0.80,portugal2
Lokomotiv M.,6 out of 15,40%,6,0,0,18 - 4,18,3.00,russia
Zenit,10 out of 15,67%,9,1,0,23 - 1,28,2.80,russia
Spartak Moscow,7 out of 15,47%,6,1,0,16 - 2,19,2.71,russia
CSKA Moscow,11 out of 15,73%,9,2,0,19 - 6,29,2.64,russia
Rostov,4 out of 15,27%,3,1,0,8 - 3,10,2.50,russia
FC Krasnodar,11 out of 15,73%,8,2,1,25 - 12,26,2.36,russia
Akron,6 out of 15,40%,4,2,0,12 - 5,14,2.33,russia
Dinamo Moscow,8 out of 15,53%,5,3,0,18 - 8,18,2.25,russia
Khimki,3 out of 15,20%,1,2,0,7 - 5,5,1.67,russia
Makhachkala,6 out of 15,40%,2,3,1,7 - 6,9,1.50,russia
Nizhny Novgorod,6 out of 15,40%,3,0,3,8 - 8,9,1.50,russia
Krylya Sovetov,5 out of 15,33%,1,3,1,7 - 7,6,1.20,russia
Akhmat Grozny,4 out of 15,27%,1,1,2,7 - 8,4,1.00,russia
Orenburg,3 out of 15,20%,1,0,2,5 - 6,3,1.00,russia
Rubin Kazan,2 out of 15,13%,0,1,1,3 - 4,1,0.50,russia
Fakel Voronezh,3 out of 15,20%,0,1,2,3 - 6,1,0.33,russia
Chernomorets,9 out of 17,53%,9,0,0,20 - 2,27,3.00,russia2
SKA Khabarovsk,6 out of 17,35%,6,0,0,10 - 1,18,3.00,russia2
Torpedo Moscow,10 out of 17,59%,9,1,0,16 - 4,28,2.80,russia2
Baltika,8 out of 17,47%,7,1,0,17 - 3,22,2.75,russia2
A. Vladikavkaz,5 out of 17,29%,4,1,0,9 - 1,13,2.60,russia2
Rodina Moskva,5 out of 17,29%,4,1,0,7 - 3,13,2.60,russia2
Chayka,4 out of 17,24%,3,1,0,7 - 4,10,2.50,russia2
Rotor Volgograd,10 out of 17,59%,6,4,0,16 - 6,22,2.20,russia2
Shinnik,3 out of 17,18%,2,0,1,4 - 3,6,2.00,russia2
PFC Sochi,10 out of 17,59%,5,4,1,16 - 10,19,1.90,russia2
Tyumen,6 out of 17,35%,3,1,2,12 - 10,10,1.67,russia2
Yenisey,8 out of 17,47%,4,1,3,11 - 10,13,1.63,russia2
Ural,10 out of 17,59%,4,3,3,17 - 13,15,1.50,russia2
Kamaz,4 out of 17,24%,2,0,2,5 - 4,6,1.50,russia2
Neftekhimik,7 out of 17,41%,3,1,3,14 - 11,10,1.43,russia2
Ufa,6 out of 17,35%,2,2,2,7 - 6,8,1.33,russia2
Arsenal Tula,6 out of 17,35%,2,2,2,9 - 12,8,1.33,russia2
Sokol Saratov,7 out of 17,41%,2,3,2,12 - 10,9,1.29,russia2
Al Ittihad,9 out of 17,53%,8,1,0,20 - 6,25,2.78,saudiarabia
Al Nassr,11 out of 17,65%,10,0,1,34 - 10,30,2.73,saudiarabia
Al Quadisiya,7 out of 17,41%,6,1,0,13 - 1,19,2.71,saudiarabia
Al Ahli Jeddah,11 out of 17,65%,9,1,1,21 - 8,28,2.55,saudiarabia
Al Ittifaq,6 out of 17,35%,5,0,1,12 - 5,15,2.50,saudiarabia
Al Feiha,4 out of 17,24%,3,1,0,7 - 2,10,2.50,saudiarabia
Al Orubah,5 out of 17,29%,4,0,1,11 - 8,12,2.40,saudiarabia
Al Shabab,12 out of 17,71%,8,4,0,24 - 10,28,2.33,saudiarabia
Al Hilal,10 out of 17,59%,7,1,2,29 - 14,22,2.20,saudiarabia
Al Fateh,5 out of 17,29%,3,2,0,9 - 5,11,2.20,saudiarabia
Al Taawon,6 out of 17,35%,4,1,1,10 - 4,13,2.17,saudiarabia
Al Wahda,6 out of 17,35%,4,1,1,10 - 6,13,2.17,saudiarabia
Al Kholood,7 out of 17,41%,4,2,1,13 - 10,14,2.00,saudiarabia
Al Akhdoud,5 out of 17,29%,3,1,1,6 - 4,10,2.00,saudiarabia
Damak,6 out of 17,35%,3,1,2,11 - 8,10,1.67,saudiarabia
Al Khaleej,6 out of 17,35%,3,1,2,9 - 10,10,1.67,saudiarabia
Al Raed,9 out of 17,53%,4,0,5,21 - 15,12,1.33,saudiarabia
Al Riyadh,8 out of 17,47%,2,2,4,11 - 13,8,1.00,saudiarabia
Celtic,13 out of 19,68%,12,1,0,46 - 9,37,2.85,scotland
Hearts,6 out of 19,32%,5,1,0,14 - 4,16,2.67,scotland
Aberdeen,7 out of 19,37%,5,1,1,10 - 6,16,2.29,scotland
Rangers,8 out of 19,42%,5,3,0,18 - 10,18,2.25,scotland
Dundee FC,9 out of 19,47%,6,2,1,17 - 10,20,2.22,scotland
Motherwell,7 out of 20,35%,5,0,2,11 - 10,15,2.14,scotland
St. Mirren,11 out of 18,61%,6,3,2,21 - 14,21,1.91,scotland
Dundee Utd,10 out of 19,53%,5,4,1,13 - 10,19,1.90,scotland
Ross County,7 out of 19,37%,4,1,2,13 - 8,13,1.86,scotland
Hibernian,9 out of 19,47%,3,4,2,14 - 13,13,1.44,scotland
St. Johnstone,6 out of 19,32%,2,2,2,9 - 8,8,1.33,scotland
Kilmarnock,3 out of 19,16%,1,0,2,5 - 5,3,1.00,scotland
Livingston,8 out of 18,44%,8,0,0,18 - 5,24,3.00,scotland2
Queens Park,4 out of 18,22%,4,0,0,9 - 1,12,3.00,scotland2
Partick Thistle,6 out of 18,33%,6,0,0,8 - 0,18,3.00,scotland2
Ayr Utd,8 out of 18,44%,6,1,1,12 - 4,19,2.38,scotland2
Dunfermline,3 out of 18,17%,2,1,0,6 - 2,7,2.33,scotland2
Falkirk,13 out of 18,72%,8,4,1,28 - 13,28,2.15,scotland2
Hamilton,7 out of 18,39%,4,2,1,14 - 9,14,2.00,scotland2
Raith Rovers,7 out of 18,39%,4,1,2,18 - 10,13,1.86,scotland2
Airdrieonians,3 out of 18,17%,1,2,0,8 - 3,5,1.67,scotland2
Greenock Morton,8 out of 18,44%,3,3,2,14 - 12,12,1.50,scotland2
Stenhousemuir,7 out of 18,39%,6,1,0,18 - 4,19,2.71,scotland3
Alloa Athletic,5 out of 18,28%,4,1,0,9 - 2,13,2.60,scotland3
Kelty Hearts,7 out of 18,39%,5,1,1,16 - 5,16,2.29,scotland3
Annan Athletic,4 out of 18,22%,3,0,1,10 - 5,9,2.25,scotland3
Inverness,11 out of 18,61%,7,2,2,19 - 11,23,2.09,scotland3
Cove Rangers,15 out of 18,83%,9,2,4,36 - 16,29,1.93,scotland3
Arbroath,12 out of 18,67%,7,2,3,25 - 17,23,1.92,scotland3
Montrose,10 out of 18,56%,5,4,1,17 - 12,19,1.90,scotland3
Dumbarton,4 out of 18,22%,2,1,1,10 - 4,7,1.75,scotland3
Queen of South,6 out of 18,33%,2,2,2,9 - 7,8,1.33,scotland3
East Fife,6 out of 18,33%,6,0,0,12 - 1,18,3.00,scotland4
Peterhead,4 out of 18,22%,3,1,0,7 - 1,10,2.50,scotland4
Elgin City,8 out of 18,44%,5,3,0,11 - 5,18,2.25,scotland4
Edinburgh City,9 out of 18,50%,6,2,1,18 - 10,20,2.22,scotland4
Stirling Albion,5 out of 18,28%,3,2,0,8 - 2,11,2.20,scotland4
Spartans,8 out of 18,44%,5,2,1,16 - 7,17,2.13,scotland4
Stranraer,8 out of 18,44%,5,1,2,12 - 8,16,2.00,scotland4
Bonnyrigg Rose,8 out of 18,44%,4,3,1,13 - 8,15,1.88,scotland4
Forfar Athletic,7 out of 18,39%,4,1,2,8 - 6,13,1.86,scotland4
Clyde,5 out of 18,28%,2,2,1,9 - 6,8,1.60,scotland4
T. Odzaci,6 out of 19,32%,6,0,0,14 - 7,18,3.00,serbia
Radnicki Nis,3 out of 19,16%,3,0,0,7 - 2,9,3.00,serbia
Red Star,14 out of 18,78%,13,1,0,47 - 8,40,2.86,serbia
Vojvodina,10 out of 19,53%,8,2,0,26 - 7,26,2.60,serbia
Z. Pancevo,10 out of 18,56%,7,3,0,16 - 8,24,2.40,serbia
Mladost Lucani,6 out of 19,32%,4,2,0,10 - 6,14,2.33,serbia
S. Subotica,3 out of 19,16%,2,1,0,9 - 5,7,2.33,serbia
Backa Topola,9 out of 19,47%,6,2,1,22 - 10,20,2.22,serbia
Partizan,14 out of 18,78%,10,1,3,30 - 13,31,2.21,serbia
Radnicki 1923,6 out of 18,33%,4,1,1,12 - 5,13,2.17,serbia
OFK Beograd,7 out of 18,39%,5,0,2,8 - 5,15,2.14,serbia
IMT N. Beograd,8 out of 18,44%,5,2,1,17 - 9,17,2.13,serbia
Cukaricki,12 out of 18,67%,7,3,2,18 - 14,24,2.00,serbia
Novi Pazar,8 out of 19,42%,5,1,2,12 - 8,16,2.00,serbia
Napredak,7 out of 18,39%,3,0,4,12 - 13,9,1.29,serbia
Jedinstvo U.,5 out of 19,26%,1,0,4,8 - 11,3,0.60,serbia
S. Bratislava,7 out of 16,44%,7,0,0,23 - 5,21,3.00,slovakia
Komarno,5 out of 16,31%,5,0,0,7 - 1,15,3.00,slovakia
FC Kosice,6 out of 16,38%,5,0,1,11 - 5,15,2.50,slovakia
Spartak Trnava,8 out of 16,50%,5,2,1,16 - 6,17,2.13,slovakia
DAC Streda,10 out of 16,62%,5,5,0,18 - 8,20,2.00,slovakia
Zilina,9 out of 16,56%,5,1,3,25 - 16,16,1.78,slovakia
Skalica,4 out of 16,25%,2,1,1,9 - 6,7,1.75,slovakia
Podbrezova,10 out of 16,62%,3,6,1,15 - 12,15,1.50,slovakia
Ruzomberok,2 out of 16,12%,1,0,1,4 - 4,3,1.50,slovakia
Z. Michalovce,7 out of 16,44%,3,1,3,12 - 12,10,1.43,slovakia
Banska Bystrica,6 out of 16,38%,1,4,1,11 - 12,7,1.17,slovakia
Trencin,3 out of 16,19%,0,2,1,5 - 8,2,0.67,slovakia
Mamelodi S.,7 out of 14,50%,7,0,0,16 - 2,21,3.00,southafrica
Orlando Pirates,8 out of 14,57%,8,0,0,11 - 2,24,3.00,southafrica
Kaizer Chiefs,2 out of 14,14%,2,0,0,4 - 1,6,3.00,southafrica
Golden Arrows,4 out of 14,29%,3,1,0,5 - 1,10,2.50,southafrica
Sekhukhune,8 out of 14,57%,6,1,1,13 - 5,19,2.38,southafrica
Polokwane,3 out of 14,21%,2,1,0,4 - 1,7,2.33,southafrica
Stellenbosch,10 out of 14,71%,7,2,1,20 - 7,23,2.30,southafrica
SuperSport Utd,4 out of 14,29%,2,2,0,7 - 3,8,2.00,southafrica
TS Galaxy,4 out of 14,29%,2,2,0,7 - 4,8,2.00,southafrica
Richards Bay,5 out of 14,36%,3,1,1,6 - 3,10,2.00,southafrica
AmaZulu,6 out of 14,43%,4,0,2,9 - 7,12,2.00,southafrica
Cape Town City,3 out of 14,21%,2,0,1,4 - 2,6,2.00,southafrica
Magesi,3 out of 14,21%,2,0,1,3 - 3,6,2.00,southafrica
Marumo G.,6 out of 14,43%,3,2,1,8 - 6,11,1.83,southafrica
Chippa Utd,3 out of 14,21%,1,1,1,4 - 3,4,1.33,southafrica
Royal AM,0 out of 0,-,0,0,0,0 - 0,0,0,southafrica
Jeonbuk Motors,6 out of 8,75%,6,0,0,11 - 1,18,3.00,southkorea
Seoul,3 out of 9,33%,3,0,0,3 - 0,9,3.00,southkorea
Daejeon Citizen,7 out of 9,78%,5,2,0,16 - 7,17,2.43,southkorea
Jeju Utd,3 out of 9,33%,2,1,0,5 - 2,7,2.33,southkorea
Ulsan,6 out of 10,60%,4,1,1,8 - 5,13,2.17,southkorea
Gangwon,6 out of 9,67%,4,0,2,9 - 5,12,2.00,southkorea
Anyang,5 out of 8,62%,3,0,2,7 - 5,9,1.80,southkorea
Gwangju,5 out of 8,62%,2,3,0,7 - 5,9,1.80,southkorea
Gimcheon Sangmu,4 out of 9,44%,2,0,2,9 - 6,6,1.50,southkorea
Pohang Steelers,3 out of 8,38%,1,1,1,4 - 3,4,1.33,southkorea
Daegu,1 out of 8,12%,0,1,0,2 - 2,1,1.00,southkorea
Suwon City,0 out of 9,0%,0,0,0,0 - 0,0,0,southkorea
Ansan Greeners,2 out of 7,29%,2,0,0,3 - 0,6,3.00,southkorea2
Busan IPark,5 out of 6,83%,4,1,0,12 - 3,13,2.60,southkorea2
Incheon Utd,5 out of 6,83%,4,0,1,10 - 3,12,2.40,southkorea2
Seoul E-Land,3 out of 6,50%,2,1,0,5 - 3,7,2.33,southkorea2
Suwon Bluewings,3 out of 7,43%,2,1,0,4 - 2,7,2.33,southkorea2
Jeonnam,7 out of 11,64%,5,1,1,10 - 5,16,2.29,southkorea2
Asan,4 out of 8,50%,2,2,0,7 - 3,8,2.00,southkorea2
Gyeongnam,2 out of 7,29%,1,1,0,2 - 1,4,2.00,southkorea2
Gimpo,4 out of 7,57%,2,1,1,6 - 3,7,1.75,southkorea2
Cheongju,4 out of 10,40%,2,1,1,5 - 3,7,1.75,southkorea2
Bucheon FC,4 out of 8,50%,2,1,1,8 - 7,7,1.75,southkorea2
Seongnam,3 out of 7,43%,1,2,0,3 - 2,5,1.67,southkorea2
Hwaseong,3 out of 8,38%,1,1,1,6 - 6,4,1.33,southkorea2
Cheonan City,1 out of 7,14%,0,0,1,1 - 2,0,0.00,southkorea2
Getafe,6 out of 19,32%,6,0,0,14 - 3,18,3.00,spain
Villarreal,9 out of 19,47%,8,1,0,16 - 8,25,2.78,spain
Athletic Bilbao,7 out of 19,37%,6,1,0,12 - 4,19,2.71,spain
Real Sociedad,6 out of 19,32%,5,1,0,12 - 3,16,2.67,spain
FC Barcelona,13 out of 19,68%,10,3,0,38 - 9,33,2.54,spain
Real Betis,7 out of 19,37%,5,1,1,13 - 8,16,2.29,spain
Mallorca,7 out of 19,37%,5,1,1,11 - 6,16,2.29,spain
Atletico Madrid,10 out of 19,53%,6,3,1,19 - 5,21,2.10,spain
Real Madrid,13 out of 19,68%,8,3,2,24 - 10,27,2.08,spain
Sevilla FC,5 out of 19,26%,3,1,1,10 - 4,10,2.00,spain
Rayo Vallecano,9 out of 19,47%,5,2,2,11 - 8,17,1.89,spain
Celta Vigo,6 out of 19,32%,3,2,1,9 - 7,11,1.83,spain
Girona,8 out of 19,42%,4,2,2,9 - 6,14,1.75,spain
Las Palmas,4 out of 19,21%,2,1,1,7 - 7,7,1.75,spain
Espanyol,7 out of 19,37%,3,2,2,11 - 8,11,1.57,spain
Alaves,8 out of 19,42%,3,3,2,13 - 11,12,1.50,spain
Osasuna,6 out of 19,32%,2,3,1,9 - 8,9,1.50,spain
Valencia,8 out of 19,42%,2,4,2,13 - 14,10,1.25,spain
Leganes,8 out of 19,42%,2,4,2,9 - 10,10,1.25,spain
Valladolid,2 out of 19,11%,0,0,2,3 - 6,0,0.00,spain
Huesca,6 out of 21,29%,5,1,0,10 - 2,16,2.67,spain2
Mirandes,9 out of 21,43%,7,2,0,18 - 6,23,2.56,spain2
Deportivo,9 out of 21,43%,6,3,0,19 - 9,21,2.33,spain2
Real Zaragoza,3 out of 21,14%,2,1,0,8 - 3,7,2.33,spain2
Racing,8 out of 21,38%,6,0,2,12 - 8,18,2.25,spain2
Racing Ferrol,4 out of 21,19%,3,0,1,6 - 4,9,2.25,spain2
Elche,11 out of 21,52%,7,3,1,19 - 6,24,2.18,spain2
Levante,11 out of 21,52%,7,3,1,21 - 12,24,2.18,spain2
Cadiz,8 out of 21,38%,5,2,1,18 - 10,17,2.13,spain2
Real Oviedo,10 out of 21,48%,5,5,0,16 - 8,20,2.00,spain2
Granada,11 out of 21,52%,7,1,3,20 - 13,22,2.00,spain2
Almeria,8 out of 21,38%,5,1,2,15 - 10,16,2.00,spain2
Cordoba,9 out of 21,43%,5,3,1,15 - 11,18,2.00,spain2
Burgos,8 out of 21,38%,5,1,2,10 - 8,16,2.00,spain2
Eldense,7 out of 21,33%,4,2,1,8 - 6,14,2.00,spain2
Albacete,6 out of 21,29%,3,2,1,11 - 6,11,1.83,spain2
Castellon,10 out of 21,48%,5,2,3,22 - 19,17,1.70,spain2
Eibar,8 out of 21,38%,3,4,1,13 - 9,13,1.63,spain2
Sporting Gijon,8 out of 21,38%,3,3,2,14 - 11,12,1.50,spain2
Malaga,5 out of 21,24%,2,1,2,9 - 8,7,1.40,spain2
Tenerife,5 out of 21,24%,0,4,1,7 - 8,4,0.80,spain2
Cartagena,7 out of 21,33%,1,1,5,11 - 18,4,0.57,spain2
Degerfors,3 out of 6,50%,3,0,0,11 - 4,9,3.00,sweden
Hammarby,3 out of 6,50%,3,0,0,7 - 0,9,3.00,sweden
IFK Goteborg,3 out of 6,50%,3,0,0,7 - 2,9,3.00,sweden
Elfsborg,3 out of 5,60%,3,0,0,6 - 1,9,3.00,sweden
Djurgarden,3 out of 6,50%,3,0,0,4 - 1,9,3.00,sweden
Oster,2 out of 7,29%,2,0,0,3 - 1,6,3.00,sweden
AIK,5 out of 8,62%,4,1,0,8 - 4,13,2.60,sweden
Malmo FF,3 out of 6,50%,2,1,0,7 - 3,7,2.33,sweden
Brommapojkarna,3 out of 6,50%,2,1,0,6 - 2,7,2.33,sweden
Hacken,3 out of 6,50%,2,1,0,6 - 3,7,2.33,sweden
Halmstad,2 out of 5,40%,1,1,0,2 - 1,4,2.00,sweden
Mjallby,6 out of 7,86%,3,2,1,12 - 7,11,1.83,sweden
Norrkoping,4 out of 5,80%,2,1,1,9 - 7,7,1.75,sweden
GAIS,3 out of 7,43%,1,2,0,5 - 2,5,1.67,sweden
Sirius,3 out of 6,50%,0,1,2,4 - 6,1,0.33,sweden
Varnamo,0 out of 6,0%,0,0,0,0 - 0,0,0,sweden
Landskrona,3 out of 5,60%,3,0,0,6 - 2,9,3.00,sweden2
Brage,3 out of 6,50%,3,0,0,4 - 0,9,3.00,sweden2
GIF Sundsvall,2 out of 5,40%,2,0,0,3 - 1,6,3.00,sweden2
Vasteras,1 out of 6,17%,1,0,0,2 - 0,3,3.00,sweden2
Sandviken,1 out of 5,20%,1,0,0,2 - 1,3,3.00,sweden2
Trelleborg,1 out of 6,17%,1,0,0,1 - 0,3,3.00,sweden2
Oddevold,5 out of 5,100%,4,1,0,10 - 3,13,2.60,sweden2
Varberg BoIS,3 out of 6,50%,2,1,0,6 - 1,7,2.33,sweden2
Ostersunds,3 out of 6,50%,2,1,0,5 - 2,7,2.33,sweden2
Kalmar,4 out of 7,57%,2,2,0,11 - 5,8,2.00,sweden2
Helsingborg,2 out of 5,40%,1,1,0,5 - 3,4,2.00,sweden2
Falkenberg,4 out of 6,67%,2,1,1,9 - 6,7,1.75,sweden2
Utsikten,3 out of 5,60%,1,1,1,6 - 5,4,1.33,sweden2
Umea,1 out of 5,20%,0,1,0,2 - 2,1,1.00,sweden2
Orgryte,4 out of 4,100%,0,3,1,6 - 7,3,0.75,sweden2
Orebro,2 out of 6,33%,0,1,1,5 - 6,1,0.50,sweden2
Servette,9 out of 19,47%,7,0,2,18 - 11,21,2.33,switzerland
FC Zurich,10 out of 19,53%,7,2,1,19 - 9,23,2.30,switzerland
Lugano,7 out of 19,37%,5,1,1,14 - 6,16,2.29,switzerland
BSC Young Boys,6 out of 19,32%,4,1,1,12 - 7,13,2.17,switzerland
FC Basel,13 out of 19,68%,7,4,2,36 - 17,25,1.92,switzerland
Grasshopper,7 out of 19,37%,4,1,2,8 - 6,13,1.86,switzerland
Yverdon,6 out of 19,32%,2,4,0,11 - 9,10,1.67,switzerland
Lausanne Sport,8 out of 18,44%,3,4,1,18 - 11,13,1.63,switzerland
St. Gallen,8 out of 20,40%,3,4,1,13 - 10,13,1.63,switzerland
Luzern,7 out of 19,37%,3,2,2,15 - 12,11,1.57,switzerland
Sion,5 out of 19,26%,2,1,2,8 - 9,7,1.40,switzerland
Winterthur,6 out of 19,32%,1,1,4,8 - 14,4,0.67,switzerland
Khon Kaen Utd,2 out of 15,13%,2,0,0,3 - 1,6,3.00,thailand
Buriram Utd,8 out of 15,53%,7,1,0,25 - 4,22,2.75,thailand
Bangkok Utd,10 out of 15,67%,8,1,1,22 - 10,25,2.50,thailand
Port FC,6 out of 15,40%,4,2,0,11 - 7,14,2.33,thailand
Rayong,3 out of 15,20%,2,1,0,4 - 2,7,2.33,thailand
Ratchaburi,9 out of 15,60%,6,2,1,28 - 15,20,2.22,thailand
Prachuap,3 out of 15,20%,2,0,1,6 - 3,6,2.00,thailand
Nakhon Pathom,2 out of 15,13%,1,1,0,4 - 1,4,2.00,thailand
Pathum Utd,9 out of 15,60%,4,5,0,17 - 9,17,1.89,thailand
N. Ratchasima,4 out of 15,27%,2,1,1,7 - 6,7,1.75,thailand
Lamphun Warrior,6 out of 15,40%,2,4,0,10 - 6,10,1.67,thailand
Muang Thong Utd,3 out of 15,20%,1,1,1,7 - 4,4,1.33,thailand
Uthai Thani,6 out of 15,40%,2,2,2,10 - 10,8,1.33,thailand
N. Bua Pitchaya,3 out of 15,20%,1,1,1,3 - 3,4,1.33,thailand
Chiangrai Utd,4 out of 15,27%,1,1,2,8 - 8,4,1.00,thailand
Sukhothai,5 out of 15,33%,1,2,2,7 - 9,5,1.00,thailand
Galatasaray,14 out of 18,78%,13,1,0,38 - 10,40,2.86,turkey
Basaksehir,7 out of 18,39%,6,1,0,13 - 5,19,2.71,turkey
Samsunspor,6 out of 18,33%,5,1,0,9 - 2,16,2.67,turkey
Fenerbahce,13 out of 18,72%,10,2,1,41 - 16,32,2.46,turkey
Kasimpasa,6 out of 18,33%,4,2,0,12 - 5,14,2.33,turkey
Besiktas,8 out of 18,44%,5,3,0,15 - 3,18,2.25,turkey
Alanyaspor,6 out of 18,33%,4,1,1,8 - 4,13,2.17,turkey
Konyaspor,6 out of 18,33%,4,0,2,10 - 9,12,2.00,turkey
Bodrumspor,7 out of 18,39%,4,1,2,9 - 8,13,1.86,turkey
Eyupspor,11 out of 18,61%,5,5,1,16 - 10,20,1.82,turkey
Rizespor,7 out of 18,39%,4,0,3,11 - 10,12,1.71,turkey
Kayserispor,8 out of 18,44%,3,4,1,13 - 10,13,1.63,turkey
Trabzonspor,7 out of 18,39%,3,0,4,10 - 11,9,1.29,turkey
Gaziantep,5 out of 18,28%,1,2,2,7 - 8,5,1.00,turkey
Goztepe,9 out of 18,50%,2,3,4,14 - 17,9,1.00,turkey
Antalyaspor,3 out of 18,17%,1,0,2,7 - 11,3,1.00,turkey
Hatayspor,7 out of 18,39%,2,0,5,16 - 18,6,0.86,turkey
Sivasspor,2 out of 18,11%,0,0,2,3 - 5,0,0.00,turkey
Adana Demirspor,2 out of 18,11%,0,0,2,3 - 6,0,0.00,turkey
Racing CM,4 out of 8,50%,4,0,0,7 - 1,12,3.00,uruguay
Boston River,3 out of 7,43%,3,0,0,5 - 1,9,3.00,uruguay
Nacional,5 out of 7,71%,4,1,0,15 - 4,13,2.60,uruguay
Liverpool M.,5 out of 8,62%,4,1,0,8 - 1,13,2.60,uruguay
Penarol,6 out of 8,75%,4,2,0,9 - 3,14,2.33,uruguay
Plaza Colonia,5 out of 8,62%,3,2,0,6 - 3,11,2.20,uruguay
Juventud,5 out of 8,62%,3,1,1,8 - 6,10,2.00,uruguay
Progreso,4 out of 7,57%,2,2,0,7 - 5,8,2.00,uruguay
Defensor S.,5 out of 7,71%,3,1,1,6 - 4,10,2.00,uruguay
Cerro Largo,2 out of 7,29%,1,1,0,3 - 1,4,2.00,uruguay
Montevideo City,3 out of 8,38%,2,0,1,4 - 5,6,2.00,uruguay
Wanderers,3 out of 7,43%,1,1,1,4 - 4,4,1.33,uruguay
Danubio,2 out of 7,29%,0,2,0,3 - 3,2,1.00,uruguay
Cerro,3 out of 8,38%,1,0,2,4 - 5,3,1.00,uruguay
Miramar Misione,4 out of 7,57%,1,0,3,7 - 10,3,0.75,uruguay
River Plate,3 out of 8,38%,0,1,2,5 - 7,1,0.33,uruguay
Portland,3 out of 8,38%,3,0,0,11 - 4,9,3.00,usa
Vancouver,3 out of 7,43%,3,0,0,8 - 2,9,3.00,usa
SJ Earthquakes,3 out of 8,38%,3,0,0,5 - 1,9,3.00,usa
Philadelphia,3 out of 8,38%,3,0,0,5 - 1,9,3.00,usa
Austin,3 out of 9,33%,3,0,0,4 - 0,9,3.00,usa
San Diego,2 out of 7,29%,2,0,0,4 - 1,6,3.00,usa
Dallas,2 out of 9,22%,2,0,0,5 - 3,6,3.00,usa
New York RB,1 out of 8,12%,1,0,0,2 - 0,3,3.00,usa
CF Montreal,1 out of 10,10%,1,0,0,1 - 0,3,3.00,usa
Minnesota Utd,5 out of 9,56%,4,1,0,12 - 6,13,2.60,usa
Cincinnati,4 out of 9,44%,3,1,0,6 - 3,10,2.50,usa
Toronto,3 out of 7,43%,2,1,0,8 - 2,7,2.33,usa
Inter Miami,3 out of 7,43%,2,1,0,8 - 4,7,2.33,usa
DC United,3 out of 8,38%,2,1,0,6 - 4,7,2.33,usa
New England,7 out of 10,70%,4,2,1,12 - 6,14,2.00,usa
Houston Dynamo,4 out of 8,50%,2,2,0,9 - 4,8,2.00,usa
Seattle,4 out of 10,40%,2,2,0,6 - 3,8,2.00,usa
Charlotte,3 out of 9,33%,2,0,1,4 - 2,6,2.00,usa
Los Angeles FC,2 out of 8,25%,1,1,0,4 - 2,4,2.00,usa
Nashville SC,4 out of 7,57%,2,1,1,8 - 6,7,1.75,usa
Chicago Fire,7 out of 10,70%,4,0,3,21 - 13,12,1.71,usa
Real Salt Lake,5 out of 10,50%,2,2,1,8 - 6,8,1.60,usa
Colorado Rapids,4 out of 8,50%,2,0,2,5 - 5,6,1.50,usa
New York City,2 out of 8,25%,1,0,1,4 - 4,3,1.50,usa
Orlando City,3 out of 8,38%,1,1,1,7 - 5,4,1.33,usa
Columbus Crew,3 out of 8,38%,1,1,1,4 - 4,4,1.33,usa
Atlanta Utd,1 out of 7,14%,0,1,0,2 - 2,1,1.00,usa
St. Louis City,4 out of 9,44%,1,1,2,7 - 8,4,1.00,usa
Sporting KC,4 out of 10,40%,1,0,3,8 - 10,3,0.75,usa
LA Galaxy,2 out of 9,22%,0,0,2,3 - 5,0,0.00,usa
FC Tulsa,4 out of 6,67%,4,0,0,8 - 1,12,3.00,usa2
North Carolina,3 out of 6,50%,3,0,0,4 - 0,9,3.00,usa2
Miami FC,2 out of 3,67%,2,0,0,3 - 1,6,3.00,usa2
San Antonio,1 out of 4,25%,1,0,0,2 - 1,3,3.00,usa2
Loudoun Utd,1 out of 6,17%,1,0,0,2 - 1,3,3.00,usa2
Rhode Island,4 out of 7,57%,3,1,0,9 - 2,10,2.50,usa2
Phoenix Rising,4 out of 6,67%,3,1,0,6 - 3,10,2.50,usa2
New Mexico,5 out of 6,83%,4,0,1,11 - 4,12,2.40,usa2
Charleston,3 out of 5,60%,2,1,0,7 - 3,7,2.33,usa2
Indy Eleven,4 out of 5,80%,2,2,0,6 - 3,8,2.00,usa2
Louisville City,4 out of 6,67%,2,2,0,6 - 3,8,2.00,usa2
Monterey Bay,2 out of 7,29%,1,1,0,4 - 1,4,2.00,usa2
Sacramento R.,2 out of 4,50%,1,1,0,3 - 2,4,2.00,usa2
Detroit City,3 out of 8,38%,1,2,0,5 - 3,5,1.67,usa2
Oakland Roots,2 out of 5,40%,1,0,1,4 - 4,3,1.50,usa2
Pittsburgh,2 out of 7,29%,1,0,1,2 - 2,3,1.50,usa2
El Paso,3 out of 7,43%,1,1,1,4 - 5,4,1.33,usa2
Colorado S.,2 out of 8,25%,0,1,1,4 - 5,1,0.50,usa2
Tampa Bay,0 out of 6,0%,0,0,0,0 - 0,0,0,usa2
Las Vegas L.,0 out of 4,0%,0,0,0,0 - 0,0,0,usa2
Orange County,0 out of 4,0%,0,0,0,0 - 0,0,0,usa2
Birmingham L.,0 out of 5,0%,0,0,0,0 - 0,0,0,usa2
Hartford A.,1 out of 5,20%,0,0,1,2 - 4,0,0.00,usa2
Lexington,2 out of 5,40%,0,0,2,2 - 7,0,0.00,usa2
Spokane V.,3 out of 4,75%,3,0,0,7 - 1,9,3.00,usa3
Union Omaha,2 out of 7,29%,2,0,0,4 - 1,6,3.00,usa3
Richmond K.,1 out of 6,17%,1,0,0,4 - 2,3,3.00,usa3
Forward Madison,1 out of 5,20%,1,0,0,2 - 1,3,3.00,usa3
One Knoxville,4 out of 7,57%,3,1,0,5 - 1,10,2.50,usa3
Naples,4 out of 5,80%,2,1,1,6 - 4,7,1.75,usa3
Charlotte I.,2 out of 5,40%,1,0,1,3 - 2,3,1.50,usa3
Chattanooga RW,3 out of 4,75%,1,1,1,5 - 5,4,1.33,usa3
Tormenta,1 out of 2,50%,0,1,0,2 - 2,1,1.00,usa3
Texoma,1 out of 4,25%,0,1,0,1 - 1,1,1.00,usa3
Portland Hearts,2 out of 6,33%,0,1,1,3 - 4,1,0.50,usa3
Alta,2 out of 3,67%,0,1,1,3 - 5,1,0.50,usa3
Westchester SC,2 out of 5,40%,0,1,1,2 - 4,1,0.50,usa3
Greenville,0 out of 3,0%,0,0,0,0 - 0,0,0,usa3
